year,exporter_iso3_code,sector,value,region,country
2002,AGO,Art & Collectibles,14.601329,Africa,Angola
2002,AGO,Base Metals,85.550515,Africa,Angola
2002,AGO,Energy & Minerals,8696452.802458,Africa,Angola
2002,AGO,Industrial Equipment & Technology,7868.255381,Africa,Angola
2002,BDI,Chemical & Pharmaceutical,94.973927,Africa,Burundi
2002,BDI,Industrial Equipment & Technology,2158.100921,Africa,Burundi
2002,BDI,Textile & Apparel Manufacturing,25.459259,Africa,Burundi
2002,BEN,Agricultural & Foods,1130.072602,Africa,Benin
2002,BEN,Art & Collectibles,35.222485,Africa,Benin
2002,BEN,Consumer Goods & Crafts,277.511653,Africa,Benin
2002,BEN,Textile & Apparel Manufacturing,1.724165,Africa,Benin
2002,BFA,Agricultural & Foods,20.453513,Africa,Burkina Faso
2002,BFA,Art & Collectibles,567.023774,Africa,Burkina Faso
2002,BFA,Base Metals,95.547296,Africa,Burkina Faso
2002,BFA,Chemical & Pharmaceutical,4.354345,Africa,Burkina Faso
2002,BFA,Consumer Goods & Crafts,4717.078216,Africa,Burkina Faso
2002,BFA,Industrial Equipment & Technology,42.42711,Africa,Burkina Faso
2002,BFA,Textile & Apparel Manufacturing,264.710684,Africa,Burkina Faso
2002,BWA,Agricultural & Foods,79.809718,Africa,Botswana
2002,BWA,Art & Collectibles,10.534109,Africa,Botswana
2002,BWA,Base Metals,41.821703,Africa,Botswana
2002,BWA,Chemical & Pharmaceutical,11.603446,Africa,Botswana
2002,BWA,Consumer Goods & Crafts,43392.910078,Africa,Botswana
2002,BWA,Textile & Apparel Manufacturing,12455.890241,Africa,Botswana
2002,CAF,Agricultural & Foods,1264.090742,Africa,Central African Republic
2002,CAF,Art & Collectibles,15.772983,Africa,Central African Republic
2002,CAF,Base Metals,7.013488,Africa,Central African Republic
2002,CAF,Consumer Goods & Crafts,3681.631047,Africa,Central African Republic
2002,CAF,Industrial Equipment & Technology,314.034995,Africa,Central African Republic
2002,CAF,Textile & Apparel Manufacturing,55.968648,Africa,Central African Republic
2002,CIV,Agricultural & Foods,572933.042835,Africa,Côte d'Ivoire
2002,CIV,Art & Collectibles,2449.776681,Africa,Côte d'Ivoire
2002,CIV,Base Metals,7307.40498,Africa,Côte d'Ivoire
2002,CIV,Chemical & Pharmaceutical,6023.386229,Africa,Côte d'Ivoire
2002,CIV,Consumer Goods & Crafts,25623.364179,Africa,Côte d'Ivoire
2002,CIV,Energy & Minerals,156931.411606,Africa,Côte d'Ivoire
2002,CIV,Industrial Equipment & Technology,7922.214111,Africa,Côte d'Ivoire
2002,CIV,Textile & Apparel Manufacturing,814.486761,Africa,Côte d'Ivoire
2002,CMR,Agricultural & Foods,29185.596874,Africa,Cameroon
2002,CMR,Art & Collectibles,948.687275,Africa,Cameroon
2002,CMR,Base Metals,404.114525,Africa,Cameroon
2002,CMR,Chemical & Pharmaceutical,6513.156146,Africa,Cameroon
2002,CMR,Consumer Goods & Crafts,20475.415856,Africa,Cameroon
2002,CMR,Energy & Minerals,275353.959204,Africa,Cameroon
2002,CMR,Industrial Equipment & Technology,5242.239528,Africa,Cameroon
2002,CMR,Textile & Apparel Manufacturing,2469.73672,Africa,Cameroon
2002,COD,Agricultural & Foods,4140.923761,Africa,DR Congo
2002,COD,Art & Collectibles,7712.405542,Africa,DR Congo
2002,COD,Base Metals,9043.516878,Africa,DR Congo
2002,COD,Chemical & Pharmaceutical,747.997236,Africa,DR Congo
2002,COD,Consumer Goods & Crafts,70053.092789,Africa,DR Congo
2002,COD,Energy & Minerals,410036.796419,Africa,DR Congo
2002,COD,Industrial Equipment & Technology,636.81561,Africa,DR Congo
2002,COD,Textile & Apparel Manufacturing,69.805288,Africa,DR Congo
2002,COG,Agricultural & Foods,11270.837898,Africa,Congo Republic
2002,COG,Art & Collectibles,1927.17818,Africa,Congo Republic
2002,COG,Chemical & Pharmaceutical,164.093668,Africa,Congo Republic
2002,COG,Consumer Goods & Crafts,46289.947679,Africa,Congo Republic
2002,COG,Energy & Minerals,515107.452527,Africa,Congo Republic
2002,COG,Industrial Equipment & Technology,688.626088,Africa,Congo Republic
2002,COG,Textile & Apparel Manufacturing,24.594758,Africa,Congo Republic
2002,COM,Agricultural & Foods,90.754778,Africa,Comoros
2002,COM,Chemical & Pharmaceutical,83.5853,Africa,Comoros
2002,COM,Consumer Goods & Crafts,66.289312,Africa,Comoros
2002,COM,Industrial Equipment & Technology,9947.768128,Africa,Comoros
2002,CPV,Agricultural & Foods,74.349103,Africa,Cabo Verde
2002,CPV,Chemical & Pharmaceutical,16.580426,Africa,Cabo Verde
2002,CPV,Consumer Goods & Crafts,91.968529,Africa,Cabo Verde
2002,CPV,Industrial Equipment & Technology,44.662025,Africa,Cabo Verde
2002,CPV,Textile & Apparel Manufacturing,2448.665841,Africa,Cabo Verde
2002,DJI,Agricultural & Foods,45.330401,Africa,Djibouti
2002,DJI,Chemical & Pharmaceutical,30.042762,Africa,Djibouti
2002,DJI,Consumer Goods & Crafts,15.470264,Africa,Djibouti
2002,DJI,Industrial Equipment & Technology,214.794995,Africa,Djibouti
2002,DZA,Agricultural & Foods,238.927788,Africa,Algeria
2002,DZA,Art & Collectibles,317.213681,Africa,Algeria
2002,DZA,Base Metals,10763.271141,Africa,Algeria
2002,DZA,Chemical & Pharmaceutical,34736.075166,Africa,Algeria
2002,DZA,Consumer Goods & Crafts,586.754954,Africa,Algeria
2002,DZA,Energy & Minerals,5996620.601688,Africa,Algeria
2002,DZA,Industrial Equipment & Technology,4181.951658,Africa,Algeria
2002,DZA,Textile & Apparel Manufacturing,2.840426,Africa,Algeria
2002,EGY,Agricultural & Foods,30101.651622,Africa,Egypt
2002,EGY,Art & Collectibles,13020.45012,Africa,Egypt
2002,EGY,Base Metals,192958.769923,Africa,Egypt
2002,EGY,Chemical & Pharmaceutical,28731.747685,Africa,Egypt
2002,EGY,Consumer Goods & Crafts,57558.941101,Africa,Egypt
2002,EGY,Energy & Minerals,408000.525,Africa,Egypt
2002,EGY,Industrial Equipment & Technology,11708.145517,Africa,Egypt
2002,EGY,Textile & Apparel Manufacturing,866193.503135,Africa,Egypt
2002,ERI,Art & Collectibles,,Africa,Eritrea
2002,ERI,Chemical & Pharmaceutical,,Africa,Eritrea
2002,ERI,Consumer Goods & Crafts,,Africa,Eritrea
2002,ERI,Industrial Equipment & Technology,,Africa,Eritrea
2002,ERI,Textile & Apparel Manufacturing,,Africa,Eritrea
2002,ETH,Agricultural & Foods,37954.797198,Africa,Ethiopia
2002,ETH,Art & Collectibles,25.662087,Africa,Ethiopia
2002,ETH,Base Metals,18.963037,Africa,Ethiopia
2002,ETH,Chemical & Pharmaceutical,23.866408,Africa,Ethiopia
2002,ETH,Consumer Goods & Crafts,1857.785585,Africa,Ethiopia
2002,ETH,Industrial Equipment & Technology,29259.079889,Africa,Ethiopia
2002,ETH,Textile & Apparel Manufacturing,3914.107667,Africa,Ethiopia
2002,GAB,Agricultural & Foods,1542.047823,Africa,Gabon
2002,GAB,Art & Collectibles,4089.270622,Africa,Gabon
2002,GAB,Base Metals,15.932059,Africa,Gabon
2002,GAB,Consumer Goods & Crafts,16307.131029,Africa,Gabon
2002,GAB,Energy & Minerals,3786897.896467,Africa,Gabon
2002,GAB,Industrial Equipment & Technology,200.26637,Africa,Gabon
2002,GAB,Textile & Apparel Manufacturing,828.814755,Africa,Gabon
2002,GHA,Agricultural & Foods,47847.533877,Africa,Ghana
2002,GHA,Art & Collectibles,438.420087,Africa,Ghana
2002,GHA,Base Metals,24564.405169,Africa,Ghana
2002,GHA,Chemical & Pharmaceutical,1485.45198,Africa,Ghana
2002,GHA,Consumer Goods & Crafts,80834.241752,Africa,Ghana
2002,GHA,Energy & Minerals,44485.572535,Africa,Ghana
2002,GHA,Industrial Equipment & Technology,702.97414,Africa,Ghana
2002,GHA,Textile & Apparel Manufacturing,1119.92279,Africa,Ghana
2002,GIN,Agricultural & Foods,603.642797,Africa,Guinea
2002,GIN,Art & Collectibles,88.679791,Africa,Guinea
2002,GIN,Base Metals,157.412225,Africa,Guinea
2002,GIN,Chemical & Pharmaceutical,335.223823,Africa,Guinea
2002,GIN,Consumer Goods & Crafts,43411.249298,Africa,Guinea
2002,GIN,Energy & Minerals,135703.511416,Africa,Guinea
2002,GIN,Industrial Equipment & Technology,2623.800038,Africa,Guinea
2002,GIN,Textile & Apparel Manufacturing,146.672511,Africa,Guinea
2002,GMB,Agricultural & Foods,10.470041,Africa,Gambia
2002,GMB,Chemical & Pharmaceutical,71.224754,Africa,Gambia
2002,GMB,Consumer Goods & Crafts,53.597155,Africa,Gambia
2002,GMB,Industrial Equipment & Technology,220.722505,Africa,Gambia
2002,GMB,Textile & Apparel Manufacturing,55.1873,Africa,Gambia
2002,GNB,Agricultural & Foods,63.581991,Africa,Guinea-Bissau
2002,GNB,Industrial Equipment & Technology,17.490965,Africa,Guinea-Bissau
2002,GNQ,Agricultural & Foods,40.413283,Africa,Equatorial Guinea
2002,GNQ,Art & Collectibles,2148.663048,Africa,Equatorial Guinea
2002,GNQ,Chemical & Pharmaceutical,242620.116973,Africa,Equatorial Guinea
2002,GNQ,Consumer Goods & Crafts,229.361249,Africa,Equatorial Guinea
2002,GNQ,Energy & Minerals,1827377.535318,Africa,Equatorial Guinea
2002,GNQ,Industrial Equipment & Technology,224.831702,Africa,Equatorial Guinea
2002,KEN,Agricultural & Foods,18182.108285,Africa,Kenya
2002,KEN,Art & Collectibles,858.66527,Africa,Kenya
2002,KEN,Base Metals,5862.687516,Africa,Kenya
2002,KEN,Chemical & Pharmaceutical,12751.743397,Africa,Kenya
2002,KEN,Consumer Goods & Crafts,16092.046927,Africa,Kenya
2002,KEN,Energy & Minerals,0.127135,Africa,Kenya
2002,KEN,Industrial Equipment & Technology,66176.681233,Africa,Kenya
2002,KEN,Textile & Apparel Manufacturing,318661.022038,Africa,Kenya
2002,LBR,Agricultural & Foods,205.222982,Africa,Liberia
2002,LBR,Art & Collectibles,1556.090777,Africa,Liberia
2002,LBR,Base Metals,96.420507,Africa,Liberia
2002,LBR,Chemical & Pharmaceutical,135535.436296,Africa,Liberia
2002,LBR,Consumer Goods & Crafts,954.310933,Africa,Liberia
2002,LBR,Industrial Equipment & Technology,1599.400588,Africa,Liberia
2002,LBR,Textile & Apparel Manufacturing,64.51799,Africa,Liberia
2002,LSO,Chemical & Pharmaceutical,560.282368,Africa,Lesotho
2002,LSO,Textile & Apparel Manufacturing,649210.342642,Africa,Lesotho
2002,MAR,Agricultural & Foods,88191.239074,Africa,Morocco
2002,MAR,Art & Collectibles,1663.764948,Africa,Morocco
2002,MAR,Base Metals,47101.807874,Africa,Morocco
2002,MAR,Chemical & Pharmaceutical,13741.401004,Africa,Morocco
2002,MAR,Consumer Goods & Crafts,27388.203945,Africa,Morocco
2002,MAR,Energy & Minerals,198354.714554,Africa,Morocco
2002,MAR,Industrial Equipment & Technology,171550.782225,Africa,Morocco
2002,MAR,Textile & Apparel Manufacturing,133600.835751,Africa,Morocco
2002,MDG,Agricultural & Foods,10038.266243,Africa,Madagascar
2002,MDG,Art & Collectibles,252.37018,Africa,Madagascar
2002,MDG,Base Metals,463.114439,Africa,Madagascar
2002,MDG,Chemical & Pharmaceutical,383.68999,Africa,Madagascar
2002,MDG,Consumer Goods & Crafts,3070.16833,Africa,Madagascar
2002,MDG,Energy & Minerals,2117.427445,Africa,Madagascar
2002,MDG,Industrial Equipment & Technology,188845.975456,Africa,Madagascar
2002,MDG,Textile & Apparel Manufacturing,158212.370258,Africa,Madagascar
2002,MLI,Agricultural & Foods,494.857919,Africa,Mali
2002,MLI,Art & Collectibles,1916.544192,Africa,Mali
2002,MLI,Base Metals,17.850316,Africa,Mali
2002,MLI,Chemical & Pharmaceutical,16.861572,Africa,Mali
2002,MLI,Consumer Goods & Crafts,1101.631546,Africa,Mali
2002,MLI,Industrial Equipment & Technology,1550.266287,Africa,Mali
2002,MLI,Textile & Apparel Manufacturing,378.895817,Africa,Mali
2002,MOZ,Agricultural & Foods,7606.945811,Africa,Mozambique
2002,MOZ,Art & Collectibles,44.710042,Africa,Mozambique
2002,MOZ,Base Metals,1083.812312,Africa,Mozambique
2002,MOZ,Chemical & Pharmaceutical,1115.10288,Africa,Mozambique
2002,MOZ,Consumer Goods & Crafts,223.712345,Africa,Mozambique
2002,MOZ,Energy & Minerals,1072.688553,Africa,Mozambique
2002,MOZ,Industrial Equipment & Technology,349.914385,Africa,Mozambique
2002,MOZ,Textile & Apparel Manufacturing,652.620933,Africa,Mozambique
2002,MRT,Base Metals,37.06058,Africa,Mauritania
2002,MRT,Chemical & Pharmaceutical,327.920171,Africa,Mauritania
2002,MRT,Industrial Equipment & Technology,453.316661,Africa,Mauritania
2002,MRT,Textile & Apparel Manufacturing,1075.365328,Africa,Mauritania
2002,MUS,Agricultural & Foods,14851.879332,Africa,Mauritius
2002,MUS,Art & Collectibles,12.431028,Africa,Mauritius
2002,MUS,Base Metals,527.781479,Africa,Mauritius
2002,MUS,Chemical & Pharmaceutical,12951.119864,Africa,Mauritius
2002,MUS,Consumer Goods & Crafts,14199.282961,Africa,Mauritius
2002,MUS,Energy & Minerals,25.573616,Africa,Mauritius
2002,MUS,Industrial Equipment & Technology,8231.988361,Africa,Mauritius
2002,MUS,Textile & Apparel Manufacturing,441669.422875,Africa,Mauritius
2002,MWI,Agricultural & Foods,48625.423471,Africa,Malawi
2002,MWI,Base Metals,727.203249,Africa,Malawi
2002,MWI,Chemical & Pharmaceutical,35.71483,Africa,Malawi
2002,MWI,Consumer Goods & Crafts,62.684748,Africa,Malawi
2002,MWI,Industrial Equipment & Technology,10386.684913,Africa,Malawi
2002,MWI,Textile & Apparel Manufacturing,11094.437542,Africa,Malawi
2002,NAM,Agricultural & Foods,91.662706,Africa,Namibia
2002,NAM,Art & Collectibles,60.03627,Africa,Namibia
2002,NAM,Base Metals,23488.814735,Africa,Namibia
2002,NAM,Chemical & Pharmaceutical,14462.882938,Africa,Namibia
2002,NAM,Consumer Goods & Crafts,1488.240351,Africa,Namibia
2002,NAM,Energy & Minerals,64058.546286,Africa,Namibia
2002,NAM,Industrial Equipment & Technology,502.406376,Africa,Namibia
2002,NAM,Textile & Apparel Manufacturing,14728.02959,Africa,Namibia
2002,NER,Agricultural & Foods,16966.715482,Africa,Niger
2002,NER,Art & Collectibles,406.878679,Africa,Niger
2002,NER,Base Metals,0.252257,Africa,Niger
2002,NER,Chemical & Pharmaceutical,364.040099,Africa,Niger
2002,NER,Consumer Goods & Crafts,152.646792,Africa,Niger
2002,NER,Energy & Minerals,16.441727,Africa,Niger
2002,NER,Industrial Equipment & Technology,1080.566041,Africa,Niger
2002,NER,Textile & Apparel Manufacturing,12338.590156,Africa,Niger
2002,NGA,Agricultural & Foods,9777.380621,Africa,Nigeria
2002,NGA,Art & Collectibles,1278.850263,Africa,Nigeria
2002,NGA,Base Metals,129.205085,Africa,Nigeria
2002,NGA,Chemical & Pharmaceutical,1683.911625,Africa,Nigeria
2002,NGA,Consumer Goods & Crafts,1732.613294,Africa,Nigeria
2002,NGA,Energy & Minerals,4442022.601554,Africa,Nigeria
2002,NGA,Industrial Equipment & Technology,1782.494515,Africa,Nigeria
2002,NGA,Textile & Apparel Manufacturing,243.086823,Africa,Nigeria
2002,RWA,Art & Collectibles,7.171919,Africa,Rwanda
2002,RWA,Base Metals,47.213673,Africa,Rwanda
2002,RWA,Consumer Goods & Crafts,58.257376,Africa,Rwanda
2002,RWA,Energy & Minerals,1718.937173,Africa,Rwanda
2002,RWA,Industrial Equipment & Technology,3992.675773,Africa,Rwanda
2002,RWA,Textile & Apparel Manufacturing,4.624047,Africa,Rwanda
2002,SDN,Agricultural & Foods,3148.485965,Africa,Sudan
2002,SDN,Industrial Equipment & Technology,94.370759,Africa,Sudan
2002,SEN,Agricultural & Foods,203.870689,Africa,Senegal
2002,SEN,Art & Collectibles,92.483793,Africa,Senegal
2002,SEN,Chemical & Pharmaceutical,1871.385371,Africa,Senegal
2002,SEN,Consumer Goods & Crafts,507.564604,Africa,Senegal
2002,SEN,Industrial Equipment & Technology,618.507517,Africa,Senegal
2002,SEN,Textile & Apparel Manufacturing,2487.009735,Africa,Senegal
2002,SLE,Agricultural & Foods,678.722534,Africa,Sierra Leone
2002,SLE,Art & Collectibles,24.63618,Africa,Sierra Leone
2002,SLE,Base Metals,148.402725,Africa,Sierra Leone
2002,SLE,Chemical & Pharmaceutical,510.090491,Africa,Sierra Leone
2002,SLE,Consumer Goods & Crafts,2166.658281,Africa,Sierra Leone
2002,SLE,Energy & Minerals,52.091791,Africa,Sierra Leone
2002,SLE,Industrial Equipment & Technology,318.152927,Africa,Sierra Leone
2002,SLE,Textile & Apparel Manufacturing,747.671459,Africa,Sierra Leone
2002,SOM,Agricultural & Foods,,Africa,Somalia
2002,SOM,Chemical & Pharmaceutical,,Africa,Somalia
2002,SOM,Consumer Goods & Crafts,,Africa,Somalia
2002,SOM,Energy & Minerals,,Africa,Somalia
2002,SOM,Industrial Equipment & Technology,,Africa,Somalia
2002,SOM,Textile & Apparel Manufacturing,,Africa,Somalia
2002,STP,Art & Collectibles,14.376948,Africa,Sao Tome and Principe
2002,STP,Chemical & Pharmaceutical,57.536002,Africa,Sao Tome and Principe
2002,STP,Consumer Goods & Crafts,1581.459609,Africa,Sao Tome and Principe
2002,STP,Industrial Equipment & Technology,273.735591,Africa,Sao Tome and Principe
2002,STP,Textile & Apparel Manufacturing,12.176683,Africa,Sao Tome and Principe
2002,SWZ,Agricultural & Foods,14845.881051,Africa,Eswatini
2002,SWZ,Art & Collectibles,4.464683,Africa,Eswatini
2002,SWZ,Base Metals,137.259927,Africa,Eswatini
2002,SWZ,Chemical & Pharmaceutical,1754.995033,Africa,Eswatini
2002,SWZ,Consumer Goods & Crafts,18254.201406,Africa,Eswatini
2002,SWZ,Industrial Equipment & Technology,14697.130382,Africa,Eswatini
2002,SWZ,Textile & Apparel Manufacturing,173394.934077,Africa,Eswatini
2002,SYC,Agricultural & Foods,50.662366,Africa,Seychelles
2002,SYC,Base Metals,26.032687,Africa,Seychelles
2002,SYC,Chemical & Pharmaceutical,29220.107025,Africa,Seychelles
2002,SYC,Consumer Goods & Crafts,68.802442,Africa,Seychelles
2002,SYC,Energy & Minerals,292.71299,Africa,Seychelles
2002,SYC,Industrial Equipment & Technology,4856.038415,Africa,Seychelles
2002,SYC,Textile & Apparel Manufacturing,1.057758,Africa,Seychelles
2002,TCD,Agricultural & Foods,13603.580327,Africa,Chad
2002,TCD,Consumer Goods & Crafts,84.46861,Africa,Chad
2002,TCD,Energy & Minerals,51.221665,Africa,Chad
2002,TCD,Industrial Equipment & Technology,147.212531,Africa,Chad
2002,TGO,Agricultural & Foods,3394.990559,Africa,Togo
2002,TGO,Art & Collectibles,104.302589,Africa,Togo
2002,TGO,Base Metals,7.729117,Africa,Togo
2002,TGO,Chemical & Pharmaceutical,163.045715,Africa,Togo
2002,TGO,Consumer Goods & Crafts,31.853162,Africa,Togo
2002,TGO,Industrial Equipment & Technology,126.314009,Africa,Togo
2002,TGO,Textile & Apparel Manufacturing,485.819147,Africa,Togo
2002,TUN,Agricultural & Foods,4368.769506,Africa,Tunisia
2002,TUN,Art & Collectibles,507.367259,Africa,Tunisia
2002,TUN,Base Metals,1223.70248,Africa,Tunisia
2002,TUN,Chemical & Pharmaceutical,5066.949956,Africa,Tunisia
2002,TUN,Consumer Goods & Crafts,13405.229975,Africa,Tunisia
2002,TUN,Energy & Minerals,36647.758553,Africa,Tunisia
2002,TUN,Industrial Equipment & Technology,13609.168855,Africa,Tunisia
2002,TUN,Textile & Apparel Manufacturing,61193.321264,Africa,Tunisia
2002,TZA,Agricultural & Foods,7966.961209,Africa,Tanzania
2002,TZA,Art & Collectibles,222.206383,Africa,Tanzania
2002,TZA,Base Metals,1564.449302,Africa,Tanzania
2002,TZA,Chemical & Pharmaceutical,8820.74859,Africa,Tanzania
2002,TZA,Consumer Goods & Crafts,14652.029095,Africa,Tanzania
2002,TZA,Industrial Equipment & Technology,2940.561958,Africa,Tanzania
2002,TZA,Textile & Apparel Manufacturing,1867.105874,Africa,Tanzania
2002,UGA,Agricultural & Foods,467.024663,Africa,Uganda
2002,UGA,Art & Collectibles,141.205733,Africa,Uganda
2002,UGA,Base Metals,1252.948773,Africa,Uganda
2002,UGA,Chemical & Pharmaceutical,10912.260432,Africa,Uganda
2002,UGA,Consumer Goods & Crafts,261.481486,Africa,Uganda
2002,UGA,Energy & Minerals,388.944381,Africa,Uganda
2002,UGA,Industrial Equipment & Technology,21208.84698,Africa,Uganda
2002,UGA,Textile & Apparel Manufacturing,307.152722,Africa,Uganda
2002,ZAF,Agricultural & Foods,199452.747447,Africa,South Africa
2002,ZAF,Art & Collectibles,10989.128172,Africa,South Africa
2002,ZAF,Base Metals,1202802.948705,Africa,South Africa
2002,ZAF,Chemical & Pharmaceutical,533845.519211,Africa,South Africa
2002,ZAF,Consumer Goods & Crafts,3655093.513564,Africa,South Africa
2002,ZAF,Energy & Minerals,1078173.567443,Africa,South Africa
2002,ZAF,Industrial Equipment & Technology,1947538.130908,Africa,South Africa
2002,ZAF,Textile & Apparel Manufacturing,587261.329583,Africa,South Africa
2002,ZMB,Agricultural & Foods,100.048658,Africa,Zambia
2002,ZMB,Art & Collectibles,309.343079,Africa,Zambia
2002,ZMB,Base Metals,12076.53014,Africa,Zambia
2002,ZMB,Chemical & Pharmaceutical,3391.092932,Africa,Zambia
2002,ZMB,Consumer Goods & Crafts,6085.334588,Africa,Zambia
2002,ZMB,Energy & Minerals,125.462647,Africa,Zambia
2002,ZMB,Industrial Equipment & Technology,3248.486402,Africa,Zambia
2002,ZMB,Textile & Apparel Manufacturing,2805.956304,Africa,Zambia
2002,ZWE,Agricultural & Foods,86847.27045,Africa,Zimbabwe
2002,ZWE,Art & Collectibles,1669.87238,Africa,Zimbabwe
2002,ZWE,Base Metals,44426.198946,Africa,Zimbabwe
2002,ZWE,Chemical & Pharmaceutical,578.988098,Africa,Zimbabwe
2002,ZWE,Consumer Goods & Crafts,103756.321457,Africa,Zimbabwe
2002,ZWE,Energy & Minerals,9737.565897,Africa,Zimbabwe
2002,ZWE,Industrial Equipment & Technology,3487.406053,Africa,Zimbabwe
2002,ZWE,Textile & Apparel Manufacturing,22683.187242,Africa,Zimbabwe
2003,AGO,Art & Collectibles,175.094847,Africa,Angola
2003,AGO,Base Metals,19.40874,Africa,Angola
2003,AGO,Consumer Goods & Crafts,48352.745906,Africa,Angola
2003,AGO,Energy & Minerals,10481092.787614,Africa,Angola
2003,AGO,Industrial Equipment & Technology,1204.216349,Africa,Angola
2003,AGO,Textile & Apparel Manufacturing,5.644223,Africa,Angola
2003,BDI,Agricultural & Foods,38.451298,Africa,Burundi
2003,BDI,Chemical & Pharmaceutical,82.841734,Africa,Burundi
2003,BDI,Consumer Goods & Crafts,5.46707,Africa,Burundi
2003,BDI,Industrial Equipment & Technology,20646.592627,Africa,Burundi
2003,BDI,Textile & Apparel Manufacturing,3.626638,Africa,Burundi
2003,BEN,Agricultural & Foods,538.918658,Africa,Benin
2003,BEN,Art & Collectibles,43.317873,Africa,Benin
2003,BEN,Base Metals,6.513295,Africa,Benin
2003,BEN,Consumer Goods & Crafts,156.035054,Africa,Benin
2003,BEN,Textile & Apparel Manufacturing,270.801395,Africa,Benin
2003,BFA,Agricultural & Foods,314.846084,Africa,Burkina Faso
2003,BFA,Art & Collectibles,384.6008,Africa,Burkina Faso
2003,BFA,Base Metals,261.417718,Africa,Burkina Faso
2003,BFA,Chemical & Pharmaceutical,68.735877,Africa,Burkina Faso
2003,BFA,Consumer Goods & Crafts,166.354916,Africa,Burkina Faso
2003,BFA,Industrial Equipment & Technology,300.155195,Africa,Burkina Faso
2003,BFA,Textile & Apparel Manufacturing,31.281505,Africa,Burkina Faso
2003,BWA,Agricultural & Foods,20.207196,Africa,Botswana
2003,BWA,Art & Collectibles,10.103598,Africa,Botswana
2003,BWA,Chemical & Pharmaceutical,7.724922,Africa,Botswana
2003,BWA,Consumer Goods & Crafts,8785.118897,Africa,Botswana
2003,BWA,Industrial Equipment & Technology,106.924935,Africa,Botswana
2003,BWA,Textile & Apparel Manufacturing,11257.332213,Africa,Botswana
2003,CAF,Agricultural & Foods,176.791897,Africa,Central African Republic
2003,CAF,Art & Collectibles,232.209237,Africa,Central African Republic
2003,CAF,Chemical & Pharmaceutical,1.485865,Africa,Central African Republic
2003,CAF,Consumer Goods & Crafts,2196.628968,Africa,Central African Republic
2003,CAF,Industrial Equipment & Technology,1440.725009,Africa,Central African Republic
2003,CAF,Textile & Apparel Manufacturing,5.175582,Africa,Central African Republic
2003,CIV,Agricultural & Foods,647400.12217,Africa,Côte d'Ivoire
2003,CIV,Art & Collectibles,3276.988811,Africa,Côte d'Ivoire
2003,CIV,Base Metals,6120.687948,Africa,Côte d'Ivoire
2003,CIV,Chemical & Pharmaceutical,4519.910984,Africa,Côte d'Ivoire
2003,CIV,Consumer Goods & Crafts,19590.064417,Africa,Côte d'Ivoire
2003,CIV,Energy & Minerals,95424.570699,Africa,Côte d'Ivoire
2003,CIV,Industrial Equipment & Technology,5948.465074,Africa,Côte d'Ivoire
2003,CIV,Textile & Apparel Manufacturing,1296.227273,Africa,Côte d'Ivoire
2003,CMR,Agricultural & Foods,30679.441626,Africa,Cameroon
2003,CMR,Art & Collectibles,1352.848606,Africa,Cameroon
2003,CMR,Base Metals,376.668595,Africa,Cameroon
2003,CMR,Chemical & Pharmaceutical,8690.993983,Africa,Cameroon
2003,CMR,Consumer Goods & Crafts,19807.672886,Africa,Cameroon
2003,CMR,Energy & Minerals,269268.916899,Africa,Cameroon
2003,CMR,Industrial Equipment & Technology,6353.414729,Africa,Cameroon
2003,CMR,Textile & Apparel Manufacturing,670.264908,Africa,Cameroon
2003,COD,Agricultural & Foods,5421.873269,Africa,DR Congo
2003,COD,Art & Collectibles,11052.031388,Africa,DR Congo
2003,COD,Base Metals,5903.915298,Africa,DR Congo
2003,COD,Chemical & Pharmaceutical,842.375707,Africa,DR Congo
2003,COD,Consumer Goods & Crafts,81491.819157,Africa,DR Congo
2003,COD,Energy & Minerals,343833.887203,Africa,DR Congo
2003,COD,Industrial Equipment & Technology,1571.576628,Africa,DR Congo
2003,COD,Textile & Apparel Manufacturing,38.215533,Africa,DR Congo
2003,COG,Agricultural & Foods,12742.920525,Africa,Congo Republic
2003,COG,Art & Collectibles,2897.649057,Africa,Congo Republic
2003,COG,Base Metals,1229.974738,Africa,Congo Republic
2003,COG,Chemical & Pharmaceutical,939.085103,Africa,Congo Republic
2003,COG,Consumer Goods & Crafts,31339.053983,Africa,Congo Republic
2003,COG,Energy & Minerals,1136695.687535,Africa,Congo Republic
2003,COG,Industrial Equipment & Technology,895.998753,Africa,Congo Republic
2003,COG,Textile & Apparel Manufacturing,2.414423,Africa,Congo Republic
2003,COM,Agricultural & Foods,26.978642,Africa,Comoros
2003,COM,Chemical & Pharmaceutical,160.07428,Africa,Comoros
2003,COM,Industrial Equipment & Technology,5982.80747,Africa,Comoros
2003,CPV,Agricultural & Foods,156.122938,Africa,Cabo Verde
2003,CPV,Consumer Goods & Crafts,12.399623,Africa,Cabo Verde
2003,CPV,Industrial Equipment & Technology,1165.828634,Africa,Cabo Verde
2003,CPV,Textile & Apparel Manufacturing,3616.985283,Africa,Cabo Verde
2003,DJI,Agricultural & Foods,213.163848,Africa,Djibouti
2003,DJI,Art & Collectibles,5.671788,Africa,Djibouti
2003,DJI,Industrial Equipment & Technology,60.980919,Africa,Djibouti
2003,DZA,Agricultural & Foods,127.818477,Africa,Algeria
2003,DZA,Art & Collectibles,384.374615,Africa,Algeria
2003,DZA,Base Metals,1049.670999,Africa,Algeria
2003,DZA,Chemical & Pharmaceutical,56516.845681,Africa,Algeria
2003,DZA,Consumer Goods & Crafts,11.620051,Africa,Algeria
2003,DZA,Energy & Minerals,10426008.508718,Africa,Algeria
2003,DZA,Industrial Equipment & Technology,4383.75858,Africa,Algeria
2003,EGY,Agricultural & Foods,31463.786149,Africa,Egypt
2003,EGY,Art & Collectibles,21641.657455,Africa,Egypt
2003,EGY,Base Metals,168801.704693,Africa,Egypt
2003,EGY,Chemical & Pharmaceutical,106890.113761,Africa,Egypt
2003,EGY,Consumer Goods & Crafts,68903.464838,Africa,Egypt
2003,EGY,Energy & Minerals,426872.606863,Africa,Egypt
2003,EGY,Industrial Equipment & Technology,44096.919193,Africa,Egypt
2003,EGY,Textile & Apparel Manufacturing,1082392.727351,Africa,Egypt
2003,ERI,Agricultural & Foods,,Africa,Eritrea
2003,ERI,Art & Collectibles,,Africa,Eritrea
2003,ERI,Chemical & Pharmaceutical,,Africa,Eritrea
2003,ERI,Consumer Goods & Crafts,,Africa,Eritrea
2003,ERI,Industrial Equipment & Technology,,Africa,Eritrea
2003,ERI,Textile & Apparel Manufacturing,,Africa,Eritrea
2003,ETH,Agricultural & Foods,39816.354835,Africa,Ethiopia
2003,ETH,Art & Collectibles,166.635893,Africa,Ethiopia
2003,ETH,Base Metals,36.115502,Africa,Ethiopia
2003,ETH,Chemical & Pharmaceutical,48.742435,Africa,Ethiopia
2003,ETH,Consumer Goods & Crafts,300.105045,Africa,Ethiopia
2003,ETH,Energy & Minerals,29.413325,Africa,Ethiopia
2003,ETH,Industrial Equipment & Technology,34680.226297,Africa,Ethiopia
2003,ETH,Textile & Apparel Manufacturing,4771.296847,Africa,Ethiopia
2003,GAB,Agricultural & Foods,238.686338,Africa,Gabon
2003,GAB,Art & Collectibles,4530.570915,Africa,Gabon
2003,GAB,Consumer Goods & Crafts,15290.253845,Africa,Gabon
2003,GAB,Energy & Minerals,3973366.229428,Africa,Gabon
2003,GAB,Industrial Equipment & Technology,190.642105,Africa,Gabon
2003,GHA,Agricultural & Foods,14704.088696,Africa,Ghana
2003,GHA,Art & Collectibles,464.661579,Africa,Ghana
2003,GHA,Base Metals,1455.728545,Africa,Ghana
2003,GHA,Chemical & Pharmaceutical,826.525415,Africa,Ghana
2003,GHA,Consumer Goods & Crafts,59348.371869,Africa,Ghana
2003,GHA,Energy & Minerals,43648.033428,Africa,Ghana
2003,GHA,Industrial Equipment & Technology,221.196063,Africa,Ghana
2003,GHA,Textile & Apparel Manufacturing,6851.85255,Africa,Ghana
2003,GIN,Agricultural & Foods,176.443366,Africa,Guinea
2003,GIN,Art & Collectibles,385.41789,Africa,Guinea
2003,GIN,Base Metals,436.209121,Africa,Guinea
2003,GIN,Chemical & Pharmaceutical,115.362596,Africa,Guinea
2003,GIN,Consumer Goods & Crafts,18264.161802,Africa,Guinea
2003,GIN,Energy & Minerals,139862.605144,Africa,Guinea
2003,GIN,Industrial Equipment & Technology,1939.787259,Africa,Guinea
2003,GIN,Textile & Apparel Manufacturing,172.372554,Africa,Guinea
2003,GMB,Chemical & Pharmaceutical,6.672526,Africa,Gambia
2003,GMB,Consumer Goods & Crafts,90.730916,Africa,Gambia
2003,GMB,Industrial Equipment & Technology,75.141677,Africa,Gambia
2003,GMB,Textile & Apparel Manufacturing,58.521827,Africa,Gambia
2003,GNB,Agricultural & Foods,13.045714,Africa,Guinea-Bissau
2003,GNB,Base Metals,91.152787,Africa,Guinea-Bissau
2003,GNB,Energy & Minerals,3534.814575,Africa,Guinea-Bissau
2003,GNQ,Agricultural & Foods,44.98635,Africa,Equatorial Guinea
2003,GNQ,Chemical & Pharmaceutical,261634.41687,Africa,Equatorial Guinea
2003,GNQ,Consumer Goods & Crafts,1770.710577,Africa,Equatorial Guinea
2003,GNQ,Energy & Minerals,2112202.513406,Africa,Equatorial Guinea
2003,GNQ,Industrial Equipment & Technology,1728.36507,Africa,Equatorial Guinea
2003,KEN,Agricultural & Foods,26332.808661,Africa,Kenya
2003,KEN,Art & Collectibles,675.555883,Africa,Kenya
2003,KEN,Base Metals,13081.556022,Africa,Kenya
2003,KEN,Chemical & Pharmaceutical,6754.358471,Africa,Kenya
2003,KEN,Consumer Goods & Crafts,11028.065648,Africa,Kenya
2003,KEN,Energy & Minerals,815.715744,Africa,Kenya
2003,KEN,Industrial Equipment & Technology,58824.430813,Africa,Kenya
2003,KEN,Textile & Apparel Manufacturing,390290.988721,Africa,Kenya
2003,LBR,Agricultural & Foods,133.210162,Africa,Liberia
2003,LBR,Art & Collectibles,473.346812,Africa,Liberia
2003,LBR,Base Metals,521.993035,Africa,Liberia
2003,LBR,Chemical & Pharmaceutical,163381.297991,Africa,Liberia
2003,LBR,Consumer Goods & Crafts,2168.006121,Africa,Liberia
2003,LBR,Energy & Minerals,7041.973571,Africa,Liberia
2003,LBR,Industrial Equipment & Technology,431.153804,Africa,Liberia
2003,LBR,Textile & Apparel Manufacturing,35.889475,Africa,Liberia
2003,LSO,Chemical & Pharmaceutical,473.210399,Africa,Lesotho
2003,LSO,Consumer Goods & Crafts,55.107338,Africa,Lesotho
2003,LSO,Industrial Equipment & Technology,11.651781,Africa,Lesotho
2003,LSO,Textile & Apparel Manufacturing,563932.214668,Africa,Lesotho
2003,MAR,Agricultural & Foods,77324.252558,Africa,Morocco
2003,MAR,Art & Collectibles,1411.71988,Africa,Morocco
2003,MAR,Base Metals,52519.690359,Africa,Morocco
2003,MAR,Chemical & Pharmaceutical,10305.696166,Africa,Morocco
2003,MAR,Consumer Goods & Crafts,26716.376399,Africa,Morocco
2003,MAR,Energy & Minerals,183790.656212,Africa,Morocco
2003,MAR,Industrial Equipment & Technology,137365.60633,Africa,Morocco
2003,MAR,Textile & Apparel Manufacturing,113971.178152,Africa,Morocco
2003,MDG,Agricultural & Foods,2599.155044,Africa,Madagascar
2003,MDG,Art & Collectibles,268.447103,Africa,Madagascar
2003,MDG,Base Metals,461.457983,Africa,Madagascar
2003,MDG,Chemical & Pharmaceutical,1705.253698,Africa,Madagascar
2003,MDG,Consumer Goods & Crafts,3468.457622,Africa,Madagascar
2003,MDG,Energy & Minerals,1798.293694,Africa,Madagascar
2003,MDG,Industrial Equipment & Technology,248083.146592,Africa,Madagascar
2003,MDG,Textile & Apparel Manufacturing,306725.913734,Africa,Madagascar
2003,MLI,Agricultural & Foods,366.242531,Africa,Mali
2003,MLI,Art & Collectibles,736.020808,Africa,Mali
2003,MLI,Base Metals,204.251908,Africa,Mali
2003,MLI,Chemical & Pharmaceutical,6.122825,Africa,Mali
2003,MLI,Consumer Goods & Crafts,1111.497451,Africa,Mali
2003,MLI,Energy & Minerals,5.927573,Africa,Mali
2003,MLI,Industrial Equipment & Technology,1789.47558,Africa,Mali
2003,MLI,Textile & Apparel Manufacturing,413.599449,Africa,Mali
2003,MOZ,Agricultural & Foods,7056.639388,Africa,Mozambique
2003,MOZ,Art & Collectibles,52.778017,Africa,Mozambique
2003,MOZ,Base Metals,197.768691,Africa,Mozambique
2003,MOZ,Chemical & Pharmaceutical,59.738344,Africa,Mozambique
2003,MOZ,Consumer Goods & Crafts,175.463309,Africa,Mozambique
2003,MOZ,Energy & Minerals,1286.52978,Africa,Mozambique
2003,MOZ,Industrial Equipment & Technology,290.774959,Africa,Mozambique
2003,MOZ,Textile & Apparel Manufacturing,3543.084058,Africa,Mozambique
2003,MRT,Agricultural & Foods,25.696618,Africa,Mauritania
2003,MRT,Art & Collectibles,10.268726,Africa,Mauritania
2003,MRT,Chemical & Pharmaceutical,1207.966526,Africa,Mauritania
2003,MRT,Consumer Goods & Crafts,0.644896,Africa,Mauritania
2003,MRT,Energy & Minerals,7.892082,Africa,Mauritania
2003,MRT,Industrial Equipment & Technology,313.816225,Africa,Mauritania
2003,MRT,Textile & Apparel Manufacturing,208.26978,Africa,Mauritania
2003,MUS,Agricultural & Foods,11729.829084,Africa,Mauritius
2003,MUS,Art & Collectibles,0.133791,Africa,Mauritius
2003,MUS,Base Metals,622.76801,Africa,Mauritius
2003,MUS,Chemical & Pharmaceutical,11396.813376,Africa,Mauritius
2003,MUS,Consumer Goods & Crafts,15729.911299,Africa,Mauritius
2003,MUS,Energy & Minerals,132.853674,Africa,Mauritius
2003,MUS,Industrial Equipment & Technology,7192.557883,Africa,Mauritius
2003,MUS,Textile & Apparel Manufacturing,420177.782424,Africa,Mauritius
2003,MWI,Agricultural & Foods,52963.476529,Africa,Malawi
2003,MWI,Art & Collectibles,78.886958,Africa,Malawi
2003,MWI,Base Metals,2665.667618,Africa,Malawi
2003,MWI,Chemical & Pharmaceutical,46.062571,Africa,Malawi
2003,MWI,Consumer Goods & Crafts,109.751348,Africa,Malawi
2003,MWI,Industrial Equipment & Technology,7468.909202,Africa,Malawi
2003,MWI,Textile & Apparel Manufacturing,33716.830228,Africa,Malawi
2003,NAM,Agricultural & Foods,306.530586,Africa,Namibia
2003,NAM,Art & Collectibles,91.093039,Africa,Namibia
2003,NAM,Base Metals,73513.52661,Africa,Namibia
2003,NAM,Chemical & Pharmaceutical,15111.754181,Africa,Namibia
2003,NAM,Consumer Goods & Crafts,2429.378326,Africa,Namibia
2003,NAM,Energy & Minerals,28243.433354,Africa,Namibia
2003,NAM,Industrial Equipment & Technology,29.356503,Africa,Namibia
2003,NAM,Textile & Apparel Manufacturing,65169.602656,Africa,Namibia
2003,NER,Agricultural & Foods,10398.1298,Africa,Niger
2003,NER,Art & Collectibles,71.287165,Africa,Niger
2003,NER,Base Metals,346.424422,Africa,Niger
2003,NER,Chemical & Pharmaceutical,619.192294,Africa,Niger
2003,NER,Consumer Goods & Crafts,449.356833,Africa,Niger
2003,NER,Industrial Equipment & Technology,1559.568271,Africa,Niger
2003,NER,Textile & Apparel Manufacturing,10873.332923,Africa,Niger
2003,NGA,Agricultural & Foods,34820.496929,Africa,Nigeria
2003,NGA,Art & Collectibles,1248.788755,Africa,Nigeria
2003,NGA,Base Metals,164.810686,Africa,Nigeria
2003,NGA,Chemical & Pharmaceutical,3732.945895,Africa,Nigeria
2003,NGA,Consumer Goods & Crafts,1361.973272,Africa,Nigeria
2003,NGA,Energy & Minerals,7835487.065751,Africa,Nigeria
2003,NGA,Industrial Equipment & Technology,405.636028,Africa,Nigeria
2003,NGA,Textile & Apparel Manufacturing,596.827835,Africa,Nigeria
2003,RWA,Agricultural & Foods,67.73994,Africa,Rwanda
2003,RWA,Art & Collectibles,89.647675,Africa,Rwanda
2003,RWA,Base Metals,38.077808,Africa,Rwanda
2003,RWA,Chemical & Pharmaceutical,43.274274,Africa,Rwanda
2003,RWA,Consumer Goods & Crafts,22.874978,Africa,Rwanda
2003,RWA,Energy & Minerals,1032.660683,Africa,Rwanda
2003,RWA,Industrial Equipment & Technology,3373.177613,Africa,Rwanda
2003,RWA,Textile & Apparel Manufacturing,5.619224,Africa,Rwanda
2003,SDN,Agricultural & Foods,6054.108984,Africa,Sudan
2003,SDN,Base Metals,69.690511,Africa,Sudan
2003,SDN,Industrial Equipment & Technology,20.783692,Africa,Sudan
2003,SEN,Agricultural & Foods,289.038712,Africa,Senegal
2003,SEN,Art & Collectibles,9.841406,Africa,Senegal
2003,SEN,Base Metals,24.385484,Africa,Senegal
2003,SEN,Chemical & Pharmaceutical,4055.511248,Africa,Senegal
2003,SEN,Consumer Goods & Crafts,667.415877,Africa,Senegal
2003,SEN,Energy & Minerals,610.210299,Africa,Senegal
2003,SEN,Industrial Equipment & Technology,9597.974617,Africa,Senegal
2003,SEN,Textile & Apparel Manufacturing,1248.179001,Africa,Senegal
2003,SLE,Agricultural & Foods,299.429859,Africa,Sierra Leone
2003,SLE,Art & Collectibles,207.476198,Africa,Sierra Leone
2003,SLE,Base Metals,45.294047,Africa,Sierra Leone
2003,SLE,Chemical & Pharmaceutical,464.917661,Africa,Sierra Leone
2003,SLE,Consumer Goods & Crafts,5100.283386,Africa,Sierra Leone
2003,SLE,Energy & Minerals,15.620795,Africa,Sierra Leone
2003,SLE,Industrial Equipment & Technology,720.773263,Africa,Sierra Leone
2003,SLE,Textile & Apparel Manufacturing,1456.437599,Africa,Sierra Leone
2003,SOM,Agricultural & Foods,,Africa,Somalia
2003,SOM,Chemical & Pharmaceutical,,Africa,Somalia
2003,SOM,Energy & Minerals,,Africa,Somalia
2003,SOM,Industrial Equipment & Technology,,Africa,Somalia
2003,SOM,Textile & Apparel Manufacturing,,Africa,Somalia
2003,STP,Base Metals,10.45359,Africa,Sao Tome and Principe
2003,STP,Consumer Goods & Crafts,103.551689,Africa,Sao Tome and Principe
2003,STP,Industrial Equipment & Technology,308.347404,Africa,Sao Tome and Principe
2003,STP,Textile & Apparel Manufacturing,3.564105,Africa,Sao Tome and Principe
2003,SWZ,Agricultural & Foods,10975.815325,Africa,Eswatini
2003,SWZ,Art & Collectibles,409.992478,Africa,Eswatini
2003,SWZ,Base Metals,6457.424708,Africa,Eswatini
2003,SWZ,Chemical & Pharmaceutical,1800.987106,Africa,Eswatini
2003,SWZ,Consumer Goods & Crafts,8467.176593,Africa,Eswatini
2003,SWZ,Industrial Equipment & Technology,601.097546,Africa,Eswatini
2003,SWZ,Textile & Apparel Manufacturing,184774.644668,Africa,Eswatini
2003,SYC,Agricultural & Foods,136.282064,Africa,Seychelles
2003,SYC,Art & Collectibles,13.242821,Africa,Seychelles
2003,SYC,Chemical & Pharmaceutical,3048.516612,Africa,Seychelles
2003,SYC,Consumer Goods & Crafts,25.364801,Africa,Seychelles
2003,SYC,Energy & Minerals,7118.991326,Africa,Seychelles
2003,SYC,Industrial Equipment & Technology,4827.300021,Africa,Seychelles
2003,SYC,Textile & Apparel Manufacturing,117.415842,Africa,Seychelles
2003,TCD,Agricultural & Foods,8852.361978,Africa,Chad
2003,TCD,Consumer Goods & Crafts,170.225102,Africa,Chad
2003,TCD,Energy & Minerals,37983.333672,Africa,Chad
2003,TCD,Industrial Equipment & Technology,210.911337,Africa,Chad
2003,TGO,Agricultural & Foods,1594.874071,Africa,Togo
2003,TGO,Art & Collectibles,24.259434,Africa,Togo
2003,TGO,Base Metals,315.814437,Africa,Togo
2003,TGO,Consumer Goods & Crafts,990.647906,Africa,Togo
2003,TGO,Textile & Apparel Manufacturing,230.512125,Africa,Togo
2003,TUN,Agricultural & Foods,5659.864944,Africa,Tunisia
2003,TUN,Art & Collectibles,757.373345,Africa,Tunisia
2003,TUN,Base Metals,12744.801816,Africa,Tunisia
2003,TUN,Chemical & Pharmaceutical,3855.62163,Africa,Tunisia
2003,TUN,Consumer Goods & Crafts,11262.027335,Africa,Tunisia
2003,TUN,Energy & Minerals,27991.78876,Africa,Tunisia
2003,TUN,Industrial Equipment & Technology,16609.615789,Africa,Tunisia
2003,TUN,Textile & Apparel Manufacturing,47013.544024,Africa,Tunisia
2003,TZA,Agricultural & Foods,4590.932806,Africa,Tanzania
2003,TZA,Art & Collectibles,339.111004,Africa,Tanzania
2003,TZA,Base Metals,2886.823382,Africa,Tanzania
2003,TZA,Chemical & Pharmaceutical,9628.024323,Africa,Tanzania
2003,TZA,Consumer Goods & Crafts,13004.250613,Africa,Tanzania
2003,TZA,Energy & Minerals,96.645665,Africa,Tanzania
2003,TZA,Industrial Equipment & Technology,5515.726014,Africa,Tanzania
2003,TZA,Textile & Apparel Manufacturing,4027.817048,Africa,Tanzania
2003,UGA,Agricultural & Foods,678.358808,Africa,Uganda
2003,UGA,Art & Collectibles,27.168516,Africa,Uganda
2003,UGA,Base Metals,178.678402,Africa,Uganda
2003,UGA,Chemical & Pharmaceutical,12766.794778,Africa,Uganda
2003,UGA,Consumer Goods & Crafts,1157.5894,Africa,Uganda
2003,UGA,Energy & Minerals,437.13485,Africa,Uganda
2003,UGA,Industrial Equipment & Technology,51147.422851,Africa,Uganda
2003,UGA,Textile & Apparel Manufacturing,6716.86097,Africa,Uganda
2003,ZAF,Agricultural & Foods,135227.986536,Africa,South Africa
2003,ZAF,Art & Collectibles,8949.578823,Africa,South Africa
2003,ZAF,Base Metals,882680.472833,Africa,South Africa
2003,ZAF,Chemical & Pharmaceutical,429245.863713,Africa,South Africa
2003,ZAF,Consumer Goods & Crafts,2752666.665025,Africa,South Africa
2003,ZAF,Energy & Minerals,693289.558614,Africa,South Africa
2003,ZAF,Industrial Equipment & Technology,1654521.182631,Africa,South Africa
2003,ZAF,Textile & Apparel Manufacturing,444889.335965,Africa,South Africa
2003,ZMB,Agricultural & Foods,375.623157,Africa,Zambia
2003,ZMB,Art & Collectibles,219.228652,Africa,Zambia
2003,ZMB,Base Metals,17373.29438,Africa,Zambia
2003,ZMB,Chemical & Pharmaceutical,875.66627,Africa,Zambia
2003,ZMB,Consumer Goods & Crafts,4203.199806,Africa,Zambia
2003,ZMB,Energy & Minerals,30.096913,Africa,Zambia
2003,ZMB,Industrial Equipment & Technology,1702.55331,Africa,Zambia
2003,ZMB,Textile & Apparel Manufacturing,651.090286,Africa,Zambia
2003,ZWE,Agricultural & Foods,19267.595973,Africa,Zimbabwe
2003,ZWE,Art & Collectibles,2122.612622,Africa,Zimbabwe
2003,ZWE,Base Metals,42934.399488,Africa,Zimbabwe
2003,ZWE,Chemical & Pharmaceutical,51.145577,Africa,Zimbabwe
2003,ZWE,Consumer Goods & Crafts,50550.398655,Africa,Zimbabwe
2003,ZWE,Energy & Minerals,3591.540551,Africa,Zimbabwe
2003,ZWE,Industrial Equipment & Technology,7682.309092,Africa,Zimbabwe
2003,ZWE,Textile & Apparel Manufacturing,16079.918568,Africa,Zimbabwe
2004,AGO,Art & Collectibles,80.266343,Africa,Angola
2004,AGO,Base Metals,63.917464,Africa,Angola
2004,AGO,Consumer Goods & Crafts,63992.787858,Africa,Angola
2004,AGO,Energy & Minerals,9332867.339595,Africa,Angola
2004,AGO,Industrial Equipment & Technology,256.700372,Africa,Angola
2004,BDI,Chemical & Pharmaceutical,89.683432,Africa,Burundi
2004,BDI,Consumer Goods & Crafts,8804.882194,Africa,Burundi
2004,BDI,Industrial Equipment & Technology,705.379558,Africa,Burundi
2004,BEN,Agricultural & Foods,488.475943,Africa,Benin
2004,BEN,Art & Collectibles,849.90025,Africa,Benin
2004,BEN,Consumer Goods & Crafts,187.044736,Africa,Benin
2004,BEN,Industrial Equipment & Technology,435.861012,Africa,Benin
2004,BEN,Textile & Apparel Manufacturing,210.662398,Africa,Benin
2004,BFA,Agricultural & Foods,169.647108,Africa,Burkina Faso
2004,BFA,Art & Collectibles,293.893077,Africa,Burkina Faso
2004,BFA,Base Metals,129.683231,Africa,Burkina Faso
2004,BFA,Chemical & Pharmaceutical,1.59342,Africa,Burkina Faso
2004,BFA,Consumer Goods & Crafts,195.285309,Africa,Burkina Faso
2004,BFA,Energy & Minerals,2.599313,Africa,Burkina Faso
2004,BFA,Industrial Equipment & Technology,877.306766,Africa,Burkina Faso
2004,BFA,Textile & Apparel Manufacturing,79.385537,Africa,Burkina Faso
2004,BWA,Chemical & Pharmaceutical,6.590618,Africa,Botswana
2004,BWA,Consumer Goods & Crafts,65308.710981,Africa,Botswana
2004,BWA,Energy & Minerals,19.178115,Africa,Botswana
2004,BWA,Industrial Equipment & Technology,95.874462,Africa,Botswana
2004,BWA,Textile & Apparel Manufacturing,26665.050713,Africa,Botswana
2004,CAF,Agricultural & Foods,447.054251,Africa,Central African Republic
2004,CAF,Art & Collectibles,443.284846,Africa,Central African Republic
2004,CAF,Base Metals,13.669013,Africa,Central African Republic
2004,CAF,Consumer Goods & Crafts,16103.315573,Africa,Central African Republic
2004,CAF,Industrial Equipment & Technology,84.164373,Africa,Central African Republic
2004,CAF,Textile & Apparel Manufacturing,79.324739,Africa,Central African Republic
2004,CIV,Agricultural & Foods,734099.481731,Africa,Côte d'Ivoire
2004,CIV,Art & Collectibles,3647.624529,Africa,Côte d'Ivoire
2004,CIV,Base Metals,11008.426575,Africa,Côte d'Ivoire
2004,CIV,Chemical & Pharmaceutical,13682.956183,Africa,Côte d'Ivoire
2004,CIV,Consumer Goods & Crafts,37379.250011,Africa,Côte d'Ivoire
2004,CIV,Energy & Minerals,318927.878232,Africa,Côte d'Ivoire
2004,CIV,Industrial Equipment & Technology,7379.707578,Africa,Côte d'Ivoire
2004,CIV,Textile & Apparel Manufacturing,371.0139,Africa,Côte d'Ivoire
2004,CMR,Agricultural & Foods,22833.500139,Africa,Cameroon
2004,CMR,Art & Collectibles,1823.762227,Africa,Cameroon
2004,CMR,Base Metals,346.481298,Africa,Cameroon
2004,CMR,Chemical & Pharmaceutical,9178.535881,Africa,Cameroon
2004,CMR,Consumer Goods & Crafts,26955.608908,Africa,Cameroon
2004,CMR,Energy & Minerals,385022.624178,Africa,Cameroon
2004,CMR,Industrial Equipment & Technology,3873.44662,Africa,Cameroon
2004,CMR,Textile & Apparel Manufacturing,1044.526851,Africa,Cameroon
2004,COD,Agricultural & Foods,2430.598907,Africa,DR Congo
2004,COD,Art & Collectibles,8067.869316,Africa,DR Congo
2004,COD,Base Metals,2998.446139,Africa,DR Congo
2004,COD,Chemical & Pharmaceutical,1100.812551,Africa,DR Congo
2004,COD,Consumer Goods & Crafts,45512.460871,Africa,DR Congo
2004,COD,Energy & Minerals,244783.007935,Africa,DR Congo
2004,COD,Industrial Equipment & Technology,1647.962439,Africa,DR Congo
2004,COD,Textile & Apparel Manufacturing,72.244438,Africa,DR Congo
2004,COG,Agricultural & Foods,7539.479558,Africa,Congo Republic
2004,COG,Art & Collectibles,2245.204342,Africa,Congo Republic
2004,COG,Base Metals,6.132169,Africa,Congo Republic
2004,COG,Chemical & Pharmaceutical,648.526152,Africa,Congo Republic
2004,COG,Consumer Goods & Crafts,28643.673117,Africa,Congo Republic
2004,COG,Energy & Minerals,1732552.654306,Africa,Congo Republic
2004,COG,Industrial Equipment & Technology,606.074499,Africa,Congo Republic
2004,COG,Textile & Apparel Manufacturing,21.281072,Africa,Congo Republic
2004,COM,Agricultural & Foods,46.622363,Africa,Comoros
2004,COM,Chemical & Pharmaceutical,47.124089,Africa,Comoros
2004,COM,Consumer Goods & Crafts,18.22166,Africa,Comoros
2004,COM,Industrial Equipment & Technology,22317.441867,Africa,Comoros
2004,COM,Textile & Apparel Manufacturing,133.750938,Africa,Comoros
2004,CPV,Agricultural & Foods,173.320386,Africa,Cabo Verde
2004,CPV,Art & Collectibles,10.643525,Africa,Cabo Verde
2004,CPV,Base Metals,7.630073,Africa,Cabo Verde
2004,CPV,Consumer Goods & Crafts,137.343418,Africa,Cabo Verde
2004,CPV,Industrial Equipment & Technology,181.223451,Africa,Cabo Verde
2004,CPV,Textile & Apparel Manufacturing,3478.897894,Africa,Cabo Verde
2004,DJI,Agricultural & Foods,466.327301,Africa,Djibouti
2004,DJI,Chemical & Pharmaceutical,9.137352,Africa,Djibouti
2004,DJI,Consumer Goods & Crafts,13.983826,Africa,Djibouti
2004,DJI,Industrial Equipment & Technology,254.180694,Africa,Djibouti
2004,DZA,Agricultural & Foods,126.941518,Africa,Algeria
2004,DZA,Art & Collectibles,31.53382,Africa,Algeria
2004,DZA,Base Metals,5096.108397,Africa,Algeria
2004,DZA,Chemical & Pharmaceutical,35626.770141,Africa,Algeria
2004,DZA,Consumer Goods & Crafts,302.154559,Africa,Algeria
2004,DZA,Energy & Minerals,13550936.188927,Africa,Algeria
2004,DZA,Industrial Equipment & Technology,16990.911164,Africa,Algeria
2004,DZA,Textile & Apparel Manufacturing,146.44446,Africa,Algeria
2004,EGY,Agricultural & Foods,34656.414953,Africa,Egypt
2004,EGY,Art & Collectibles,16660.65121,Africa,Egypt
2004,EGY,Base Metals,574858.256457,Africa,Egypt
2004,EGY,Chemical & Pharmaceutical,42130.063815,Africa,Egypt
2004,EGY,Consumer Goods & Crafts,81932.749021,Africa,Egypt
2004,EGY,Energy & Minerals,619246.147585,Africa,Egypt
2004,EGY,Industrial Equipment & Technology,20735.802001,Africa,Egypt
2004,EGY,Textile & Apparel Manufacturing,1203092.529875,Africa,Egypt
2004,ERI,Agricultural & Foods,,Africa,Eritrea
2004,ERI,Chemical & Pharmaceutical,,Africa,Eritrea
2004,ERI,Consumer Goods & Crafts,,Africa,Eritrea
2004,ERI,Industrial Equipment & Technology,,Africa,Eritrea
2004,ETH,Agricultural & Foods,51895.455023,Africa,Ethiopia
2004,ETH,Art & Collectibles,321.917444,Africa,Ethiopia
2004,ETH,Base Metals,983.357541,Africa,Ethiopia
2004,ETH,Chemical & Pharmaceutical,55.965712,Africa,Ethiopia
2004,ETH,Consumer Goods & Crafts,6370.871258,Africa,Ethiopia
2004,ETH,Energy & Minerals,3002.128941,Africa,Ethiopia
2004,ETH,Industrial Equipment & Technology,41758.686359,Africa,Ethiopia
2004,ETH,Textile & Apparel Manufacturing,12690.231588,Africa,Ethiopia
2004,GAB,Agricultural & Foods,784.275815,Africa,Gabon
2004,GAB,Art & Collectibles,4122.072679,Africa,Gabon
2004,GAB,Base Metals,1105.964608,Africa,Gabon
2004,GAB,Chemical & Pharmaceutical,119.756742,Africa,Gabon
2004,GAB,Consumer Goods & Crafts,19677.807488,Africa,Gabon
2004,GAB,Energy & Minerals,4132440.090146,Africa,Gabon
2004,GAB,Industrial Equipment & Technology,2392.726288,Africa,Gabon
2004,GAB,Textile & Apparel Manufacturing,1400.724896,Africa,Gabon
2004,GHA,Agricultural & Foods,27932.927272,Africa,Ghana
2004,GHA,Art & Collectibles,2177.215313,Africa,Ghana
2004,GHA,Base Metals,4284.346775,Africa,Ghana
2004,GHA,Chemical & Pharmaceutical,983.709673,Africa,Ghana
2004,GHA,Consumer Goods & Crafts,62509.068917,Africa,Ghana
2004,GHA,Energy & Minerals,89638.262897,Africa,Ghana
2004,GHA,Industrial Equipment & Technology,717.892935,Africa,Ghana
2004,GHA,Textile & Apparel Manufacturing,10220.490878,Africa,Ghana
2004,GIN,Agricultural & Foods,1115.94573,Africa,Guinea
2004,GIN,Art & Collectibles,227.043472,Africa,Guinea
2004,GIN,Base Metals,99.162888,Africa,Guinea
2004,GIN,Chemical & Pharmaceutical,431.280493,Africa,Guinea
2004,GIN,Consumer Goods & Crafts,11930.293695,Africa,Guinea
2004,GIN,Energy & Minerals,120396.164777,Africa,Guinea
2004,GIN,Industrial Equipment & Technology,3236.242797,Africa,Guinea
2004,GIN,Textile & Apparel Manufacturing,65.719449,Africa,Guinea
2004,GMB,Agricultural & Foods,18.14211,Africa,Gambia
2004,GMB,Chemical & Pharmaceutical,16.951496,Africa,Gambia
2004,GMB,Consumer Goods & Crafts,207.131921,Africa,Gambia
2004,GMB,Industrial Equipment & Technology,358.083769,Africa,Gambia
2004,GMB,Textile & Apparel Manufacturing,100.546521,Africa,Gambia
2004,GNB,Art & Collectibles,66.623654,Africa,Guinea-Bissau
2004,GNB,Base Metals,445.880194,Africa,Guinea-Bissau
2004,GNB,Chemical & Pharmaceutical,4.461224,Africa,Guinea-Bissau
2004,GNB,Energy & Minerals,46672.156209,Africa,Guinea-Bissau
2004,GNQ,Agricultural & Foods,64.731047,Africa,Equatorial Guinea
2004,GNQ,Base Metals,6886.955565,Africa,Equatorial Guinea
2004,GNQ,Chemical & Pharmaceutical,202040.101302,Africa,Equatorial Guinea
2004,GNQ,Consumer Goods & Crafts,827.691521,Africa,Equatorial Guinea
2004,GNQ,Energy & Minerals,2340852.204269,Africa,Equatorial Guinea
2004,GNQ,Industrial Equipment & Technology,243.299171,Africa,Equatorial Guinea
2004,KEN,Agricultural & Foods,27013.897033,Africa,Kenya
2004,KEN,Art & Collectibles,718.41422,Africa,Kenya
2004,KEN,Base Metals,26487.201739,Africa,Kenya
2004,KEN,Chemical & Pharmaceutical,13467.802793,Africa,Kenya
2004,KEN,Consumer Goods & Crafts,11498.717258,Africa,Kenya
2004,KEN,Energy & Minerals,991.64316,Africa,Kenya
2004,KEN,Industrial Equipment & Technology,48970.885922,Africa,Kenya
2004,KEN,Textile & Apparel Manufacturing,462904.647288,Africa,Kenya
2004,LBR,Agricultural & Foods,298.351952,Africa,Liberia
2004,LBR,Chemical & Pharmaceutical,207170.33368,Africa,Liberia
2004,LBR,Consumer Goods & Crafts,371.828428,Africa,Liberia
2004,LBR,Industrial Equipment & Technology,177.440111,Africa,Liberia
2004,LBR,Textile & Apparel Manufacturing,52.955557,Africa,Liberia
2004,LBY,Chemical & Pharmaceutical,25601.471165,Africa,Libya
2004,LBY,Energy & Minerals,600945.422257,Africa,Libya
2004,LSO,Art & Collectibles,6.757317,Africa,Lesotho
2004,LSO,Base Metals,26.054833,Africa,Lesotho
2004,LSO,Chemical & Pharmaceutical,164.90771,Africa,Lesotho
2004,LSO,Consumer Goods & Crafts,9928.491155,Africa,Lesotho
2004,LSO,Textile & Apparel Manufacturing,520562.772117,Africa,Lesotho
2004,MAR,Agricultural & Foods,113604.546859,Africa,Morocco
2004,MAR,Art & Collectibles,1950.381839,Africa,Morocco
2004,MAR,Base Metals,18191.403097,Africa,Morocco
2004,MAR,Chemical & Pharmaceutical,7458.931243,Africa,Morocco
2004,MAR,Consumer Goods & Crafts,21053.343182,Africa,Morocco
2004,MAR,Energy & Minerals,345024.606849,Africa,Morocco
2004,MAR,Industrial Equipment & Technology,147608.820993,Africa,Morocco
2004,MAR,Textile & Apparel Manufacturing,104134.708709,Africa,Morocco
2004,MDG,Agricultural & Foods,3655.7252,Africa,Madagascar
2004,MDG,Art & Collectibles,364.401902,Africa,Madagascar
2004,MDG,Base Metals,370.269799,Africa,Madagascar
2004,MDG,Chemical & Pharmaceutical,4707.756911,Africa,Madagascar
2004,MDG,Consumer Goods & Crafts,7352.310467,Africa,Madagascar
2004,MDG,Energy & Minerals,1808.644844,Africa,Madagascar
2004,MDG,Industrial Equipment & Technology,251043.904855,Africa,Madagascar
2004,MDG,Textile & Apparel Manufacturing,688157.003805,Africa,Madagascar
2004,MLI,Agricultural & Foods,3311.571611,Africa,Mali
2004,MLI,Art & Collectibles,641.629176,Africa,Mali
2004,MLI,Base Metals,49.540684,Africa,Mali
2004,MLI,Chemical & Pharmaceutical,67.75004,Africa,Mali
2004,MLI,Consumer Goods & Crafts,1040.757861,Africa,Mali
2004,MLI,Energy & Minerals,0.328849,Africa,Mali
2004,MLI,Industrial Equipment & Technology,5703.444518,Africa,Mali
2004,MLI,Textile & Apparel Manufacturing,259.282464,Africa,Mali
2004,MOZ,Agricultural & Foods,7432.601075,Africa,Mozambique
2004,MOZ,Art & Collectibles,82.831177,Africa,Mozambique
2004,MOZ,Base Metals,397.356862,Africa,Mozambique
2004,MOZ,Chemical & Pharmaceutical,720.088409,Africa,Mozambique
2004,MOZ,Consumer Goods & Crafts,228.29771,Africa,Mozambique
2004,MOZ,Industrial Equipment & Technology,378.707175,Africa,Mozambique
2004,MOZ,Textile & Apparel Manufacturing,2879.629107,Africa,Mozambique
2004,MRT,Agricultural & Foods,784.745165,Africa,Mauritania
2004,MRT,Art & Collectibles,4.937284,Africa,Mauritania
2004,MRT,Consumer Goods & Crafts,91.610398,Africa,Mauritania
2004,MRT,Energy & Minerals,9.226652,Africa,Mauritania
2004,MRT,Industrial Equipment & Technology,112.101766,Africa,Mauritania
2004,MRT,Textile & Apparel Manufacturing,25.58653,Africa,Mauritania
2004,MUS,Agricultural & Foods,23452.979736,Africa,Mauritius
2004,MUS,Art & Collectibles,16.411185,Africa,Mauritius
2004,MUS,Base Metals,146.808214,Africa,Mauritius
2004,MUS,Chemical & Pharmaceutical,2349.587504,Africa,Mauritius
2004,MUS,Consumer Goods & Crafts,14749.869919,Africa,Mauritius
2004,MUS,Energy & Minerals,1004.110164,Africa,Mauritius
2004,MUS,Industrial Equipment & Technology,11326.717875,Africa,Mauritius
2004,MUS,Textile & Apparel Manufacturing,318355.063415,Africa,Mauritius
2004,MWI,Agricultural & Foods,37259.158287,Africa,Malawi
2004,MWI,Art & Collectibles,14.141107,Africa,Malawi
2004,MWI,Base Metals,4256.96508,Africa,Malawi
2004,MWI,Chemical & Pharmaceutical,70.746779,Africa,Malawi
2004,MWI,Consumer Goods & Crafts,206.363244,Africa,Malawi
2004,MWI,Industrial Equipment & Technology,5492.078148,Africa,Malawi
2004,MWI,Textile & Apparel Manufacturing,38959.307052,Africa,Malawi
2004,NAM,Agricultural & Foods,58.865462,Africa,Namibia
2004,NAM,Art & Collectibles,74.192523,Africa,Namibia
2004,NAM,Base Metals,220054.368519,Africa,Namibia
2004,NAM,Chemical & Pharmaceutical,13241.012098,Africa,Namibia
2004,NAM,Consumer Goods & Crafts,13248.753428,Africa,Namibia
2004,NAM,Energy & Minerals,44265.084147,Africa,Namibia
2004,NAM,Industrial Equipment & Technology,1028.510041,Africa,Namibia
2004,NAM,Textile & Apparel Manufacturing,170361.040833,Africa,Namibia
2004,NER,Agricultural & Foods,6233.600473,Africa,Niger
2004,NER,Art & Collectibles,73.196767,Africa,Niger
2004,NER,Base Metals,317.930723,Africa,Niger
2004,NER,Chemical & Pharmaceutical,1004.074349,Africa,Niger
2004,NER,Consumer Goods & Crafts,221.393726,Africa,Niger
2004,NER,Energy & Minerals,43468.652457,Africa,Niger
2004,NER,Industrial Equipment & Technology,1412.398465,Africa,Niger
2004,NER,Textile & Apparel Manufacturing,9258.644065,Africa,Niger
2004,NGA,Agricultural & Foods,5837.614801,Africa,Nigeria
2004,NGA,Art & Collectibles,2005.346934,Africa,Nigeria
2004,NGA,Base Metals,85.943862,Africa,Nigeria
2004,NGA,Chemical & Pharmaceutical,6803.480452,Africa,Nigeria
2004,NGA,Consumer Goods & Crafts,1354.224665,Africa,Nigeria
2004,NGA,Energy & Minerals,10723118.401908,Africa,Nigeria
2004,NGA,Industrial Equipment & Technology,527.684782,Africa,Nigeria
2004,NGA,Textile & Apparel Manufacturing,256.642808,Africa,Nigeria
2004,RWA,Art & Collectibles,20.389995,Africa,Rwanda
2004,RWA,Chemical & Pharmaceutical,7.018312,Africa,Rwanda
2004,RWA,Consumer Goods & Crafts,260.021115,Africa,Rwanda
2004,RWA,Energy & Minerals,1088.436879,Africa,Rwanda
2004,RWA,Industrial Equipment & Technology,7762.427727,Africa,Rwanda
2004,RWA,Textile & Apparel Manufacturing,1.564199,Africa,Rwanda
2004,SDN,Agricultural & Foods,6364.727368,Africa,Sudan
2004,SDN,Consumer Goods & Crafts,129.583156,Africa,Sudan
2004,SEN,Agricultural & Foods,445.110452,Africa,Senegal
2004,SEN,Art & Collectibles,133.665614,Africa,Senegal
2004,SEN,Base Metals,77.186889,Africa,Senegal
2004,SEN,Chemical & Pharmaceutical,3048.965615,Africa,Senegal
2004,SEN,Consumer Goods & Crafts,703.319758,Africa,Senegal
2004,SEN,Energy & Minerals,4.725155,Africa,Senegal
2004,SEN,Industrial Equipment & Technology,1350.157985,Africa,Senegal
2004,SEN,Textile & Apparel Manufacturing,835.93565,Africa,Senegal
2004,SLE,Agricultural & Foods,510.974587,Africa,Sierra Leone
2004,SLE,Art & Collectibles,45.40694,Africa,Sierra Leone
2004,SLE,Base Metals,137.458168,Africa,Sierra Leone
2004,SLE,Chemical & Pharmaceutical,140.160626,Africa,Sierra Leone
2004,SLE,Consumer Goods & Crafts,9398.823285,Africa,Sierra Leone
2004,SLE,Industrial Equipment & Technology,1920.116259,Africa,Sierra Leone
2004,SLE,Textile & Apparel Manufacturing,2103.221926,Africa,Sierra Leone
2004,SOM,Agricultural & Foods,,Africa,Somalia
2004,SOM,Art & Collectibles,,Africa,Somalia
2004,SOM,Chemical & Pharmaceutical,,Africa,Somalia
2004,SOM,Consumer Goods & Crafts,,Africa,Somalia
2004,SOM,Industrial Equipment & Technology,,Africa,Somalia
2004,SOM,Textile & Apparel Manufacturing,,Africa,Somalia
2004,STP,Base Metals,223.82787,Africa,Sao Tome and Principe
2004,STP,Chemical & Pharmaceutical,12.84004,Africa,Sao Tome and Principe
2004,STP,Industrial Equipment & Technology,112.58596,Africa,Sao Tome and Principe
2004,STP,Textile & Apparel Manufacturing,2.091626,Africa,Sao Tome and Principe
2004,SWZ,Agricultural & Foods,501.912218,Africa,Eswatini
2004,SWZ,Art & Collectibles,6.366137,Africa,Eswatini
2004,SWZ,Base Metals,14715.295299,Africa,Eswatini
2004,SWZ,Chemical & Pharmaceutical,1420.718807,Africa,Eswatini
2004,SWZ,Consumer Goods & Crafts,2785.069913,Africa,Eswatini
2004,SWZ,Industrial Equipment & Technology,809.61828,Africa,Eswatini
2004,SWZ,Textile & Apparel Manufacturing,190896.090365,Africa,Eswatini
2004,SYC,Base Metals,35.375972,Africa,Seychelles
2004,SYC,Chemical & Pharmaceutical,74.698401,Africa,Seychelles
2004,SYC,Consumer Goods & Crafts,135.75456,Africa,Seychelles
2004,SYC,Industrial Equipment & Technology,4978.301619,Africa,Seychelles
2004,SYC,Textile & Apparel Manufacturing,129.79516,Africa,Seychelles
2004,TCD,Agricultural & Foods,11571.612482,Africa,Chad
2004,TCD,Art & Collectibles,4.477692,Africa,Chad
2004,TCD,Consumer Goods & Crafts,20.845981,Africa,Chad
2004,TCD,Energy & Minerals,1316332.20875,Africa,Chad
2004,TCD,Industrial Equipment & Technology,379.409088,Africa,Chad
2004,TCD,Textile & Apparel Manufacturing,42.513113,Africa,Chad
2004,TGO,Agricultural & Foods,1115.848039,Africa,Togo
2004,TGO,Art & Collectibles,713.59761,Africa,Togo
2004,TGO,Chemical & Pharmaceutical,75.960931,Africa,Togo
2004,TGO,Consumer Goods & Crafts,59.869094,Africa,Togo
2004,TGO,Energy & Minerals,2604.98531,Africa,Togo
2004,TGO,Industrial Equipment & Technology,12.264502,Africa,Togo
2004,TGO,Textile & Apparel Manufacturing,52.955814,Africa,Togo
2004,TUN,Agricultural & Foods,48479.734044,Africa,Tunisia
2004,TUN,Art & Collectibles,1247.495281,Africa,Tunisia
2004,TUN,Base Metals,2064.032737,Africa,Tunisia
2004,TUN,Chemical & Pharmaceutical,10066.083397,Africa,Tunisia
2004,TUN,Consumer Goods & Crafts,13647.136616,Africa,Tunisia
2004,TUN,Energy & Minerals,114700.333264,Africa,Tunisia
2004,TUN,Industrial Equipment & Technology,11833.609332,Africa,Tunisia
2004,TUN,Textile & Apparel Manufacturing,54675.424748,Africa,Tunisia
2004,TZA,Agricultural & Foods,6025.510002,Africa,Tanzania
2004,TZA,Art & Collectibles,96.363049,Africa,Tanzania
2004,TZA,Base Metals,2262.356105,Africa,Tanzania
2004,TZA,Chemical & Pharmaceutical,5792.331701,Africa,Tanzania
2004,TZA,Consumer Goods & Crafts,13489.619477,Africa,Tanzania
2004,TZA,Industrial Equipment & Technology,5317.93543,Africa,Tanzania
2004,TZA,Textile & Apparel Manufacturing,5700.46059,Africa,Tanzania
2004,UGA,Agricultural & Foods,1835.578699,Africa,Uganda
2004,UGA,Art & Collectibles,17.178792,Africa,Uganda
2004,UGA,Base Metals,3593.272908,Africa,Uganda
2004,UGA,Chemical & Pharmaceutical,15550.866804,Africa,Uganda
2004,UGA,Consumer Goods & Crafts,566.294479,Africa,Uganda
2004,UGA,Energy & Minerals,237.974302,Africa,Uganda
2004,UGA,Industrial Equipment & Technology,19715.214652,Africa,Uganda
2004,UGA,Textile & Apparel Manufacturing,9111.113079,Africa,Uganda
2004,ZAF,Agricultural & Foods,116882.665316,Africa,South Africa
2004,ZAF,Art & Collectibles,7985.805777,Africa,South Africa
2004,ZAF,Base Metals,1307291.743502,Africa,South Africa
2004,ZAF,Chemical & Pharmaceutical,372114.417606,Africa,South Africa
2004,ZAF,Consumer Goods & Crafts,3298153.918936,Africa,South Africa
2004,ZAF,Energy & Minerals,683640.202089,Africa,South Africa
2004,ZAF,Industrial Equipment & Technology,1161340.663284,Africa,South Africa
2004,ZAF,Textile & Apparel Manufacturing,258841.420683,Africa,South Africa
2004,ZMB,Agricultural & Foods,99.126565,Africa,Zambia
2004,ZMB,Art & Collectibles,288.122363,Africa,Zambia
2004,ZMB,Base Metals,44087.484992,Africa,Zambia
2004,ZMB,Chemical & Pharmaceutical,568.344482,Africa,Zambia
2004,ZMB,Consumer Goods & Crafts,1780.058356,Africa,Zambia
2004,ZMB,Energy & Minerals,315.148752,Africa,Zambia
2004,ZMB,Industrial Equipment & Technology,2064.59691,Africa,Zambia
2004,ZMB,Textile & Apparel Manufacturing,536.815618,Africa,Zambia
2004,ZWE,Agricultural & Foods,30258.2647,Africa,Zimbabwe
2004,ZWE,Art & Collectibles,10396.144476,Africa,Zimbabwe
2004,ZWE,Base Metals,96428.919785,Africa,Zimbabwe
2004,ZWE,Chemical & Pharmaceutical,294.205465,Africa,Zimbabwe
2004,ZWE,Consumer Goods & Crafts,43349.511536,Africa,Zimbabwe
2004,ZWE,Energy & Minerals,5992.734471,Africa,Zimbabwe
2004,ZWE,Industrial Equipment & Technology,7158.107421,Africa,Zimbabwe
2004,ZWE,Textile & Apparel Manufacturing,11601.235468,Africa,Zimbabwe
2005,AGO,Agricultural & Foods,9.407803,Africa,Angola
2005,AGO,Art & Collectibles,12.095121,Africa,Angola
2005,AGO,Base Metals,5868.090227,Africa,Angola
2005,AGO,Chemical & Pharmaceutical,943.390191,Africa,Angola
2005,AGO,Consumer Goods & Crafts,134226.877331,Africa,Angola
2005,AGO,Energy & Minerals,12661918.769617,Africa,Angola
2005,AGO,Industrial Equipment & Technology,15371.250115,Africa,Angola
2005,AGO,Textile & Apparel Manufacturing,157.894151,Africa,Angola
2005,BDI,Base Metals,42.272139,Africa,Burundi
2005,BDI,Chemical & Pharmaceutical,120.663092,Africa,Burundi
2005,BDI,Industrial Equipment & Technology,12238.957179,Africa,Burundi
2005,BEN,Agricultural & Foods,516.823549,Africa,Benin
2005,BEN,Art & Collectibles,62.828673,Africa,Benin
2005,BEN,Chemical & Pharmaceutical,8.242439,Africa,Benin
2005,BEN,Consumer Goods & Crafts,129.659016,Africa,Benin
2005,BEN,Textile & Apparel Manufacturing,7.980203,Africa,Benin
2005,BFA,Agricultural & Foods,220.207313,Africa,Burkina Faso
2005,BFA,Art & Collectibles,659.942818,Africa,Burkina Faso
2005,BFA,Base Metals,264.497158,Africa,Burkina Faso
2005,BFA,Consumer Goods & Crafts,315.18995,Africa,Burkina Faso
2005,BFA,Energy & Minerals,0.226859,Africa,Burkina Faso
2005,BFA,Industrial Equipment & Technology,317.391645,Africa,Burkina Faso
2005,BFA,Textile & Apparel Manufacturing,44.624316,Africa,Burkina Faso
2005,BWA,Art & Collectibles,5.901603,Africa,Botswana
2005,BWA,Chemical & Pharmaceutical,8.855322,Africa,Botswana
2005,BWA,Consumer Goods & Crafts,170480.318353,Africa,Botswana
2005,BWA,Industrial Equipment & Technology,1014.992882,Africa,Botswana
2005,BWA,Textile & Apparel Manufacturing,36818.497357,Africa,Botswana
2005,CAF,Agricultural & Foods,759.522368,Africa,Central African Republic
2005,CAF,Art & Collectibles,14.448544,Africa,Central African Republic
2005,CAF,Base Metals,19.232171,Africa,Central African Republic
2005,CAF,Chemical & Pharmaceutical,212.958727,Africa,Central African Republic
2005,CAF,Consumer Goods & Crafts,9434.018283,Africa,Central African Republic
2005,CAF,Industrial Equipment & Technology,42.459149,Africa,Central African Republic
2005,CAF,Textile & Apparel Manufacturing,29.704689,Africa,Central African Republic
2005,CIV,Agricultural & Foods,953599.266197,Africa,Côte d'Ivoire
2005,CIV,Art & Collectibles,8527.551952,Africa,Côte d'Ivoire
2005,CIV,Base Metals,10111.079944,Africa,Côte d'Ivoire
2005,CIV,Chemical & Pharmaceutical,8697.104724,Africa,Côte d'Ivoire
2005,CIV,Consumer Goods & Crafts,45673.390448,Africa,Côte d'Ivoire
2005,CIV,Energy & Minerals,779405.712515,Africa,Côte d'Ivoire
2005,CIV,Industrial Equipment & Technology,6940.346227,Africa,Côte d'Ivoire
2005,CIV,Textile & Apparel Manufacturing,604.24747,Africa,Côte d'Ivoire
2005,CMR,Agricultural & Foods,26397.519142,Africa,Cameroon
2005,CMR,Art & Collectibles,1139.341551,Africa,Cameroon
2005,CMR,Base Metals,873.42349,Africa,Cameroon
2005,CMR,Chemical & Pharmaceutical,11400.676057,Africa,Cameroon
2005,CMR,Consumer Goods & Crafts,21977.455588,Africa,Cameroon
2005,CMR,Energy & Minerals,154776.479307,Africa,Cameroon
2005,CMR,Industrial Equipment & Technology,7862.339228,Africa,Cameroon
2005,CMR,Textile & Apparel Manufacturing,882.919734,Africa,Cameroon
2005,COD,Agricultural & Foods,8463.064448,Africa,DR Congo
2005,COD,Art & Collectibles,4272.771574,Africa,DR Congo
2005,COD,Base Metals,3533.881093,Africa,DR Congo
2005,COD,Chemical & Pharmaceutical,836.214727,Africa,DR Congo
2005,COD,Consumer Goods & Crafts,251926.871996,Africa,DR Congo
2005,COD,Energy & Minerals,287737.961299,Africa,DR Congo
2005,COD,Industrial Equipment & Technology,491.217463,Africa,DR Congo
2005,COD,Textile & Apparel Manufacturing,118.906534,Africa,DR Congo
2005,COG,Agricultural & Foods,7094.271971,Africa,Congo Republic
2005,COG,Art & Collectibles,1510.349864,Africa,Congo Republic
2005,COG,Base Metals,179.778463,Africa,Congo Republic
2005,COG,Chemical & Pharmaceutical,263.456818,Africa,Congo Republic
2005,COG,Consumer Goods & Crafts,16777.923034,Africa,Congo Republic
2005,COG,Energy & Minerals,2771060.117348,Africa,Congo Republic
2005,COG,Industrial Equipment & Technology,723.197174,Africa,Congo Republic
2005,COM,Agricultural & Foods,37.203685,Africa,Comoros
2005,COM,Chemical & Pharmaceutical,54.306879,Africa,Comoros
2005,COM,Industrial Equipment & Technology,1888.867799,Africa,Comoros
2005,COM,Textile & Apparel Manufacturing,4.359209,Africa,Comoros
2005,CPV,Agricultural & Foods,233.404906,Africa,Cabo Verde
2005,CPV,Base Metals,60.205257,Africa,Cabo Verde
2005,CPV,Chemical & Pharmaceutical,4.492478,Africa,Cabo Verde
2005,CPV,Consumer Goods & Crafts,16.826095,Africa,Cabo Verde
2005,CPV,Energy & Minerals,10.08536,Africa,Cabo Verde
2005,CPV,Industrial Equipment & Technology,37.54096,Africa,Cabo Verde
2005,CPV,Textile & Apparel Manufacturing,2454.786671,Africa,Cabo Verde
2005,DJI,Agricultural & Foods,353.995401,Africa,Djibouti
2005,DJI,Chemical & Pharmaceutical,6.35933,Africa,Djibouti
2005,DJI,Consumer Goods & Crafts,35.798117,Africa,Djibouti
2005,DJI,Industrial Equipment & Technology,1024.674782,Africa,Djibouti
2005,DZA,Agricultural & Foods,181.676468,Africa,Algeria
2005,DZA,Art & Collectibles,29.088028,Africa,Algeria
2005,DZA,Base Metals,7360.221397,Africa,Algeria
2005,DZA,Chemical & Pharmaceutical,19826.039434,Africa,Algeria
2005,DZA,Consumer Goods & Crafts,228.679368,Africa,Algeria
2005,DZA,Energy & Minerals,17047062.675323,Africa,Algeria
2005,DZA,Industrial Equipment & Technology,7473.398064,Africa,Algeria
2005,DZA,Textile & Apparel Manufacturing,25.13251,Africa,Algeria
2005,EGY,Agricultural & Foods,43658.603918,Africa,Egypt
2005,EGY,Art & Collectibles,30728.685298,Africa,Egypt
2005,EGY,Base Metals,255566.168758,Africa,Egypt
2005,EGY,Chemical & Pharmaceutical,55111.584722,Africa,Egypt
2005,EGY,Consumer Goods & Crafts,83302.969335,Africa,Egypt
2005,EGY,Energy & Minerals,2123504.792027,Africa,Egypt
2005,EGY,Industrial Equipment & Technology,19796.787562,Africa,Egypt
2005,EGY,Textile & Apparel Manufacturing,1188642.758493,Africa,Egypt
2005,ERI,Agricultural & Foods,,Africa,Eritrea
2005,ERI,Chemical & Pharmaceutical,,Africa,Eritrea
2005,ERI,Consumer Goods & Crafts,,Africa,Eritrea
2005,ERI,Industrial Equipment & Technology,,Africa,Eritrea
2005,ERI,Textile & Apparel Manufacturing,,Africa,Eritrea
2005,ETH,Agricultural & Foods,46409.037829,Africa,Ethiopia
2005,ETH,Art & Collectibles,11693.357037,Africa,Ethiopia
2005,ETH,Base Metals,306.646788,Africa,Ethiopia
2005,ETH,Chemical & Pharmaceutical,43.221128,Africa,Ethiopia
2005,ETH,Consumer Goods & Crafts,3869.463316,Africa,Ethiopia
2005,ETH,Energy & Minerals,167.076849,Africa,Ethiopia
2005,ETH,Industrial Equipment & Technology,65932.403396,Africa,Ethiopia
2005,ETH,Textile & Apparel Manufacturing,10659.424246,Africa,Ethiopia
2005,GAB,Agricultural & Foods,611.471694,Africa,Gabon
2005,GAB,Art & Collectibles,3053.355469,Africa,Gabon
2005,GAB,Base Metals,91.26733,Africa,Gabon
2005,GAB,Chemical & Pharmaceutical,13.124187,Africa,Gabon
2005,GAB,Consumer Goods & Crafts,13629.320768,Africa,Gabon
2005,GAB,Energy & Minerals,4105518.003185,Africa,Gabon
2005,GAB,Industrial Equipment & Technology,2207.027135,Africa,Gabon
2005,GAB,Textile & Apparel Manufacturing,1.339882,Africa,Gabon
2005,GHA,Agricultural & Foods,42081.024812,Africa,Ghana
2005,GHA,Art & Collectibles,105.643561,Africa,Ghana
2005,GHA,Base Metals,199.064841,Africa,Ghana
2005,GHA,Chemical & Pharmaceutical,2324.524072,Africa,Ghana
2005,GHA,Consumer Goods & Crafts,79641.133951,Africa,Ghana
2005,GHA,Energy & Minerals,66843.73144,Africa,Ghana
2005,GHA,Industrial Equipment & Technology,1046.787652,Africa,Ghana
2005,GHA,Textile & Apparel Manufacturing,6976.789296,Africa,Ghana
2005,GIN,Agricultural & Foods,845.987775,Africa,Guinea
2005,GIN,Art & Collectibles,1963.79321,Africa,Guinea
2005,GIN,Base Metals,219.918855,Africa,Guinea
2005,GIN,Chemical & Pharmaceutical,341.120263,Africa,Guinea
2005,GIN,Consumer Goods & Crafts,25531.011329,Africa,Guinea
2005,GIN,Energy & Minerals,154043.839075,Africa,Guinea
2005,GIN,Industrial Equipment & Technology,4378.106134,Africa,Guinea
2005,GIN,Textile & Apparel Manufacturing,237.235708,Africa,Guinea
2005,GMB,Chemical & Pharmaceutical,79.800776,Africa,Gambia
2005,GMB,Consumer Goods & Crafts,11.271441,Africa,Gambia
2005,GMB,Industrial Equipment & Technology,397.201283,Africa,Gambia
2005,GMB,Textile & Apparel Manufacturing,41.920498,Africa,Gambia
2005,GNB,Base Metals,77.752088,Africa,Guinea-Bissau
2005,GNB,Chemical & Pharmaceutical,12.001362,Africa,Guinea-Bissau
2005,GNB,Industrial Equipment & Technology,10.600246,Africa,Guinea-Bissau
2005,GNQ,Agricultural & Foods,146.959018,Africa,Equatorial Guinea
2005,GNQ,Chemical & Pharmaceutical,258312.203304,Africa,Equatorial Guinea
2005,GNQ,Consumer Goods & Crafts,421.858282,Africa,Equatorial Guinea
2005,GNQ,Energy & Minerals,2408505.661049,Africa,Equatorial Guinea
2005,GNQ,Industrial Equipment & Technology,20.747024,Africa,Equatorial Guinea
2005,KEN,Agricultural & Foods,24792.773257,Africa,Kenya
2005,KEN,Art & Collectibles,476.940386,Africa,Kenya
2005,KEN,Base Metals,14520.486632,Africa,Kenya
2005,KEN,Chemical & Pharmaceutical,12771.395626,Africa,Kenya
2005,KEN,Consumer Goods & Crafts,16903.20349,Africa,Kenya
2005,KEN,Energy & Minerals,2668.936283,Africa,Kenya
2005,KEN,Industrial Equipment & Technology,67987.151117,Africa,Kenya
2005,KEN,Textile & Apparel Manufacturing,642994.445151,Africa,Kenya
2005,LBR,Agricultural & Foods,367.587325,Africa,Liberia
2005,LBR,Art & Collectibles,8.864684,Africa,Liberia
2005,LBR,Base Metals,114.968492,Africa,Liberia
2005,LBR,Chemical & Pharmaceutical,224590.191536,Africa,Liberia
2005,LBR,Consumer Goods & Crafts,1197.671624,Africa,Liberia
2005,LBR,Industrial Equipment & Technology,182.950637,Africa,Liberia
2005,LBR,Textile & Apparel Manufacturing,273.055745,Africa,Liberia
2005,LBY,Agricultural & Foods,29.012305,Africa,Libya
2005,LBY,Chemical & Pharmaceutical,37309.74615,Africa,Libya
2005,LBY,Energy & Minerals,2287014.414135,Africa,Libya
2005,LBY,Industrial Equipment & Technology,80.349404,Africa,Libya
2005,LSO,Art & Collectibles,5.729679,Africa,Lesotho
2005,LSO,Chemical & Pharmaceutical,210.274163,Africa,Lesotho
2005,LSO,Consumer Goods & Crafts,11116.389536,Africa,Lesotho
2005,LSO,Textile & Apparel Manufacturing,421037.816185,Africa,Lesotho
2005,MAR,Agricultural & Foods,104837.859346,Africa,Morocco
2005,MAR,Art & Collectibles,1523.632161,Africa,Morocco
2005,MAR,Base Metals,22791.431408,Africa,Morocco
2005,MAR,Chemical & Pharmaceutical,10183.064378,Africa,Morocco
2005,MAR,Consumer Goods & Crafts,23995.627244,Africa,Morocco
2005,MAR,Energy & Minerals,224467.943845,Africa,Morocco
2005,MAR,Industrial Equipment & Technology,144706.278976,Africa,Morocco
2005,MAR,Textile & Apparel Manufacturing,85650.887483,Africa,Morocco
2005,MDG,Agricultural & Foods,2652.779715,Africa,Madagascar
2005,MDG,Art & Collectibles,40.896491,Africa,Madagascar
2005,MDG,Base Metals,284.825511,Africa,Madagascar
2005,MDG,Chemical & Pharmaceutical,4031.882692,Africa,Madagascar
2005,MDG,Consumer Goods & Crafts,6900.286586,Africa,Madagascar
2005,MDG,Energy & Minerals,2435.267594,Africa,Madagascar
2005,MDG,Industrial Equipment & Technology,64543.049437,Africa,Madagascar
2005,MDG,Textile & Apparel Manufacturing,498218.026605,Africa,Madagascar
2005,MLI,Agricultural & Foods,324.707377,Africa,Mali
2005,MLI,Art & Collectibles,387.944566,Africa,Mali
2005,MLI,Base Metals,43.348353,Africa,Mali
2005,MLI,Chemical & Pharmaceutical,125.842123,Africa,Mali
2005,MLI,Consumer Goods & Crafts,584.439272,Africa,Mali
2005,MLI,Energy & Minerals,0.467176,Africa,Mali
2005,MLI,Industrial Equipment & Technology,3994.773842,Africa,Mali
2005,MLI,Textile & Apparel Manufacturing,192.526183,Africa,Mali
2005,MOZ,Agricultural & Foods,7746.202073,Africa,Mozambique
2005,MOZ,Art & Collectibles,138.461041,Africa,Mozambique
2005,MOZ,Base Metals,1260.777028,Africa,Mozambique
2005,MOZ,Chemical & Pharmaceutical,1389.982506,Africa,Mozambique
2005,MOZ,Consumer Goods & Crafts,73.314286,Africa,Mozambique
2005,MOZ,Industrial Equipment & Technology,10058.786932,Africa,Mozambique
2005,MOZ,Textile & Apparel Manufacturing,3854.740135,Africa,Mozambique
2005,MRT,Agricultural & Foods,501.673479,Africa,Mauritania
2005,MRT,Art & Collectibles,11.789542,Africa,Mauritania
2005,MRT,Chemical & Pharmaceutical,5.547282,Africa,Mauritania
2005,MRT,Consumer Goods & Crafts,32.70335,Africa,Mauritania
2005,MRT,Industrial Equipment & Technology,233.467674,Africa,Mauritania
2005,MRT,Textile & Apparel Manufacturing,258.28088,Africa,Mauritania
2005,MUS,Agricultural & Foods,25443.788406,Africa,Mauritius
2005,MUS,Base Metals,289.14555,Africa,Mauritius
2005,MUS,Chemical & Pharmaceutical,4882.97597,Africa,Mauritius
2005,MUS,Consumer Goods & Crafts,25634.082003,Africa,Mauritius
2005,MUS,Energy & Minerals,69.162091,Africa,Mauritius
2005,MUS,Industrial Equipment & Technology,8052.40344,Africa,Mauritius
2005,MUS,Textile & Apparel Manufacturing,217308.414764,Africa,Mauritius
2005,MWI,Agricultural & Foods,112952.501131,Africa,Malawi
2005,MWI,Art & Collectibles,0.779496,Africa,Malawi
2005,MWI,Base Metals,5848.976304,Africa,Malawi
2005,MWI,Chemical & Pharmaceutical,42.539221,Africa,Malawi
2005,MWI,Consumer Goods & Crafts,472.150828,Africa,Malawi
2005,MWI,Energy & Minerals,3.791185,Africa,Malawi
2005,MWI,Industrial Equipment & Technology,4467.735778,Africa,Malawi
2005,MWI,Textile & Apparel Manufacturing,30795.992441,Africa,Malawi
2005,NAM,Agricultural & Foods,91.104298,Africa,Namibia
2005,NAM,Art & Collectibles,842.410459,Africa,Namibia
2005,NAM,Base Metals,885.893603,Africa,Namibia
2005,NAM,Chemical & Pharmaceutical,8957.169441,Africa,Namibia
2005,NAM,Consumer Goods & Crafts,38654.69496,Africa,Namibia
2005,NAM,Energy & Minerals,56469.252998,Africa,Namibia
2005,NAM,Industrial Equipment & Technology,3364.370308,Africa,Namibia
2005,NAM,Textile & Apparel Manufacturing,104798.433631,Africa,Namibia
2005,NER,Agricultural & Foods,1658.666282,Africa,Niger
2005,NER,Art & Collectibles,7.892602,Africa,Niger
2005,NER,Base Metals,489.138562,Africa,Niger
2005,NER,Chemical & Pharmaceutical,437.846865,Africa,Niger
2005,NER,Consumer Goods & Crafts,122.949169,Africa,Niger
2005,NER,Energy & Minerals,93845.340503,Africa,Niger
2005,NER,Industrial Equipment & Technology,1643.120009,Africa,Niger
2005,NER,Textile & Apparel Manufacturing,13975.736233,Africa,Niger
2005,NGA,Agricultural & Foods,32416.46106,Africa,Nigeria
2005,NGA,Art & Collectibles,3035.619556,Africa,Nigeria
2005,NGA,Base Metals,95.122637,Africa,Nigeria
2005,NGA,Chemical & Pharmaceutical,2038.802431,Africa,Nigeria
2005,NGA,Consumer Goods & Crafts,2386.816563,Africa,Nigeria
2005,NGA,Energy & Minerals,12938009.167512,Africa,Nigeria
2005,NGA,Industrial Equipment & Technology,605.228515,Africa,Nigeria
2005,NGA,Textile & Apparel Manufacturing,201.411011,Africa,Nigeria
2005,RWA,Art & Collectibles,148.757093,Africa,Rwanda
2005,RWA,Base Metals,45.083738,Africa,Rwanda
2005,RWA,Chemical & Pharmaceutical,33.334915,Africa,Rwanda
2005,RWA,Consumer Goods & Crafts,169.362829,Africa,Rwanda
2005,RWA,Energy & Minerals,2703.937175,Africa,Rwanda
2005,RWA,Industrial Equipment & Technology,8689.46737,Africa,Rwanda
2005,RWA,Textile & Apparel Manufacturing,103.652287,Africa,Rwanda
2005,SDN,Agricultural & Foods,19011.969929,Africa,Sudan
2005,SEN,Agricultural & Foods,251.72503,Africa,Senegal
2005,SEN,Art & Collectibles,222.713144,Africa,Senegal
2005,SEN,Base Metals,85.193804,Africa,Senegal
2005,SEN,Chemical & Pharmaceutical,2373.438408,Africa,Senegal
2005,SEN,Consumer Goods & Crafts,371.596833,Africa,Senegal
2005,SEN,Energy & Minerals,3.913941,Africa,Senegal
2005,SEN,Industrial Equipment & Technology,20711.255572,Africa,Senegal
2005,SEN,Textile & Apparel Manufacturing,765.812605,Africa,Senegal
2005,SLE,Agricultural & Foods,304.950444,Africa,Sierra Leone
2005,SLE,Art & Collectibles,86.660816,Africa,Sierra Leone
2005,SLE,Base Metals,104.553504,Africa,Sierra Leone
2005,SLE,Chemical & Pharmaceutical,445.834214,Africa,Sierra Leone
2005,SLE,Consumer Goods & Crafts,6390.177224,Africa,Sierra Leone
2005,SLE,Energy & Minerals,1579.5539,Africa,Sierra Leone
2005,SLE,Industrial Equipment & Technology,2154.8502,Africa,Sierra Leone
2005,SLE,Textile & Apparel Manufacturing,271.53948,Africa,Sierra Leone
2005,SOM,Agricultural & Foods,,Africa,Somalia
2005,SOM,Chemical & Pharmaceutical,,Africa,Somalia
2005,SOM,Consumer Goods & Crafts,,Africa,Somalia
2005,SOM,Industrial Equipment & Technology,,Africa,Somalia
2005,SOM,Textile & Apparel Manufacturing,,Africa,Somalia
2005,STP,Chemical & Pharmaceutical,311.748204,Africa,Sao Tome and Principe
2005,STP,Industrial Equipment & Technology,463.320123,Africa,Sao Tome and Principe
2005,STP,Textile & Apparel Manufacturing,16.988286,Africa,Sao Tome and Principe
2005,SWZ,Agricultural & Foods,16391.176632,Africa,Eswatini
2005,SWZ,Base Metals,15677.92649,Africa,Eswatini
2005,SWZ,Chemical & Pharmaceutical,645.298527,Africa,Eswatini
2005,SWZ,Consumer Goods & Crafts,265.096406,Africa,Eswatini
2005,SWZ,Industrial Equipment & Technology,2444.016162,Africa,Eswatini
2005,SWZ,Textile & Apparel Manufacturing,158206.210397,Africa,Eswatini
2005,SYC,Agricultural & Foods,21.729185,Africa,Seychelles
2005,SYC,Art & Collectibles,7.765328,Africa,Seychelles
2005,SYC,Chemical & Pharmaceutical,236.899723,Africa,Seychelles
2005,SYC,Consumer Goods & Crafts,71.561908,Africa,Seychelles
2005,SYC,Industrial Equipment & Technology,5201.370438,Africa,Seychelles
2005,SYC,Textile & Apparel Manufacturing,20.636796,Africa,Seychelles
2005,TCD,Agricultural & Foods,20651.175289,Africa,Chad
2005,TCD,Consumer Goods & Crafts,70.662977,Africa,Chad
2005,TCD,Energy & Minerals,2026667.563448,Africa,Chad
2005,TCD,Industrial Equipment & Technology,13.177487,Africa,Chad
2005,TCD,Textile & Apparel Manufacturing,2.13356,Africa,Chad
2005,TGO,Agricultural & Foods,5967.410596,Africa,Togo
2005,TGO,Art & Collectibles,159.80612,Africa,Togo
2005,TGO,Base Metals,5478.793297,Africa,Togo
2005,TGO,Chemical & Pharmaceutical,14.445978,Africa,Togo
2005,TGO,Consumer Goods & Crafts,241.523065,Africa,Togo
2005,TGO,Energy & Minerals,58.328285,Africa,Togo
2005,TGO,Industrial Equipment & Technology,222.907714,Africa,Togo
2005,TGO,Textile & Apparel Manufacturing,218.152412,Africa,Togo
2005,TUN,Agricultural & Foods,27718.911318,Africa,Tunisia
2005,TUN,Art & Collectibles,1279.85686,Africa,Tunisia
2005,TUN,Base Metals,1873.199164,Africa,Tunisia
2005,TUN,Chemical & Pharmaceutical,2786.933829,Africa,Tunisia
2005,TUN,Consumer Goods & Crafts,12501.727639,Africa,Tunisia
2005,TUN,Energy & Minerals,167463.035453,Africa,Tunisia
2005,TUN,Industrial Equipment & Technology,12842.711511,Africa,Tunisia
2005,TUN,Textile & Apparel Manufacturing,62424.510757,Africa,Tunisia
2005,TZA,Agricultural & Foods,4840.668994,Africa,Tanzania
2005,TZA,Art & Collectibles,343.47552,Africa,Tanzania
2005,TZA,Base Metals,6484.483564,Africa,Tanzania
2005,TZA,Chemical & Pharmaceutical,5042.215571,Africa,Tanzania
2005,TZA,Consumer Goods & Crafts,20183.803996,Africa,Tanzania
2005,TZA,Energy & Minerals,33.723988,Africa,Tanzania
2005,TZA,Industrial Equipment & Technology,10677.175379,Africa,Tanzania
2005,TZA,Textile & Apparel Manufacturing,10552.987177,Africa,Tanzania
2005,UGA,Agricultural & Foods,1019.045145,Africa,Uganda
2005,UGA,Art & Collectibles,131.574484,Africa,Uganda
2005,UGA,Base Metals,3401.164277,Africa,Uganda
2005,UGA,Chemical & Pharmaceutical,9927.510362,Africa,Uganda
2005,UGA,Consumer Goods & Crafts,406.334865,Africa,Uganda
2005,UGA,Energy & Minerals,1682.665791,Africa,Uganda
2005,UGA,Industrial Equipment & Technology,21514.668421,Africa,Uganda
2005,UGA,Textile & Apparel Manufacturing,8925.15554,Africa,Uganda
2005,ZAF,Agricultural & Foods,125926.389828,Africa,South Africa
2005,ZAF,Art & Collectibles,7572.611184,Africa,South Africa
2005,ZAF,Base Metals,1183633.477204,Africa,South Africa
2005,ZAF,Chemical & Pharmaceutical,437786.030139,Africa,South Africa
2005,ZAF,Consumer Goods & Crafts,2612116.980674,Africa,South Africa
2005,ZAF,Energy & Minerals,796921.838029,Africa,South Africa
2005,ZAF,Industrial Equipment & Technology,874918.317762,Africa,South Africa
2005,ZAF,Textile & Apparel Manufacturing,137834.863925,Africa,South Africa
2005,ZMB,Agricultural & Foods,693.988261,Africa,Zambia
2005,ZMB,Art & Collectibles,65.198679,Africa,Zambia
2005,ZMB,Base Metals,48517.201206,Africa,Zambia
2005,ZMB,Chemical & Pharmaceutical,168.977353,Africa,Zambia
2005,ZMB,Consumer Goods & Crafts,1074.538173,Africa,Zambia
2005,ZMB,Energy & Minerals,522.084978,Africa,Zambia
2005,ZMB,Industrial Equipment & Technology,920.05532,Africa,Zambia
2005,ZMB,Textile & Apparel Manufacturing,216.834151,Africa,Zambia
2005,ZWE,Agricultural & Foods,20444.273809,Africa,Zimbabwe
2005,ZWE,Art & Collectibles,16115.224587,Africa,Zimbabwe
2005,ZWE,Base Metals,158341.113639,Africa,Zimbabwe
2005,ZWE,Chemical & Pharmaceutical,67.975825,Africa,Zimbabwe
2005,ZWE,Consumer Goods & Crafts,25318.216251,Africa,Zimbabwe
2005,ZWE,Energy & Minerals,6664.111145,Africa,Zimbabwe
2005,ZWE,Industrial Equipment & Technology,7895.221366,Africa,Zimbabwe
2005,ZWE,Textile & Apparel Manufacturing,8194.475268,Africa,Zimbabwe
2006,AGO,Agricultural & Foods,1.705975,Africa,Angola
2006,AGO,Art & Collectibles,1237.35414,Africa,Angola
2006,AGO,Base Metals,9751.195375,Africa,Angola
2006,AGO,Chemical & Pharmaceutical,16041.652192,Africa,Angola
2006,AGO,Consumer Goods & Crafts,41300.267857,Africa,Angola
2006,AGO,Energy & Minerals,13705340.571239,Africa,Angola
2006,AGO,Industrial Equipment & Technology,18430.893334,Africa,Angola
2006,AGO,Textile & Apparel Manufacturing,66.700264,Africa,Angola
2006,BDI,Agricultural & Foods,6.887447,Africa,Burundi
2006,BDI,Base Metals,1.158365,Africa,Burundi
2006,BDI,Chemical & Pharmaceutical,79.545911,Africa,Burundi
2006,BDI,Consumer Goods & Crafts,4.133916,Africa,Burundi
2006,BDI,Industrial Equipment & Technology,4702.391203,Africa,Burundi
2006,BDI,Textile & Apparel Manufacturing,36.715354,Africa,Burundi
2006,BEN,Agricultural & Foods,458.896181,Africa,Benin
2006,BEN,Art & Collectibles,72.058924,Africa,Benin
2006,BEN,Base Metals,0.961102,Africa,Benin
2006,BEN,Chemical & Pharmaceutical,35.792931,Africa,Benin
2006,BEN,Consumer Goods & Crafts,340.825441,Africa,Benin
2006,BEN,Industrial Equipment & Technology,13.162103,Africa,Benin
2006,BEN,Textile & Apparel Manufacturing,43.264562,Africa,Benin
2006,BFA,Agricultural & Foods,99.843454,Africa,Burkina Faso
2006,BFA,Art & Collectibles,157.958123,Africa,Burkina Faso
2006,BFA,Base Metals,29.026133,Africa,Burkina Faso
2006,BFA,Chemical & Pharmaceutical,57.995668,Africa,Burkina Faso
2006,BFA,Consumer Goods & Crafts,1180.017305,Africa,Burkina Faso
2006,BFA,Energy & Minerals,848.591719,Africa,Burkina Faso
2006,BFA,Industrial Equipment & Technology,106.333373,Africa,Burkina Faso
2006,BFA,Textile & Apparel Manufacturing,191.589022,Africa,Burkina Faso
2006,BWA,Art & Collectibles,5.214432,Africa,Botswana
2006,BWA,Chemical & Pharmaceutical,41.333973,Africa,Botswana
2006,BWA,Consumer Goods & Crafts,272029.687364,Africa,Botswana
2006,BWA,Industrial Equipment & Technology,760.362575,Africa,Botswana
2006,BWA,Textile & Apparel Manufacturing,36890.367657,Africa,Botswana
2006,CAF,Agricultural & Foods,456.322939,Africa,Central African Republic
2006,CAF,Art & Collectibles,124.806876,Africa,Central African Republic
2006,CAF,Chemical & Pharmaceutical,6.076279,Africa,Central African Republic
2006,CAF,Consumer Goods & Crafts,7009.138633,Africa,Central African Republic
2006,CAF,Industrial Equipment & Technology,269.464256,Africa,Central African Republic
2006,CAF,Textile & Apparel Manufacturing,3.895978,Africa,Central African Republic
2006,CIV,Agricultural & Foods,733495.727132,Africa,Côte d'Ivoire
2006,CIV,Art & Collectibles,9979.796532,Africa,Côte d'Ivoire
2006,CIV,Base Metals,6323.338228,Africa,Côte d'Ivoire
2006,CIV,Chemical & Pharmaceutical,15170.291136,Africa,Côte d'Ivoire
2006,CIV,Consumer Goods & Crafts,33501.841824,Africa,Côte d'Ivoire
2006,CIV,Energy & Minerals,305687.028189,Africa,Côte d'Ivoire
2006,CIV,Industrial Equipment & Technology,9853.16662,Africa,Côte d'Ivoire
2006,CIV,Textile & Apparel Manufacturing,721.288995,Africa,Côte d'Ivoire
2006,CMR,Agricultural & Foods,23122.713472,Africa,Cameroon
2006,CMR,Art & Collectibles,1194.69856,Africa,Cameroon
2006,CMR,Base Metals,893.895021,Africa,Cameroon
2006,CMR,Chemical & Pharmaceutical,13064.488549,Africa,Cameroon
2006,CMR,Consumer Goods & Crafts,35732.603594,Africa,Cameroon
2006,CMR,Energy & Minerals,292260.869928,Africa,Cameroon
2006,CMR,Industrial Equipment & Technology,14946.121089,Africa,Cameroon
2006,CMR,Textile & Apparel Manufacturing,996.764634,Africa,Cameroon
2006,COD,Agricultural & Foods,2292.676695,Africa,DR Congo
2006,COD,Art & Collectibles,7419.484236,Africa,DR Congo
2006,COD,Base Metals,4642.070449,Africa,DR Congo
2006,COD,Chemical & Pharmaceutical,1103.569426,Africa,DR Congo
2006,COD,Consumer Goods & Crafts,132551.332259,Africa,DR Congo
2006,COD,Energy & Minerals,1313.047193,Africa,DR Congo
2006,COD,Industrial Equipment & Technology,2596.926687,Africa,DR Congo
2006,COD,Textile & Apparel Manufacturing,47.919003,Africa,DR Congo
2006,COG,Art & Collectibles,8461.739528,Africa,Congo Republic
2006,COG,Base Metals,7.398016,Africa,Congo Republic
2006,COG,Chemical & Pharmaceutical,196.059185,Africa,Congo Republic
2006,COG,Consumer Goods & Crafts,11859.788523,Africa,Congo Republic
2006,COG,Energy & Minerals,4657283.344011,Africa,Congo Republic
2006,COG,Industrial Equipment & Technology,606.746104,Africa,Congo Republic
2006,COM,Agricultural & Foods,4.127327,Africa,Comoros
2006,COM,Chemical & Pharmaceutical,134.992767,Africa,Comoros
2006,COM,Industrial Equipment & Technology,1877.005002,Africa,Comoros
2006,COM,Textile & Apparel Manufacturing,27.066873,Africa,Comoros
2006,CPV,Agricultural & Foods,293.75648,Africa,Cabo Verde
2006,CPV,Base Metals,99.524221,Africa,Cabo Verde
2006,CPV,Chemical & Pharmaceutical,27.408519,Africa,Cabo Verde
2006,CPV,Consumer Goods & Crafts,109.634077,Africa,Cabo Verde
2006,CPV,Industrial Equipment & Technology,485.573765,Africa,Cabo Verde
2006,CPV,Textile & Apparel Manufacturing,1.151903,Africa,Cabo Verde
2006,DJI,Chemical & Pharmaceutical,1.258962,Africa,Djibouti
2006,DJI,Consumer Goods & Crafts,7.720622,Africa,Djibouti
2006,DJI,Industrial Equipment & Technology,1298.458371,Africa,Djibouti
2006,DJI,Textile & Apparel Manufacturing,0.834252,Africa,Djibouti
2006,DZA,Agricultural & Foods,394.512433,Africa,Algeria
2006,DZA,Art & Collectibles,31.550107,Africa,Algeria
2006,DZA,Base Metals,1617.950302,Africa,Algeria
2006,DZA,Chemical & Pharmaceutical,27801.552102,Africa,Algeria
2006,DZA,Consumer Goods & Crafts,207.569834,Africa,Algeria
2006,DZA,Energy & Minerals,22036163.423689,Africa,Algeria
2006,DZA,Industrial Equipment & Technology,3823.662555,Africa,Algeria
2006,DZA,Textile & Apparel Manufacturing,4.477743,Africa,Algeria
2006,EGY,Agricultural & Foods,60466.380622,Africa,Egypt
2006,EGY,Art & Collectibles,22536.987666,Africa,Egypt
2006,EGY,Base Metals,656779.608222,Africa,Egypt
2006,EGY,Chemical & Pharmaceutical,70751.225565,Africa,Egypt
2006,EGY,Consumer Goods & Crafts,81254.410894,Africa,Egypt
2006,EGY,Energy & Minerals,1718255.104948,Africa,Egypt
2006,EGY,Industrial Equipment & Technology,21905.348826,Africa,Egypt
2006,EGY,Textile & Apparel Manufacturing,1385158.719288,Africa,Egypt
2006,ERI,Agricultural & Foods,,Africa,Eritrea
2006,ERI,Art & Collectibles,,Africa,Eritrea
2006,ERI,Base Metals,,Africa,Eritrea
2006,ERI,Chemical & Pharmaceutical,,Africa,Eritrea
2006,ERI,Consumer Goods & Crafts,,Africa,Eritrea
2006,ERI,Industrial Equipment & Technology,,Africa,Eritrea
2006,ERI,Textile & Apparel Manufacturing,,Africa,Eritrea
2006,ETH,Agricultural & Foods,23132.09883,Africa,Ethiopia
2006,ETH,Art & Collectibles,3195.108749,Africa,Ethiopia
2006,ETH,Base Metals,27.670738,Africa,Ethiopia
2006,ETH,Chemical & Pharmaceutical,92.374332,Africa,Ethiopia
2006,ETH,Consumer Goods & Crafts,1093.102442,Africa,Ethiopia
2006,ETH,Energy & Minerals,16.195411,Africa,Ethiopia
2006,ETH,Industrial Equipment & Technology,81676.55085,Africa,Ethiopia
2006,ETH,Textile & Apparel Manufacturing,15595.919409,Africa,Ethiopia
2006,GAB,Agricultural & Foods,985.512764,Africa,Gabon
2006,GAB,Art & Collectibles,3981.975454,Africa,Gabon
2006,GAB,Base Metals,70.842644,Africa,Gabon
2006,GAB,Chemical & Pharmaceutical,1893.66952,Africa,Gabon
2006,GAB,Consumer Goods & Crafts,6088.187848,Africa,Gabon
2006,GAB,Energy & Minerals,1748110.336585,Africa,Gabon
2006,GAB,Industrial Equipment & Technology,3366.852863,Africa,Gabon
2006,GAB,Textile & Apparel Manufacturing,7.40738,Africa,Gabon
2006,GHA,Agricultural & Foods,78059.360555,Africa,Ghana
2006,GHA,Art & Collectibles,94.584344,Africa,Ghana
2006,GHA,Base Metals,142.280308,Africa,Ghana
2006,GHA,Chemical & Pharmaceutical,1573.641619,Africa,Ghana
2006,GHA,Consumer Goods & Crafts,49206.565013,Africa,Ghana
2006,GHA,Energy & Minerals,53251.118944,Africa,Ghana
2006,GHA,Industrial Equipment & Technology,742.879573,Africa,Ghana
2006,GHA,Textile & Apparel Manufacturing,12671.289179,Africa,Ghana
2006,GIN,Agricultural & Foods,1339.011176,Africa,Guinea
2006,GIN,Art & Collectibles,857.991321,Africa,Guinea
2006,GIN,Base Metals,18.816994,Africa,Guinea
2006,GIN,Chemical & Pharmaceutical,495.836837,Africa,Guinea
2006,GIN,Consumer Goods & Crafts,43909.910259,Africa,Guinea
2006,GIN,Energy & Minerals,215317.091445,Africa,Guinea
2006,GIN,Industrial Equipment & Technology,2132.446225,Africa,Guinea
2006,GIN,Textile & Apparel Manufacturing,46.247288,Africa,Guinea
2006,GMB,Agricultural & Foods,2.971394,Africa,Gambia
2006,GMB,Art & Collectibles,2.80031,Africa,Gambia
2006,GMB,Base Metals,33.003736,Africa,Gambia
2006,GMB,Chemical & Pharmaceutical,47.17518,Africa,Gambia
2006,GMB,Consumer Goods & Crafts,161.857191,Africa,Gambia
2006,GMB,Industrial Equipment & Technology,85.383904,Africa,Gambia
2006,GMB,Textile & Apparel Manufacturing,27.398364,Africa,Gambia
2006,GNB,Base Metals,98.341391,Africa,Guinea-Bissau
2006,GNB,Consumer Goods & Crafts,224.252818,Africa,Guinea-Bissau
2006,GNB,Industrial Equipment & Technology,495.163402,Africa,Guinea-Bissau
2006,GNQ,Agricultural & Foods,72.152232,Africa,Equatorial Guinea
2006,GNQ,Art & Collectibles,7.075969,Africa,Equatorial Guinea
2006,GNQ,Chemical & Pharmaceutical,131782.562332,Africa,Equatorial Guinea
2006,GNQ,Consumer Goods & Crafts,20.09509,Africa,Equatorial Guinea
2006,GNQ,Energy & Minerals,2379913.601669,Africa,Equatorial Guinea
2006,GNQ,Industrial Equipment & Technology,435.891876,Africa,Equatorial Guinea
2006,GNQ,Textile & Apparel Manufacturing,8.203262,Africa,Equatorial Guinea
2006,KEN,Agricultural & Foods,25765.873961,Africa,Kenya
2006,KEN,Art & Collectibles,1638.486048,Africa,Kenya
2006,KEN,Base Metals,18245.657555,Africa,Kenya
2006,KEN,Chemical & Pharmaceutical,15936.259995,Africa,Kenya
2006,KEN,Consumer Goods & Crafts,20707.122984,Africa,Kenya
2006,KEN,Energy & Minerals,2570.360193,Africa,Kenya
2006,KEN,Industrial Equipment & Technology,78290.097725,Africa,Kenya
2006,KEN,Textile & Apparel Manufacturing,587496.584479,Africa,Kenya
2006,LBR,Agricultural & Foods,277.852388,Africa,Liberia
2006,LBR,Art & Collectibles,5.171486,Africa,Liberia
2006,LBR,Chemical & Pharmaceutical,289402.82095,Africa,Liberia
2006,LBR,Energy & Minerals,21872.070025,Africa,Liberia
2006,LBR,Industrial Equipment & Technology,87.667963,Africa,Liberia
2006,LBR,Textile & Apparel Manufacturing,266.641717,Africa,Liberia
2006,LBY,Agricultural & Foods,22.544685,Africa,Libya
2006,LBY,Chemical & Pharmaceutical,27581.421118,Africa,Libya
2006,LBY,Consumer Goods & Crafts,12.876576,Africa,Libya
2006,LBY,Energy & Minerals,2926969.843433,Africa,Libya
2006,LBY,Textile & Apparel Manufacturing,5.109949,Africa,Libya
2006,LSO,Base Metals,12.82132,Africa,Lesotho
2006,LSO,Chemical & Pharmaceutical,243.110247,Africa,Lesotho
2006,LSO,Consumer Goods & Crafts,21680.156191,Africa,Lesotho
2006,LSO,Industrial Equipment & Technology,2.873912,Africa,Lesotho
2006,LSO,Textile & Apparel Manufacturing,440066.648622,Africa,Lesotho
2006,MAR,Agricultural & Foods,107723.915505,Africa,Morocco
2006,MAR,Art & Collectibles,6990.437387,Africa,Morocco
2006,MAR,Base Metals,21506.227607,Africa,Morocco
2006,MAR,Chemical & Pharmaceutical,22932.29256,Africa,Morocco
2006,MAR,Consumer Goods & Crafts,23033.610687,Africa,Morocco
2006,MAR,Energy & Minerals,191930.098428,Africa,Morocco
2006,MAR,Industrial Equipment & Technology,171558.977006,Africa,Morocco
2006,MAR,Textile & Apparel Manufacturing,143216.210726,Africa,Morocco
2006,MDG,Agricultural & Foods,3215.854203,Africa,Madagascar
2006,MDG,Art & Collectibles,603.879074,Africa,Madagascar
2006,MDG,Base Metals,138.695407,Africa,Madagascar
2006,MDG,Chemical & Pharmaceutical,3361.73616,Africa,Madagascar
2006,MDG,Consumer Goods & Crafts,7401.158971,Africa,Madagascar
2006,MDG,Energy & Minerals,1605.951362,Africa,Madagascar
2006,MDG,Industrial Equipment & Technology,53567.831815,Africa,Madagascar
2006,MDG,Textile & Apparel Manufacturing,396761.576399,Africa,Madagascar
2006,MLI,Agricultural & Foods,518.447621,Africa,Mali
2006,MLI,Art & Collectibles,5270.727868,Africa,Mali
2006,MLI,Base Metals,49.215958,Africa,Mali
2006,MLI,Chemical & Pharmaceutical,462.530387,Africa,Mali
2006,MLI,Consumer Goods & Crafts,2497.893683,Africa,Mali
2006,MLI,Energy & Minerals,36.507567,Africa,Mali
2006,MLI,Industrial Equipment & Technology,6313.285514,Africa,Mali
2006,MLI,Textile & Apparel Manufacturing,124.174431,Africa,Mali
2006,MOZ,Agricultural & Foods,13334.789465,Africa,Mozambique
2006,MOZ,Art & Collectibles,26.19514,Africa,Mozambique
2006,MOZ,Base Metals,1186.818052,Africa,Mozambique
2006,MOZ,Chemical & Pharmaceutical,1852.814845,Africa,Mozambique
2006,MOZ,Consumer Goods & Crafts,227.357753,Africa,Mozambique
2006,MOZ,Industrial Equipment & Technology,228.506855,Africa,Mozambique
2006,MOZ,Textile & Apparel Manufacturing,1835.82448,Africa,Mozambique
2006,MRT,Agricultural & Foods,209.230781,Africa,Mauritania
2006,MRT,Chemical & Pharmaceutical,52.102774,Africa,Mauritania
2006,MRT,Consumer Goods & Crafts,65.359004,Africa,Mauritania
2006,MRT,Energy & Minerals,82756.783303,Africa,Mauritania
2006,MRT,Industrial Equipment & Technology,47.973301,Africa,Mauritania
2006,MRT,Textile & Apparel Manufacturing,28.702943,Africa,Mauritania
2006,MUS,Agricultural & Foods,56776.238746,Africa,Mauritius
2006,MUS,Art & Collectibles,37.935398,Africa,Mauritius
2006,MUS,Base Metals,53.063436,Africa,Mauritius
2006,MUS,Chemical & Pharmaceutical,11266.156139,Africa,Mauritius
2006,MUS,Consumer Goods & Crafts,28790.823778,Africa,Mauritius
2006,MUS,Energy & Minerals,15.964435,Africa,Mauritius
2006,MUS,Industrial Equipment & Technology,39061.257259,Africa,Mauritius
2006,MUS,Textile & Apparel Manufacturing,162920.36751,Africa,Mauritius
2006,MWI,Agricultural & Foods,68620.809197,Africa,Malawi
2006,MWI,Art & Collectibles,3.06103,Africa,Malawi
2006,MWI,Base Metals,1475.053173,Africa,Malawi
2006,MWI,Chemical & Pharmaceutical,63.804746,Africa,Malawi
2006,MWI,Consumer Goods & Crafts,196.53308,Africa,Malawi
2006,MWI,Energy & Minerals,2.794475,Africa,Malawi
2006,MWI,Industrial Equipment & Technology,3090.355432,Africa,Malawi
2006,MWI,Textile & Apparel Manufacturing,20644.885045,Africa,Malawi
2006,NAM,Agricultural & Foods,156.953311,Africa,Namibia
2006,NAM,Art & Collectibles,158.381992,Africa,Namibia
2006,NAM,Base Metals,40.85895,Africa,Namibia
2006,NAM,Chemical & Pharmaceutical,10801.826103,Africa,Namibia
2006,NAM,Consumer Goods & Crafts,16565.447288,Africa,Namibia
2006,NAM,Energy & Minerals,102817.240469,Africa,Namibia
2006,NAM,Industrial Equipment & Technology,553.063606,Africa,Namibia
2006,NAM,Textile & Apparel Manufacturing,57211.520228,Africa,Namibia
2006,NER,Agricultural & Foods,1413.715113,Africa,Niger
2006,NER,Art & Collectibles,8103.95791,Africa,Niger
2006,NER,Base Metals,54.985033,Africa,Niger
2006,NER,Chemical & Pharmaceutical,192.495972,Africa,Niger
2006,NER,Consumer Goods & Crafts,285.798139,Africa,Niger
2006,NER,Energy & Minerals,170156.078741,Africa,Niger
2006,NER,Industrial Equipment & Technology,1463.804776,Africa,Niger
2006,NER,Textile & Apparel Manufacturing,15405.939329,Africa,Niger
2006,NGA,Agricultural & Foods,5457.324454,Africa,Nigeria
2006,NGA,Art & Collectibles,1548.499236,Africa,Nigeria
2006,NGA,Base Metals,872.11346,Africa,Nigeria
2006,NGA,Chemical & Pharmaceutical,4744.142627,Africa,Nigeria
2006,NGA,Consumer Goods & Crafts,4853.600456,Africa,Nigeria
2006,NGA,Energy & Minerals,12132779.565943,Africa,Nigeria
2006,NGA,Industrial Equipment & Technology,69086.729561,Africa,Nigeria
2006,NGA,Textile & Apparel Manufacturing,827.704376,Africa,Nigeria
2006,RWA,Agricultural & Foods,128.037596,Africa,Rwanda
2006,RWA,Art & Collectibles,262.885718,Africa,Rwanda
2006,RWA,Base Metals,25.39384,Africa,Rwanda
2006,RWA,Chemical & Pharmaceutical,1.565169,Africa,Rwanda
2006,RWA,Consumer Goods & Crafts,554.201702,Africa,Rwanda
2006,RWA,Energy & Minerals,3578.287089,Africa,Rwanda
2006,RWA,Industrial Equipment & Technology,10686.390036,Africa,Rwanda
2006,RWA,Textile & Apparel Manufacturing,93.411984,Africa,Rwanda
2006,SDN,Agricultural & Foods,7282.072856,Africa,Sudan
2006,SDN,Industrial Equipment & Technology,3338.621823,Africa,Sudan
2006,SEN,Agricultural & Foods,18668.284313,Africa,Senegal
2006,SEN,Art & Collectibles,70.92386,Africa,Senegal
2006,SEN,Base Metals,52.305234,Africa,Senegal
2006,SEN,Chemical & Pharmaceutical,4008.657419,Africa,Senegal
2006,SEN,Consumer Goods & Crafts,378.279502,Africa,Senegal
2006,SEN,Energy & Minerals,970.611292,Africa,Senegal
2006,SEN,Industrial Equipment & Technology,6680.118079,Africa,Senegal
2006,SEN,Textile & Apparel Manufacturing,997.341066,Africa,Senegal
2006,SLE,Agricultural & Foods,108.240752,Africa,Sierra Leone
2006,SLE,Art & Collectibles,6.420926,Africa,Sierra Leone
2006,SLE,Base Metals,162.53807,Africa,Sierra Leone
2006,SLE,Chemical & Pharmaceutical,387.285373,Africa,Sierra Leone
2006,SLE,Consumer Goods & Crafts,6474.232251,Africa,Sierra Leone
2006,SLE,Energy & Minerals,37582.76965,Africa,Sierra Leone
2006,SLE,Industrial Equipment & Technology,1136.551803,Africa,Sierra Leone
2006,SLE,Textile & Apparel Manufacturing,664.185435,Africa,Sierra Leone
2006,SOM,Agricultural & Foods,,Africa,Somalia
2006,SOM,Chemical & Pharmaceutical,,Africa,Somalia
2006,SOM,Consumer Goods & Crafts,,Africa,Somalia
2006,SOM,Industrial Equipment & Technology,,Africa,Somalia
2006,SOM,Textile & Apparel Manufacturing,,Africa,Somalia
2006,STP,Agricultural & Foods,24.29696,Africa,Sao Tome and Principe
2006,STP,Art & Collectibles,58.571988,Africa,Sao Tome and Principe
2006,STP,Base Metals,47.891085,Africa,Sao Tome and Principe
2006,STP,Chemical & Pharmaceutical,169.83473,Africa,Sao Tome and Principe
2006,STP,Consumer Goods & Crafts,190.650291,Africa,Sao Tome and Principe
2006,STP,Industrial Equipment & Technology,126.739672,Africa,Sao Tome and Principe
2006,STP,Textile & Apparel Manufacturing,120.763757,Africa,Sao Tome and Principe
2006,SWZ,Agricultural & Foods,16065.868939,Africa,Eswatini
2006,SWZ,Base Metals,301.657394,Africa,Eswatini
2006,SWZ,Chemical & Pharmaceutical,766.87984,Africa,Eswatini
2006,SWZ,Consumer Goods & Crafts,2509.975344,Africa,Eswatini
2006,SWZ,Industrial Equipment & Technology,1377.873239,Africa,Eswatini
2006,SWZ,Textile & Apparel Manufacturing,136190.285861,Africa,Eswatini
2006,SYC,Agricultural & Foods,163.593098,Africa,Seychelles
2006,SYC,Base Metals,177.507528,Africa,Seychelles
2006,SYC,Chemical & Pharmaceutical,243.383639,Africa,Seychelles
2006,SYC,Consumer Goods & Crafts,67.413811,Africa,Seychelles
2006,SYC,Industrial Equipment & Technology,8731.514017,Africa,Seychelles
2006,SYC,Textile & Apparel Manufacturing,118.802201,Africa,Seychelles
2006,TCD,Agricultural & Foods,24122.718863,Africa,Chad
2006,TCD,Base Metals,3.551323,Africa,Chad
2006,TCD,Chemical & Pharmaceutical,1101.428118,Africa,Chad
2006,TCD,Consumer Goods & Crafts,158.902736,Africa,Chad
2006,TCD,Energy & Minerals,2292310.428189,Africa,Chad
2006,TCD,Industrial Equipment & Technology,78.524986,Africa,Chad
2006,TCD,Textile & Apparel Manufacturing,7.713714,Africa,Chad
2006,TGO,Agricultural & Foods,1105.701409,Africa,Togo
2006,TGO,Art & Collectibles,7.069639,Africa,Togo
2006,TGO,Base Metals,14.625125,Africa,Togo
2006,TGO,Chemical & Pharmaceutical,33.415843,Africa,Togo
2006,TGO,Consumer Goods & Crafts,749.637034,Africa,Togo
2006,TGO,Energy & Minerals,3081.760625,Africa,Togo
2006,TGO,Industrial Equipment & Technology,53.461209,Africa,Togo
2006,TGO,Textile & Apparel Manufacturing,85.8184,Africa,Togo
2006,TUN,Agricultural & Foods,66372.641423,Africa,Tunisia
2006,TUN,Art & Collectibles,1232.209317,Africa,Tunisia
2006,TUN,Base Metals,1611.363826,Africa,Tunisia
2006,TUN,Chemical & Pharmaceutical,8478.944014,Africa,Tunisia
2006,TUN,Consumer Goods & Crafts,60942.695549,Africa,Tunisia
2006,TUN,Energy & Minerals,313726.081627,Africa,Tunisia
2006,TUN,Industrial Equipment & Technology,18800.939088,Africa,Tunisia
2006,TUN,Textile & Apparel Manufacturing,56843.568081,Africa,Tunisia
2006,TZA,Agricultural & Foods,4915.967791,Africa,Tanzania
2006,TZA,Art & Collectibles,564.920354,Africa,Tanzania
2006,TZA,Base Metals,13326.836911,Africa,Tanzania
2006,TZA,Chemical & Pharmaceutical,7176.745623,Africa,Tanzania
2006,TZA,Consumer Goods & Crafts,12163.096331,Africa,Tanzania
2006,TZA,Energy & Minerals,7.047763,Africa,Tanzania
2006,TZA,Industrial Equipment & Technology,11796.096001,Africa,Tanzania
2006,TZA,Textile & Apparel Manufacturing,8429.27281,Africa,Tanzania
2006,UGA,Agricultural & Foods,73.681983,Africa,Uganda
2006,UGA,Art & Collectibles,121.945427,Africa,Uganda
2006,UGA,Base Metals,5642.951331,Africa,Uganda
2006,UGA,Chemical & Pharmaceutical,8896.91514,Africa,Uganda
2006,UGA,Consumer Goods & Crafts,381.649574,Africa,Uganda
2006,UGA,Energy & Minerals,4622.770826,Africa,Uganda
2006,UGA,Industrial Equipment & Technology,15764.133805,Africa,Uganda
2006,UGA,Textile & Apparel Manufacturing,3029.826518,Africa,Uganda
2006,ZAF,Agricultural & Foods,162210.559685,Africa,South Africa
2006,ZAF,Art & Collectibles,12698.064623,Africa,South Africa
2006,ZAF,Base Metals,1424612.584238,Africa,South Africa
2006,ZAF,Chemical & Pharmaceutical,446653.739528,Africa,South Africa
2006,ZAF,Consumer Goods & Crafts,3515640.771552,Africa,South Africa
2006,ZAF,Energy & Minerals,712119.869293,Africa,South Africa
2006,ZAF,Industrial Equipment & Technology,1165493.201706,Africa,South Africa
2006,ZAF,Textile & Apparel Manufacturing,115754.893035,Africa,South Africa
2006,ZMB,Agricultural & Foods,290.502223,Africa,Zambia
2006,ZMB,Art & Collectibles,271.963094,Africa,Zambia
2006,ZMB,Base Metals,21523.930332,Africa,Zambia
2006,ZMB,Chemical & Pharmaceutical,214.138743,Africa,Zambia
2006,ZMB,Consumer Goods & Crafts,1312.27346,Africa,Zambia
2006,ZMB,Energy & Minerals,176.115224,Africa,Zambia
2006,ZMB,Industrial Equipment & Technology,1152.544093,Africa,Zambia
2006,ZMB,Textile & Apparel Manufacturing,75.821705,Africa,Zambia
2006,ZWE,Agricultural & Foods,52740.365115,Africa,Zimbabwe
2006,ZWE,Art & Collectibles,5855.435247,Africa,Zimbabwe
2006,ZWE,Base Metals,148839.600562,Africa,Zimbabwe
2006,ZWE,Chemical & Pharmaceutical,939.345445,Africa,Zimbabwe
2006,ZWE,Consumer Goods & Crafts,28882.647226,Africa,Zimbabwe
2006,ZWE,Energy & Minerals,5824.669802,Africa,Zimbabwe
2006,ZWE,Industrial Equipment & Technology,336257.899731,Africa,Zimbabwe
2006,ZWE,Textile & Apparel Manufacturing,7417.341987,Africa,Zimbabwe
2007,AGO,Chemical & Pharmaceutical,12683.984751,Africa,Angola
2007,AGO,Consumer Goods & Crafts,45557.821831,Africa,Angola
2007,AGO,Energy & Minerals,13463583.900935,Africa,Angola
2007,AGO,Industrial Equipment & Technology,558.521972,Africa,Angola
2007,BDI,Art & Collectibles,0.827467,Africa,Burundi
2007,BDI,Chemical & Pharmaceutical,77.245087,Africa,Burundi
2007,BDI,Consumer Goods & Crafts,62.976558,Africa,Burundi
2007,BDI,Industrial Equipment & Technology,3619.297896,Africa,Burundi
2007,BEN,Agricultural & Foods,332.674186,Africa,Benin
2007,BEN,Art & Collectibles,4883.612761,Africa,Benin
2007,BEN,Base Metals,1.672107,Africa,Benin
2007,BEN,Chemical & Pharmaceutical,65.577818,Africa,Benin
2007,BEN,Consumer Goods & Crafts,707.411895,Africa,Benin
2007,BEN,Industrial Equipment & Technology,10.148826,Africa,Benin
2007,BEN,Textile & Apparel Manufacturing,3.553798,Africa,Benin
2007,BFA,Agricultural & Foods,253.822307,Africa,Burkina Faso
2007,BFA,Art & Collectibles,754.057491,Africa,Burkina Faso
2007,BFA,Base Metals,22.469567,Africa,Burkina Faso
2007,BFA,Chemical & Pharmaceutical,14.968037,Africa,Burkina Faso
2007,BFA,Consumer Goods & Crafts,1127.145436,Africa,Burkina Faso
2007,BFA,Energy & Minerals,3.843513,Africa,Burkina Faso
2007,BFA,Industrial Equipment & Technology,1117.32327,Africa,Burkina Faso
2007,BFA,Textile & Apparel Manufacturing,51.195381,Africa,Burkina Faso
2007,BWA,Art & Collectibles,19.982476,Africa,Botswana
2007,BWA,Chemical & Pharmaceutical,4.634112,Africa,Botswana
2007,BWA,Consumer Goods & Crafts,188319.818377,Africa,Botswana
2007,BWA,Industrial Equipment & Technology,169.40579,Africa,Botswana
2007,BWA,Textile & Apparel Manufacturing,40156.711764,Africa,Botswana
2007,CAF,Agricultural & Foods,926.94155,Africa,Central African Republic
2007,CAF,Art & Collectibles,31.77723,Africa,Central African Republic
2007,CAF,Chemical & Pharmaceutical,14.962225,Africa,Central African Republic
2007,CAF,Consumer Goods & Crafts,3752.259263,Africa,Central African Republic
2007,CAF,Industrial Equipment & Technology,384.119927,Africa,Central African Republic
2007,CAF,Textile & Apparel Manufacturing,64.180288,Africa,Central African Republic
2007,CIV,Agricultural & Foods,601257.415158,Africa,Côte d'Ivoire
2007,CIV,Art & Collectibles,4741.511689,Africa,Côte d'Ivoire
2007,CIV,Base Metals,7362.632658,Africa,Côte d'Ivoire
2007,CIV,Chemical & Pharmaceutical,15516.30731,Africa,Côte d'Ivoire
2007,CIV,Consumer Goods & Crafts,37105.325388,Africa,Côte d'Ivoire
2007,CIV,Energy & Minerals,149284.905768,Africa,Côte d'Ivoire
2007,CIV,Industrial Equipment & Technology,8554.015741,Africa,Côte d'Ivoire
2007,CIV,Textile & Apparel Manufacturing,1178.098759,Africa,Côte d'Ivoire
2007,CMR,Agricultural & Foods,16135.787924,Africa,Cameroon
2007,CMR,Art & Collectibles,5474.828744,Africa,Cameroon
2007,CMR,Base Metals,1283.10077,Africa,Cameroon
2007,CMR,Chemical & Pharmaceutical,12321.76907,Africa,Cameroon
2007,CMR,Consumer Goods & Crafts,52320.570383,Africa,Cameroon
2007,CMR,Energy & Minerals,267819.785755,Africa,Cameroon
2007,CMR,Industrial Equipment & Technology,15084.00726,Africa,Cameroon
2007,CMR,Textile & Apparel Manufacturing,3300.369488,Africa,Cameroon
2007,COD,Agricultural & Foods,4256.279346,Africa,DR Congo
2007,COD,Art & Collectibles,9873.740171,Africa,DR Congo
2007,COD,Base Metals,4958.930088,Africa,DR Congo
2007,COD,Chemical & Pharmaceutical,826.427537,Africa,DR Congo
2007,COD,Consumer Goods & Crafts,245431.257451,Africa,DR Congo
2007,COD,Energy & Minerals,68289.290744,Africa,DR Congo
2007,COD,Industrial Equipment & Technology,1040.117587,Africa,DR Congo
2007,COD,Textile & Apparel Manufacturing,87.400976,Africa,DR Congo
2007,COG,Agricultural & Foods,2839.252711,Africa,Congo Republic
2007,COG,Art & Collectibles,1593.078732,Africa,Congo Republic
2007,COG,Base Metals,470.815532,Africa,Congo Republic
2007,COG,Chemical & Pharmaceutical,323.916907,Africa,Congo Republic
2007,COG,Consumer Goods & Crafts,15984.640561,Africa,Congo Republic
2007,COG,Energy & Minerals,4000206.2461,Africa,Congo Republic
2007,COG,Industrial Equipment & Technology,5369.529731,Africa,Congo Republic
2007,COG,Textile & Apparel Manufacturing,11.202443,Africa,Congo Republic
2007,COM,Agricultural & Foods,6.818083,Africa,Comoros
2007,COM,Chemical & Pharmaceutical,206.341314,Africa,Comoros
2007,COM,Industrial Equipment & Technology,173.158115,Africa,Comoros
2007,COM,Textile & Apparel Manufacturing,237.198999,Africa,Comoros
2007,CPV,Agricultural & Foods,415.478665,Africa,Cabo Verde
2007,CPV,Art & Collectibles,2.407573,Africa,Cabo Verde
2007,CPV,Base Metals,27.412846,Africa,Cabo Verde
2007,CPV,Chemical & Pharmaceutical,120.217658,Africa,Cabo Verde
2007,CPV,Consumer Goods & Crafts,76.212628,Africa,Cabo Verde
2007,CPV,Industrial Equipment & Technology,1879.404502,Africa,Cabo Verde
2007,CPV,Textile & Apparel Manufacturing,52.106841,Africa,Cabo Verde
2007,DJI,Agricultural & Foods,235.273128,Africa,Djibouti
2007,DJI,Base Metals,7.830156,Africa,Djibouti
2007,DJI,Chemical & Pharmaceutical,15.567835,Africa,Djibouti
2007,DJI,Consumer Goods & Crafts,21.396742,Africa,Djibouti
2007,DJI,Industrial Equipment & Technology,1324.323648,Africa,Djibouti
2007,DJI,Textile & Apparel Manufacturing,1.228203,Africa,Djibouti
2007,DZA,Agricultural & Foods,36.080654,Africa,Algeria
2007,DZA,Art & Collectibles,2763.462854,Africa,Algeria
2007,DZA,Base Metals,1874.464419,Africa,Algeria
2007,DZA,Chemical & Pharmaceutical,46625.435119,Africa,Algeria
2007,DZA,Consumer Goods & Crafts,1243.898931,Africa,Algeria
2007,DZA,Energy & Minerals,22950928.77104,Africa,Algeria
2007,DZA,Industrial Equipment & Technology,1690.024133,Africa,Algeria
2007,DZA,Textile & Apparel Manufacturing,424.583576,Africa,Algeria
2007,EGY,Agricultural & Foods,57621.275117,Africa,Egypt
2007,EGY,Art & Collectibles,36702.532037,Africa,Egypt
2007,EGY,Base Metals,40684.671979,Africa,Egypt
2007,EGY,Chemical & Pharmaceutical,289134.255183,Africa,Egypt
2007,EGY,Consumer Goods & Crafts,99117.428186,Africa,Egypt
2007,EGY,Energy & Minerals,1665443.415161,Africa,Egypt
2007,EGY,Industrial Equipment & Technology,28394.955068,Africa,Egypt
2007,EGY,Textile & Apparel Manufacturing,1302475.389494,Africa,Egypt
2007,ERI,Agricultural & Foods,,Africa,Eritrea
2007,ERI,Chemical & Pharmaceutical,,Africa,Eritrea
2007,ERI,Consumer Goods & Crafts,,Africa,Eritrea
2007,ERI,Industrial Equipment & Technology,,Africa,Eritrea
2007,ETH,Agricultural & Foods,49094.040277,Africa,Ethiopia
2007,ETH,Art & Collectibles,5061.88591,Africa,Ethiopia
2007,ETH,Base Metals,88.463309,Africa,Ethiopia
2007,ETH,Chemical & Pharmaceutical,100.785207,Africa,Ethiopia
2007,ETH,Consumer Goods & Crafts,5829.845444,Africa,Ethiopia
2007,ETH,Energy & Minerals,131.4353,Africa,Ethiopia
2007,ETH,Industrial Equipment & Technology,80043.171684,Africa,Ethiopia
2007,ETH,Textile & Apparel Manufacturing,17623.067616,Africa,Ethiopia
2007,GAB,Agricultural & Foods,731.740842,Africa,Gabon
2007,GAB,Art & Collectibles,9080.320116,Africa,Gabon
2007,GAB,Base Metals,216.846159,Africa,Gabon
2007,GAB,Chemical & Pharmaceutical,1569.7725,Africa,Gabon
2007,GAB,Consumer Goods & Crafts,8698.260825,Africa,Gabon
2007,GAB,Energy & Minerals,2466637.331812,Africa,Gabon
2007,GAB,Industrial Equipment & Technology,1122.29349,Africa,Gabon
2007,GAB,Textile & Apparel Manufacturing,2.315091,Africa,Gabon
2007,GHA,Agricultural & Foods,50956.043788,Africa,Ghana
2007,GHA,Art & Collectibles,159.137642,Africa,Ghana
2007,GHA,Base Metals,217.263639,Africa,Ghana
2007,GHA,Chemical & Pharmaceutical,3999.996326,Africa,Ghana
2007,GHA,Consumer Goods & Crafts,61638.821346,Africa,Ghana
2007,GHA,Energy & Minerals,72293.688628,Africa,Ghana
2007,GHA,Industrial Equipment & Technology,2291.970448,Africa,Ghana
2007,GHA,Textile & Apparel Manufacturing,9446.292475,Africa,Ghana
2007,GIN,Agricultural & Foods,713.243911,Africa,Guinea
2007,GIN,Art & Collectibles,303.432783,Africa,Guinea
2007,GIN,Base Metals,98.937552,Africa,Guinea
2007,GIN,Chemical & Pharmaceutical,1560.19153,Africa,Guinea
2007,GIN,Consumer Goods & Crafts,14233.304429,Africa,Guinea
2007,GIN,Energy & Minerals,205907.676516,Africa,Guinea
2007,GIN,Industrial Equipment & Technology,4152.471788,Africa,Guinea
2007,GIN,Textile & Apparel Manufacturing,60.521134,Africa,Guinea
2007,GMB,Agricultural & Foods,40.542719,Africa,Gambia
2007,GMB,Art & Collectibles,71.482207,Africa,Gambia
2007,GMB,Chemical & Pharmaceutical,26.292665,Africa,Gambia
2007,GMB,Consumer Goods & Crafts,0.941869,Africa,Gambia
2007,GMB,Textile & Apparel Manufacturing,23.700005,Africa,Gambia
2007,GNB,Base Metals,34.345764,Africa,Guinea-Bissau
2007,GNB,Industrial Equipment & Technology,26.523827,Africa,Guinea-Bissau
2007,GNQ,Agricultural & Foods,39.924347,Africa,Equatorial Guinea
2007,GNQ,Chemical & Pharmaceutical,274547.918721,Africa,Equatorial Guinea
2007,GNQ,Consumer Goods & Crafts,6.561527,Africa,Equatorial Guinea
2007,GNQ,Energy & Minerals,1994953.887324,Africa,Equatorial Guinea
2007,GNQ,Industrial Equipment & Technology,550.405465,Africa,Equatorial Guinea
2007,KEN,Agricultural & Foods,22923.885225,Africa,Kenya
2007,KEN,Art & Collectibles,719.119354,Africa,Kenya
2007,KEN,Base Metals,6870.337014,Africa,Kenya
2007,KEN,Chemical & Pharmaceutical,11414.735778,Africa,Kenya
2007,KEN,Consumer Goods & Crafts,15985.455525,Africa,Kenya
2007,KEN,Energy & Minerals,514.924607,Africa,Kenya
2007,KEN,Industrial Equipment & Technology,64926.147629,Africa,Kenya
2007,KEN,Textile & Apparel Manufacturing,526218.124017,Africa,Kenya
2007,LBR,Agricultural & Foods,662.146466,Africa,Liberia
2007,LBR,Art & Collectibles,86.163116,Africa,Liberia
2007,LBR,Chemical & Pharmaceutical,237865.863684,Africa,Liberia
2007,LBR,Consumer Goods & Crafts,270.906265,Africa,Liberia
2007,LBR,Energy & Minerals,47.199268,Africa,Liberia
2007,LBR,Industrial Equipment & Technology,79.474747,Africa,Liberia
2007,LBR,Textile & Apparel Manufacturing,19.577096,Africa,Liberia
2007,LBY,Base Metals,3.379293,Africa,Libya
2007,LBY,Chemical & Pharmaceutical,97767.75824,Africa,Libya
2007,LBY,Energy & Minerals,2481039.055991,Africa,Libya
2007,LBY,Industrial Equipment & Technology,8.618092,Africa,Libya
2007,LSO,Chemical & Pharmaceutical,264.037221,Africa,Lesotho
2007,LSO,Consumer Goods & Crafts,58174.252996,Africa,Lesotho
2007,LSO,Textile & Apparel Manufacturing,446567.946487,Africa,Lesotho
2007,MAR,Agricultural & Foods,104121.38472,Africa,Morocco
2007,MAR,Art & Collectibles,4681.0882,Africa,Morocco
2007,MAR,Base Metals,36239.881531,Africa,Morocco
2007,MAR,Chemical & Pharmaceutical,41944.964518,Africa,Morocco
2007,MAR,Consumer Goods & Crafts,24360.892172,Africa,Morocco
2007,MAR,Energy & Minerals,285547.43073,Africa,Morocco
2007,MAR,Industrial Equipment & Technology,158789.535523,Africa,Morocco
2007,MAR,Textile & Apparel Manufacturing,118146.522852,Africa,Morocco
2007,MDG,Agricultural & Foods,3538.901577,Africa,Madagascar
2007,MDG,Art & Collectibles,670.66389,Africa,Madagascar
2007,MDG,Base Metals,113.357525,Africa,Madagascar
2007,MDG,Chemical & Pharmaceutical,4607.464823,Africa,Madagascar
2007,MDG,Consumer Goods & Crafts,5243.375961,Africa,Madagascar
2007,MDG,Energy & Minerals,702.619498,Africa,Madagascar
2007,MDG,Industrial Equipment & Technology,47957.307309,Africa,Madagascar
2007,MDG,Textile & Apparel Manufacturing,414049.460949,Africa,Madagascar
2007,MLI,Agricultural & Foods,673.59652,Africa,Mali
2007,MLI,Art & Collectibles,1700.919968,Africa,Mali
2007,MLI,Base Metals,72.692441,Africa,Mali
2007,MLI,Chemical & Pharmaceutical,228.13885,Africa,Mali
2007,MLI,Consumer Goods & Crafts,2020.989165,Africa,Mali
2007,MLI,Energy & Minerals,5.825747,Africa,Mali
2007,MLI,Industrial Equipment & Technology,12276.115927,Africa,Mali
2007,MLI,Textile & Apparel Manufacturing,753.573898,Africa,Mali
2007,MOZ,Agricultural & Foods,183.240528,Africa,Mozambique
2007,MOZ,Art & Collectibles,201.873639,Africa,Mozambique
2007,MOZ,Base Metals,1984.612645,Africa,Mozambique
2007,MOZ,Chemical & Pharmaceutical,969.533255,Africa,Mozambique
2007,MOZ,Consumer Goods & Crafts,549.347884,Africa,Mozambique
2007,MOZ,Energy & Minerals,1311.267993,Africa,Mozambique
2007,MOZ,Industrial Equipment & Technology,1318.594783,Africa,Mozambique
2007,MOZ,Textile & Apparel Manufacturing,285.079513,Africa,Mozambique
2007,MRT,Agricultural & Foods,395.80181,Africa,Mauritania
2007,MRT,Art & Collectibles,3.201032,Africa,Mauritania
2007,MRT,Chemical & Pharmaceutical,283.69097,Africa,Mauritania
2007,MRT,Consumer Goods & Crafts,29.769179,Africa,Mauritania
2007,MRT,Industrial Equipment & Technology,120.236754,Africa,Mauritania
2007,MRT,Textile & Apparel Manufacturing,31.939848,Africa,Mauritania
2007,MUS,Agricultural & Foods,30544.786526,Africa,Mauritius
2007,MUS,Art & Collectibles,29.378753,Africa,Mauritius
2007,MUS,Base Metals,63.091433,Africa,Mauritius
2007,MUS,Chemical & Pharmaceutical,6390.571709,Africa,Mauritius
2007,MUS,Consumer Goods & Crafts,16122.534803,Africa,Mauritius
2007,MUS,Energy & Minerals,7.858375,Africa,Mauritius
2007,MUS,Industrial Equipment & Technology,8784.136056,Africa,Mauritius
2007,MUS,Textile & Apparel Manufacturing,136741.870234,Africa,Mauritius
2007,MWI,Agricultural & Foods,45558.087168,Africa,Malawi
2007,MWI,Art & Collectibles,2.784454,Africa,Malawi
2007,MWI,Base Metals,891.565821,Africa,Malawi
2007,MWI,Chemical & Pharmaceutical,60.672338,Africa,Malawi
2007,MWI,Consumer Goods & Crafts,1572.70553,Africa,Malawi
2007,MWI,Industrial Equipment & Technology,4685.900317,Africa,Malawi
2007,MWI,Textile & Apparel Manufacturing,20547.703057,Africa,Malawi
2007,NAM,Agricultural & Foods,52.652155,Africa,Namibia
2007,NAM,Art & Collectibles,179.859398,Africa,Namibia
2007,NAM,Base Metals,123.878288,Africa,Namibia
2007,NAM,Chemical & Pharmaceutical,10042.327058,Africa,Namibia
2007,NAM,Consumer Goods & Crafts,23285.444266,Africa,Namibia
2007,NAM,Energy & Minerals,160213.197109,Africa,Namibia
2007,NAM,Industrial Equipment & Technology,1135.237338,Africa,Namibia
2007,NAM,Textile & Apparel Manufacturing,35802.810867,Africa,Namibia
2007,NER,Agricultural & Foods,469.571995,Africa,Niger
2007,NER,Art & Collectibles,8676.98863,Africa,Niger
2007,NER,Base Metals,211.671166,Africa,Niger
2007,NER,Chemical & Pharmaceutical,421.499188,Africa,Niger
2007,NER,Consumer Goods & Crafts,242.874547,Africa,Niger
2007,NER,Energy & Minerals,29279.684233,Africa,Niger
2007,NER,Industrial Equipment & Technology,2387.337139,Africa,Niger
2007,NER,Textile & Apparel Manufacturing,6078.701555,Africa,Niger
2007,NGA,Agricultural & Foods,18739.0719,Africa,Nigeria
2007,NGA,Art & Collectibles,1015.634477,Africa,Nigeria
2007,NGA,Base Metals,19348.62829,Africa,Nigeria
2007,NGA,Chemical & Pharmaceutical,13364.846754,Africa,Nigeria
2007,NGA,Consumer Goods & Crafts,1844.099188,Africa,Nigeria
2007,NGA,Energy & Minerals,12672500.546385,Africa,Nigeria
2007,NGA,Industrial Equipment & Technology,6162.872789,Africa,Nigeria
2007,NGA,Textile & Apparel Manufacturing,251.939211,Africa,Nigeria
2007,RWA,Agricultural & Foods,1522.833124,Africa,Rwanda
2007,RWA,Art & Collectibles,441.820018,Africa,Rwanda
2007,RWA,Base Metals,186.407699,Africa,Rwanda
2007,RWA,Chemical & Pharmaceutical,1131.658577,Africa,Rwanda
2007,RWA,Consumer Goods & Crafts,1171.318393,Africa,Rwanda
2007,RWA,Energy & Minerals,11030.7308,Africa,Rwanda
2007,RWA,Industrial Equipment & Technology,8445.623193,Africa,Rwanda
2007,RWA,Textile & Apparel Manufacturing,58.750466,Africa,Rwanda
2007,SDN,Agricultural & Foods,7212.243196,Africa,Sudan
2007,SDN,Base Metals,455.577816,Africa,Sudan
2007,SDN,Industrial Equipment & Technology,177.648989,Africa,Sudan
2007,SEN,Agricultural & Foods,545.231308,Africa,Senegal
2007,SEN,Art & Collectibles,185.553723,Africa,Senegal
2007,SEN,Base Metals,52.10447,Africa,Senegal
2007,SEN,Chemical & Pharmaceutical,19937.615083,Africa,Senegal
2007,SEN,Consumer Goods & Crafts,258.008245,Africa,Senegal
2007,SEN,Energy & Minerals,5359.020764,Africa,Senegal
2007,SEN,Industrial Equipment & Technology,1748.156841,Africa,Senegal
2007,SEN,Textile & Apparel Manufacturing,804.197307,Africa,Senegal
2007,SLE,Agricultural & Foods,692.705696,Africa,Sierra Leone
2007,SLE,Art & Collectibles,123.415918,Africa,Sierra Leone
2007,SLE,Base Metals,320.512606,Africa,Sierra Leone
2007,SLE,Chemical & Pharmaceutical,352.707582,Africa,Sierra Leone
2007,SLE,Consumer Goods & Crafts,4770.657378,Africa,Sierra Leone
2007,SLE,Energy & Minerals,51051.532112,Africa,Sierra Leone
2007,SLE,Industrial Equipment & Technology,2534.544175,Africa,Sierra Leone
2007,SLE,Textile & Apparel Manufacturing,317.77889,Africa,Sierra Leone
2007,SOM,Agricultural & Foods,,Africa,Somalia
2007,SOM,Art & Collectibles,,Africa,Somalia
2007,SOM,Base Metals,,Africa,Somalia
2007,SOM,Consumer Goods & Crafts,,Africa,Somalia
2007,SOM,Industrial Equipment & Technology,,Africa,Somalia
2007,SOM,Textile & Apparel Manufacturing,,Africa,Somalia
2007,STP,Agricultural & Foods,163.390857,Africa,Sao Tome and Principe
2007,STP,Chemical & Pharmaceutical,140.782227,Africa,Sao Tome and Principe
2007,STP,Consumer Goods & Crafts,72.162504,Africa,Sao Tome and Principe
2007,STP,Industrial Equipment & Technology,969.106692,Africa,Sao Tome and Principe
2007,STP,Textile & Apparel Manufacturing,47.148111,Africa,Sao Tome and Principe
2007,SWZ,Agricultural & Foods,8926.151712,Africa,Eswatini
2007,SWZ,Art & Collectibles,8.585955,Africa,Eswatini
2007,SWZ,Base Metals,97.429571,Africa,Eswatini
2007,SWZ,Chemical & Pharmaceutical,582.481827,Africa,Eswatini
2007,SWZ,Consumer Goods & Crafts,443.294416,Africa,Eswatini
2007,SWZ,Energy & Minerals,2.140306,Africa,Eswatini
2007,SWZ,Industrial Equipment & Technology,1056.458714,Africa,Eswatini
2007,SWZ,Textile & Apparel Manufacturing,135172.911913,Africa,Eswatini
2007,SYC,Agricultural & Foods,45.925509,Africa,Seychelles
2007,SYC,Art & Collectibles,45.564542,Africa,Seychelles
2007,SYC,Chemical & Pharmaceutical,1643.859434,Africa,Seychelles
2007,SYC,Consumer Goods & Crafts,151.753662,Africa,Seychelles
2007,SYC,Industrial Equipment & Technology,8182.679691,Africa,Seychelles
2007,SYC,Textile & Apparel Manufacturing,179.639761,Africa,Seychelles
2007,TCD,Agricultural & Foods,6984.980109,Africa,Chad
2007,TCD,Consumer Goods & Crafts,34.13222,Africa,Chad
2007,TCD,Energy & Minerals,2389554.030389,Africa,Chad
2007,TCD,Industrial Equipment & Technology,28.639,Africa,Chad
2007,TGO,Agricultural & Foods,5713.859433,Africa,Togo
2007,TGO,Art & Collectibles,86.91451,Africa,Togo
2007,TGO,Base Metals,4.525115,Africa,Togo
2007,TGO,Chemical & Pharmaceutical,76.681714,Africa,Togo
2007,TGO,Consumer Goods & Crafts,362.214338,Africa,Togo
2007,TGO,Energy & Minerals,1758.898459,Africa,Togo
2007,TGO,Industrial Equipment & Technology,76.890402,Africa,Togo
2007,TGO,Textile & Apparel Manufacturing,74.689154,Africa,Togo
2007,TUN,Agricultural & Foods,70098.630016,Africa,Tunisia
2007,TUN,Art & Collectibles,998.225153,Africa,Tunisia
2007,TUN,Base Metals,3056.294235,Africa,Tunisia
2007,TUN,Chemical & Pharmaceutical,9622.42031,Africa,Tunisia
2007,TUN,Consumer Goods & Crafts,46838.668109,Africa,Tunisia
2007,TUN,Energy & Minerals,227963.475694,Africa,Tunisia
2007,TUN,Industrial Equipment & Technology,28204.832722,Africa,Tunisia
2007,TUN,Textile & Apparel Manufacturing,68460.137361,Africa,Tunisia
2007,TZA,Agricultural & Foods,5863.060662,Africa,Tanzania
2007,TZA,Art & Collectibles,1731.732906,Africa,Tanzania
2007,TZA,Base Metals,15388.315843,Africa,Tanzania
2007,TZA,Chemical & Pharmaceutical,2729.084313,Africa,Tanzania
2007,TZA,Consumer Goods & Crafts,16297.047265,Africa,Tanzania
2007,TZA,Energy & Minerals,807.567697,Africa,Tanzania
2007,TZA,Industrial Equipment & Technology,21986.015346,Africa,Tanzania
2007,TZA,Textile & Apparel Manufacturing,41443.82544,Africa,Tanzania
2007,UGA,Agricultural & Foods,482.090833,Africa,Uganda
2007,UGA,Art & Collectibles,122.505598,Africa,Uganda
2007,UGA,Base Metals,8313.514299,Africa,Uganda
2007,UGA,Chemical & Pharmaceutical,3677.442816,Africa,Uganda
2007,UGA,Consumer Goods & Crafts,336.891044,Africa,Uganda
2007,UGA,Energy & Minerals,6839.599942,Africa,Uganda
2007,UGA,Industrial Equipment & Technology,19798.537939,Africa,Uganda
2007,UGA,Textile & Apparel Manufacturing,3668.934438,Africa,Uganda
2007,ZAF,Agricultural & Foods,142806.873483,Africa,South Africa
2007,ZAF,Art & Collectibles,13759.924482,Africa,South Africa
2007,ZAF,Base Metals,1306902.094435,Africa,South Africa
2007,ZAF,Chemical & Pharmaceutical,480544.28454,Africa,South Africa
2007,ZAF,Consumer Goods & Crafts,4177345.974013,Africa,South Africa
2007,ZAF,Energy & Minerals,950751.513556,Africa,South Africa
2007,ZAF,Industrial Equipment & Technology,1221895.411515,Africa,South Africa
2007,ZAF,Textile & Apparel Manufacturing,82407.623018,Africa,South Africa
2007,ZMB,Agricultural & Foods,95.763091,Africa,Zambia
2007,ZMB,Art & Collectibles,304.149579,Africa,Zambia
2007,ZMB,Base Metals,55151.835701,Africa,Zambia
2007,ZMB,Chemical & Pharmaceutical,139.318752,Africa,Zambia
2007,ZMB,Consumer Goods & Crafts,2783.685259,Africa,Zambia
2007,ZMB,Energy & Minerals,131.178217,Africa,Zambia
2007,ZMB,Industrial Equipment & Technology,2017.482128,Africa,Zambia
2007,ZMB,Textile & Apparel Manufacturing,56.374903,Africa,Zambia
2007,ZWE,Agricultural & Foods,26838.343059,Africa,Zimbabwe
2007,ZWE,Art & Collectibles,4069.649417,Africa,Zimbabwe
2007,ZWE,Base Metals,121948.340417,Africa,Zimbabwe
2007,ZWE,Chemical & Pharmaceutical,305.354751,Africa,Zimbabwe
2007,ZWE,Consumer Goods & Crafts,28516.716592,Africa,Zimbabwe
2007,ZWE,Energy & Minerals,4375.263547,Africa,Zimbabwe
2007,ZWE,Industrial Equipment & Technology,104201.675822,Africa,Zimbabwe
2007,ZWE,Textile & Apparel Manufacturing,7690.132743,Africa,Zimbabwe
2008,AGO,Agricultural & Foods,8.407281,Africa,Angola
2008,AGO,Art & Collectibles,211.080527,Africa,Angola
2008,AGO,Base Metals,11550.679197,Africa,Angola
2008,AGO,Chemical & Pharmaceutical,278.925206,Africa,Angola
2008,AGO,Consumer Goods & Crafts,29473.283968,Africa,Angola
2008,AGO,Energy & Minerals,16239970.78714,Africa,Angola
2008,AGO,Industrial Equipment & Technology,22638.711045,Africa,Angola
2008,AGO,Textile & Apparel Manufacturing,44.533895,Africa,Angola
2008,BDI,Base Metals,8.752681,Africa,Burundi
2008,BDI,Chemical & Pharmaceutical,87.032503,Africa,Burundi
2008,BDI,Consumer Goods & Crafts,37.15546,Africa,Burundi
2008,BDI,Industrial Equipment & Technology,6077.886678,Africa,Burundi
2008,BEN,Agricultural & Foods,148.896114,Africa,Benin
2008,BEN,Art & Collectibles,3.939895,Africa,Benin
2008,BEN,Base Metals,3.347415,Africa,Benin
2008,BEN,Chemical & Pharmaceutical,42.330432,Africa,Benin
2008,BEN,Consumer Goods & Crafts,205.37426,Africa,Benin
2008,BEN,Energy & Minerals,15785.80887,Africa,Benin
2008,BEN,Industrial Equipment & Technology,42.39726,Africa,Benin
2008,BEN,Textile & Apparel Manufacturing,346.746671,Africa,Benin
2008,BFA,Agricultural & Foods,309.115696,Africa,Burkina Faso
2008,BFA,Art & Collectibles,248.865946,Africa,Burkina Faso
2008,BFA,Base Metals,35.567942,Africa,Burkina Faso
2008,BFA,Chemical & Pharmaceutical,49.979415,Africa,Burkina Faso
2008,BFA,Consumer Goods & Crafts,12522.482864,Africa,Burkina Faso
2008,BFA,Energy & Minerals,416.355577,Africa,Burkina Faso
2008,BFA,Industrial Equipment & Technology,125.530004,Africa,Burkina Faso
2008,BFA,Textile & Apparel Manufacturing,136.530215,Africa,Burkina Faso
2008,BWA,Art & Collectibles,6.343821,Africa,Botswana
2008,BWA,Base Metals,3.313104,Africa,Botswana
2008,BWA,Chemical & Pharmaceutical,32.352,Africa,Botswana
2008,BWA,Consumer Goods & Crafts,249740.983528,Africa,Botswana
2008,BWA,Industrial Equipment & Technology,41.782272,Africa,Botswana
2008,BWA,Textile & Apparel Manufacturing,20867.559265,Africa,Botswana
2008,CAF,Agricultural & Foods,1827.439376,Africa,Central African Republic
2008,CAF,Art & Collectibles,84.524791,Africa,Central African Republic
2008,CAF,Chemical & Pharmaceutical,154.622602,Africa,Central African Republic
2008,CAF,Consumer Goods & Crafts,9992.870344,Africa,Central African Republic
2008,CAF,Energy & Minerals,3.816638,Africa,Central African Republic
2008,CAF,Industrial Equipment & Technology,1012.478664,Africa,Central African Republic
2008,CIV,Agricultural & Foods,742460.301124,Africa,Côte d'Ivoire
2008,CIV,Art & Collectibles,3571.606342,Africa,Côte d'Ivoire
2008,CIV,Base Metals,4820.267752,Africa,Côte d'Ivoire
2008,CIV,Chemical & Pharmaceutical,34401.510206,Africa,Côte d'Ivoire
2008,CIV,Consumer Goods & Crafts,35993.792028,Africa,Côte d'Ivoire
2008,CIV,Energy & Minerals,413311.41337,Africa,Côte d'Ivoire
2008,CIV,Industrial Equipment & Technology,3811.595355,Africa,Côte d'Ivoire
2008,CIV,Textile & Apparel Manufacturing,648.49402,Africa,Côte d'Ivoire
2008,CMR,Agricultural & Foods,17894.61609,Africa,Cameroon
2008,CMR,Art & Collectibles,382.855872,Africa,Cameroon
2008,CMR,Base Metals,345.430804,Africa,Cameroon
2008,CMR,Chemical & Pharmaceutical,18506.627543,Africa,Cameroon
2008,CMR,Consumer Goods & Crafts,36864.389582,Africa,Cameroon
2008,CMR,Energy & Minerals,607769.797037,Africa,Cameroon
2008,CMR,Industrial Equipment & Technology,12088.452601,Africa,Cameroon
2008,CMR,Textile & Apparel Manufacturing,1192.11074,Africa,Cameroon
2008,COD,Agricultural & Foods,1519.806649,Africa,DR Congo
2008,COD,Art & Collectibles,4186.376948,Africa,DR Congo
2008,COD,Base Metals,67.379027,Africa,DR Congo
2008,COD,Chemical & Pharmaceutical,437.046489,Africa,DR Congo
2008,COD,Consumer Goods & Crafts,211443.773453,Africa,DR Congo
2008,COD,Energy & Minerals,163610.827282,Africa,DR Congo
2008,COD,Industrial Equipment & Technology,1078.200422,Africa,DR Congo
2008,COD,Textile & Apparel Manufacturing,84.2638,Africa,DR Congo
2008,COG,Agricultural & Foods,3400.117843,Africa,Congo Republic
2008,COG,Art & Collectibles,5398.822894,Africa,Congo Republic
2008,COG,Base Metals,2410.656211,Africa,Congo Republic
2008,COG,Chemical & Pharmaceutical,256.135567,Africa,Congo Republic
2008,COG,Consumer Goods & Crafts,18998.614541,Africa,Congo Republic
2008,COG,Energy & Minerals,5188812.041568,Africa,Congo Republic
2008,COG,Industrial Equipment & Technology,3061.536412,Africa,Congo Republic
2008,COG,Textile & Apparel Manufacturing,58.811295,Africa,Congo Republic
2008,COM,Chemical & Pharmaceutical,94.804966,Africa,Comoros
2008,COM,Industrial Equipment & Technology,871.141686,Africa,Comoros
2008,CPV,Agricultural & Foods,140.378558,Africa,Cabo Verde
2008,CPV,Base Metals,56.926904,Africa,Cabo Verde
2008,CPV,Chemical & Pharmaceutical,40.786701,Africa,Cabo Verde
2008,CPV,Consumer Goods & Crafts,63.648764,Africa,Cabo Verde
2008,CPV,Industrial Equipment & Technology,108.394109,Africa,Cabo Verde
2008,CPV,Textile & Apparel Manufacturing,27.872992,Africa,Cabo Verde
2008,DJI,Agricultural & Foods,35.570513,Africa,Djibouti
2008,DJI,Chemical & Pharmaceutical,1.210939,Africa,Djibouti
2008,DJI,Consumer Goods & Crafts,346.344397,Africa,Djibouti
2008,DJI,Industrial Equipment & Technology,1463.884389,Africa,Djibouti
2008,DJI,Textile & Apparel Manufacturing,1.573298,Africa,Djibouti
2008,DZA,Agricultural & Foods,164.591539,Africa,Algeria
2008,DZA,Art & Collectibles,26.097166,Africa,Algeria
2008,DZA,Base Metals,2913.356787,Africa,Algeria
2008,DZA,Chemical & Pharmaceutical,49059.960467,Africa,Algeria
2008,DZA,Consumer Goods & Crafts,1290.108363,Africa,Algeria
2008,DZA,Energy & Minerals,19940934.272772,Africa,Algeria
2008,DZA,Industrial Equipment & Technology,1493.137849,Africa,Algeria
2008,DZA,Textile & Apparel Manufacturing,533.506135,Africa,Algeria
2008,EGY,Agricultural & Foods,48683.676294,Africa,Egypt
2008,EGY,Art & Collectibles,23190.052414,Africa,Egypt
2008,EGY,Base Metals,47188.980658,Africa,Egypt
2008,EGY,Chemical & Pharmaceutical,306192.82937,Africa,Egypt
2008,EGY,Consumer Goods & Crafts,76401.560138,Africa,Egypt
2008,EGY,Energy & Minerals,1204313.861906,Africa,Egypt
2008,EGY,Industrial Equipment & Technology,21472.656308,Africa,Egypt
2008,EGY,Textile & Apparel Manufacturing,1382582.36921,Africa,Egypt
2008,ERI,Agricultural & Foods,,Africa,Eritrea
2008,ERI,Chemical & Pharmaceutical,,Africa,Eritrea
2008,ERI,Industrial Equipment & Technology,,Africa,Eritrea
2008,ETH,Agricultural & Foods,65935.151357,Africa,Ethiopia
2008,ETH,Art & Collectibles,357.442547,Africa,Ethiopia
2008,ETH,Base Metals,356.227223,Africa,Ethiopia
2008,ETH,Chemical & Pharmaceutical,135.817783,Africa,Ethiopia
2008,ETH,Consumer Goods & Crafts,4449.248077,Africa,Ethiopia
2008,ETH,Energy & Minerals,9.832949,Africa,Ethiopia
2008,ETH,Industrial Equipment & Technology,113303.227804,Africa,Ethiopia
2008,ETH,Textile & Apparel Manufacturing,24994.935842,Africa,Ethiopia
2008,GAB,Agricultural & Foods,195.961674,Africa,Gabon
2008,GAB,Art & Collectibles,832.229453,Africa,Gabon
2008,GAB,Base Metals,132.772679,Africa,Gabon
2008,GAB,Chemical & Pharmaceutical,2506.21199,Africa,Gabon
2008,GAB,Consumer Goods & Crafts,4034.343748,Africa,Gabon
2008,GAB,Energy & Minerals,1980008.576188,Africa,Gabon
2008,GAB,Industrial Equipment & Technology,3570.887004,Africa,Gabon
2008,GAB,Textile & Apparel Manufacturing,64.28681,Africa,Gabon
2008,GHA,Agricultural & Foods,18545.93338,Africa,Ghana
2008,GHA,Art & Collectibles,179.866092,Africa,Ghana
2008,GHA,Base Metals,702.382678,Africa,Ghana
2008,GHA,Chemical & Pharmaceutical,13460.15261,Africa,Ghana
2008,GHA,Consumer Goods & Crafts,51496.67975,Africa,Ghana
2008,GHA,Energy & Minerals,116727.943387,Africa,Ghana
2008,GHA,Industrial Equipment & Technology,15878.710044,Africa,Ghana
2008,GHA,Textile & Apparel Manufacturing,1224.500999,Africa,Ghana
2008,GIN,Agricultural & Foods,867.864444,Africa,Guinea
2008,GIN,Art & Collectibles,126.083826,Africa,Guinea
2008,GIN,Base Metals,129.62206,Africa,Guinea
2008,GIN,Chemical & Pharmaceutical,1931.651721,Africa,Guinea
2008,GIN,Consumer Goods & Crafts,36683.017077,Africa,Guinea
2008,GIN,Energy & Minerals,191381.080261,Africa,Guinea
2008,GIN,Industrial Equipment & Technology,2129.966363,Africa,Guinea
2008,GIN,Textile & Apparel Manufacturing,56.118455,Africa,Guinea
2008,GMB,Art & Collectibles,7.727191,Africa,Gambia
2008,GMB,Chemical & Pharmaceutical,81.75405,Africa,Gambia
2008,GMB,Consumer Goods & Crafts,5.073905,Africa,Gambia
2008,GMB,Industrial Equipment & Technology,223.326444,Africa,Gambia
2008,GMB,Textile & Apparel Manufacturing,90.46898,Africa,Gambia
2008,GNB,Art & Collectibles,9.786322,Africa,Guinea-Bissau
2008,GNB,Consumer Goods & Crafts,178.51392,Africa,Guinea-Bissau
2008,GNB,Industrial Equipment & Technology,7.553609,Africa,Guinea-Bissau
2008,GNB,Textile & Apparel Manufacturing,7.884875,Africa,Guinea-Bissau
2008,GNQ,Agricultural & Foods,29.161751,Africa,Equatorial Guinea
2008,GNQ,Chemical & Pharmaceutical,194363.824311,Africa,Equatorial Guinea
2008,GNQ,Energy & Minerals,3128055.025108,Africa,Equatorial Guinea
2008,GNQ,Industrial Equipment & Technology,8.693024,Africa,Equatorial Guinea
2008,GNQ,Textile & Apparel Manufacturing,0.379245,Africa,Equatorial Guinea
2008,KEN,Agricultural & Foods,15263.813399,Africa,Kenya
2008,KEN,Art & Collectibles,826.877605,Africa,Kenya
2008,KEN,Base Metals,8684.268541,Africa,Kenya
2008,KEN,Chemical & Pharmaceutical,8088.191523,Africa,Kenya
2008,KEN,Consumer Goods & Crafts,14463.964787,Africa,Kenya
2008,KEN,Energy & Minerals,755.292456,Africa,Kenya
2008,KEN,Industrial Equipment & Technology,79777.336186,Africa,Kenya
2008,KEN,Textile & Apparel Manufacturing,442394.257612,Africa,Kenya
2008,LBR,Agricultural & Foods,543.951298,Africa,Liberia
2008,LBR,Art & Collectibles,133.166043,Africa,Liberia
2008,LBR,Base Metals,6.633405,Africa,Liberia
2008,LBR,Chemical & Pharmaceutical,249923.534066,Africa,Liberia
2008,LBR,Consumer Goods & Crafts,2903.210639,Africa,Liberia
2008,LBR,Industrial Equipment & Technology,125.278321,Africa,Liberia
2008,LBR,Textile & Apparel Manufacturing,4.905274,Africa,Liberia
2008,LBY,Agricultural & Foods,13.179953,Africa,Libya
2008,LBY,Chemical & Pharmaceutical,64197.138174,Africa,Libya
2008,LBY,Energy & Minerals,2309681.138837,Africa,Libya
2008,LBY,Industrial Equipment & Technology,10.098057,Africa,Libya
2008,LBY,Textile & Apparel Manufacturing,0.800385,Africa,Libya
2008,LSO,Chemical & Pharmaceutical,219.501263,Africa,Lesotho
2008,LSO,Consumer Goods & Crafts,37118.945743,Africa,Lesotho
2008,LSO,Textile & Apparel Manufacturing,435313.056445,Africa,Lesotho
2008,MAR,Agricultural & Foods,109339.129342,Africa,Morocco
2008,MAR,Art & Collectibles,1450.854949,Africa,Morocco
2008,MAR,Base Metals,45804.735412,Africa,Morocco
2008,MAR,Chemical & Pharmaceutical,80083.252843,Africa,Morocco
2008,MAR,Consumer Goods & Crafts,18119.920552,Africa,Morocco
2008,MAR,Energy & Minerals,454281.350727,Africa,Morocco
2008,MAR,Industrial Equipment & Technology,161682.100432,Africa,Morocco
2008,MAR,Textile & Apparel Manufacturing,103722.334534,Africa,Morocco
2008,MDG,Agricultural & Foods,3049.090614,Africa,Madagascar
2008,MDG,Art & Collectibles,508.002352,Africa,Madagascar
2008,MDG,Base Metals,192.577383,Africa,Madagascar
2008,MDG,Chemical & Pharmaceutical,2814.187153,Africa,Madagascar
2008,MDG,Consumer Goods & Crafts,6266.097818,Africa,Madagascar
2008,MDG,Energy & Minerals,1011.209809,Africa,Madagascar
2008,MDG,Industrial Equipment & Technology,106643.923183,Africa,Madagascar
2008,MDG,Textile & Apparel Manufacturing,338879.472386,Africa,Madagascar
2008,MLI,Agricultural & Foods,611.138432,Africa,Mali
2008,MLI,Art & Collectibles,549.929179,Africa,Mali
2008,MLI,Base Metals,43.160417,Africa,Mali
2008,MLI,Chemical & Pharmaceutical,180.868778,Africa,Mali
2008,MLI,Consumer Goods & Crafts,2277.388696,Africa,Mali
2008,MLI,Energy & Minerals,4.828823,Africa,Mali
2008,MLI,Industrial Equipment & Technology,20687.25805,Africa,Mali
2008,MLI,Textile & Apparel Manufacturing,193.028953,Africa,Mali
2008,MOZ,Agricultural & Foods,104.315524,Africa,Mozambique
2008,MOZ,Art & Collectibles,19.894903,Africa,Mozambique
2008,MOZ,Base Metals,1790.864469,Africa,Mozambique
2008,MOZ,Chemical & Pharmaceutical,42.917558,Africa,Mozambique
2008,MOZ,Consumer Goods & Crafts,940.206104,Africa,Mozambique
2008,MOZ,Energy & Minerals,12267.695019,Africa,Mozambique
2008,MOZ,Industrial Equipment & Technology,1892.738388,Africa,Mozambique
2008,MOZ,Textile & Apparel Manufacturing,49.315693,Africa,Mozambique
2008,MRT,Agricultural & Foods,250.079375,Africa,Mauritania
2008,MRT,Chemical & Pharmaceutical,183.88245,Africa,Mauritania
2008,MRT,Consumer Goods & Crafts,2.985447,Africa,Mauritania
2008,MRT,Energy & Minerals,55059.756849,Africa,Mauritania
2008,MRT,Industrial Equipment & Technology,1387.547558,Africa,Mauritania
2008,MRT,Textile & Apparel Manufacturing,14.947349,Africa,Mauritania
2008,MUS,Agricultural & Foods,24927.525015,Africa,Mauritius
2008,MUS,Art & Collectibles,6.252297,Africa,Mauritius
2008,MUS,Base Metals,193.500872,Africa,Mauritius
2008,MUS,Chemical & Pharmaceutical,4435.054628,Africa,Mauritius
2008,MUS,Consumer Goods & Crafts,21871.849859,Africa,Mauritius
2008,MUS,Energy & Minerals,1.725353,Africa,Mauritius
2008,MUS,Industrial Equipment & Technology,9789.310287,Africa,Mauritius
2008,MUS,Textile & Apparel Manufacturing,102263.979421,Africa,Mauritius
2008,MWI,Agricultural & Foods,56792.023356,Africa,Malawi
2008,MWI,Art & Collectibles,26.541784,Africa,Malawi
2008,MWI,Base Metals,2582.344603,Africa,Malawi
2008,MWI,Chemical & Pharmaceutical,87.557814,Africa,Malawi
2008,MWI,Consumer Goods & Crafts,3577.99489,Africa,Malawi
2008,MWI,Energy & Minerals,1.686679,Africa,Malawi
2008,MWI,Industrial Equipment & Technology,3699.092102,Africa,Malawi
2008,MWI,Textile & Apparel Manufacturing,11860.392553,Africa,Malawi
2008,NAM,Agricultural & Foods,47954.186775,Africa,Namibia
2008,NAM,Art & Collectibles,169.947506,Africa,Namibia
2008,NAM,Base Metals,43.027728,Africa,Namibia
2008,NAM,Chemical & Pharmaceutical,6726.321735,Africa,Namibia
2008,NAM,Consumer Goods & Crafts,53381.846296,Africa,Namibia
2008,NAM,Energy & Minerals,258800.051284,Africa,Namibia
2008,NAM,Industrial Equipment & Technology,1143.775583,Africa,Namibia
2008,NAM,Textile & Apparel Manufacturing,177.916155,Africa,Namibia
2008,NER,Agricultural & Foods,250.122482,Africa,Niger
2008,NER,Art & Collectibles,34.375433,Africa,Niger
2008,NER,Base Metals,32.530339,Africa,Niger
2008,NER,Chemical & Pharmaceutical,282.701727,Africa,Niger
2008,NER,Consumer Goods & Crafts,168.384823,Africa,Niger
2008,NER,Energy & Minerals,156965.859644,Africa,Niger
2008,NER,Industrial Equipment & Technology,1632.709122,Africa,Niger
2008,NER,Textile & Apparel Manufacturing,4486.495815,Africa,Niger
2008,NGA,Agricultural & Foods,16785.058502,Africa,Nigeria
2008,NGA,Art & Collectibles,722.959936,Africa,Nigeria
2008,NGA,Base Metals,3507.955859,Africa,Nigeria
2008,NGA,Chemical & Pharmaceutical,68834.857968,Africa,Nigeria
2008,NGA,Consumer Goods & Crafts,2071.926605,Africa,Nigeria
2008,NGA,Energy & Minerals,12505563.603054,Africa,Nigeria
2008,NGA,Industrial Equipment & Technology,83894.611288,Africa,Nigeria
2008,NGA,Textile & Apparel Manufacturing,193.581712,Africa,Nigeria
2008,RWA,Agricultural & Foods,997.52233,Africa,Rwanda
2008,RWA,Art & Collectibles,369.041692,Africa,Rwanda
2008,RWA,Base Metals,3.835524,Africa,Rwanda
2008,RWA,Chemical & Pharmaceutical,49.982514,Africa,Rwanda
2008,RWA,Consumer Goods & Crafts,1349.760973,Africa,Rwanda
2008,RWA,Energy & Minerals,4294.891713,Africa,Rwanda
2008,RWA,Industrial Equipment & Technology,11412.07439,Africa,Rwanda
2008,RWA,Textile & Apparel Manufacturing,116.836755,Africa,Rwanda
2008,SDN,Agricultural & Foods,4560.33715,Africa,Sudan
2008,SDN,Consumer Goods & Crafts,6.917159,Africa,Sudan
2008,SDN,Energy & Minerals,80.988577,Africa,Sudan
2008,SDN,Industrial Equipment & Technology,103.719574,Africa,Sudan
2008,SEN,Agricultural & Foods,531.074568,Africa,Senegal
2008,SEN,Art & Collectibles,462.447247,Africa,Senegal
2008,SEN,Base Metals,192.202707,Africa,Senegal
2008,SEN,Chemical & Pharmaceutical,2617.279434,Africa,Senegal
2008,SEN,Consumer Goods & Crafts,352.259926,Africa,Senegal
2008,SEN,Energy & Minerals,9682.538578,Africa,Senegal
2008,SEN,Industrial Equipment & Technology,2105.539894,Africa,Senegal
2008,SEN,Textile & Apparel Manufacturing,1207.713676,Africa,Senegal
2008,SLE,Agricultural & Foods,239.413245,Africa,Sierra Leone
2008,SLE,Art & Collectibles,75.662271,Africa,Sierra Leone
2008,SLE,Base Metals,227.732069,Africa,Sierra Leone
2008,SLE,Chemical & Pharmaceutical,257.50289,Africa,Sierra Leone
2008,SLE,Consumer Goods & Crafts,10127.627803,Africa,Sierra Leone
2008,SLE,Energy & Minerals,39959.079558,Africa,Sierra Leone
2008,SLE,Industrial Equipment & Technology,1579.26978,Africa,Sierra Leone
2008,SLE,Textile & Apparel Manufacturing,373.009312,Africa,Sierra Leone
2008,SOM,Agricultural & Foods,,Africa,Somalia
2008,SOM,Base Metals,,Africa,Somalia
2008,SOM,Chemical & Pharmaceutical,,Africa,Somalia
2008,SOM,Industrial Equipment & Technology,,Africa,Somalia
2008,SOM,Textile & Apparel Manufacturing,,Africa,Somalia
2008,STP,Agricultural & Foods,97.656461,Africa,Sao Tome and Principe
2008,STP,Consumer Goods & Crafts,79.792439,Africa,Sao Tome and Principe
2008,STP,Industrial Equipment & Technology,170.491364,Africa,Sao Tome and Principe
2008,STP,Textile & Apparel Manufacturing,16.231366,Africa,Sao Tome and Principe
2008,SWZ,Agricultural & Foods,2532.226179,Africa,Eswatini
2008,SWZ,Art & Collectibles,4.256345,Africa,Eswatini
2008,SWZ,Base Metals,410.269768,Africa,Eswatini
2008,SWZ,Chemical & Pharmaceutical,508.907346,Africa,Eswatini
2008,SWZ,Consumer Goods & Crafts,2361.6741,Africa,Eswatini
2008,SWZ,Industrial Equipment & Technology,4348.525807,Africa,Eswatini
2008,SWZ,Textile & Apparel Manufacturing,167592.790019,Africa,Eswatini
2008,SYC,Agricultural & Foods,0.317201,Africa,Seychelles
2008,SYC,Art & Collectibles,3.067787,Africa,Seychelles
2008,SYC,Base Metals,24.180914,Africa,Seychelles
2008,SYC,Chemical & Pharmaceutical,463.180333,Africa,Seychelles
2008,SYC,Consumer Goods & Crafts,152.986053,Africa,Seychelles
2008,SYC,Energy & Minerals,1.62339,Africa,Seychelles
2008,SYC,Industrial Equipment & Technology,9589.577149,Africa,Seychelles
2008,SYC,Textile & Apparel Manufacturing,42.979606,Africa,Seychelles
2008,TCD,Agricultural & Foods,9429.318191,Africa,Chad
2008,TCD,Art & Collectibles,796.876587,Africa,Chad
2008,TCD,Energy & Minerals,3095667.645702,Africa,Chad
2008,TCD,Industrial Equipment & Technology,33.985198,Africa,Chad
2008,TGO,Agricultural & Foods,9825.932671,Africa,Togo
2008,TGO,Base Metals,2.708085,Africa,Togo
2008,TGO,Chemical & Pharmaceutical,59.192007,Africa,Togo
2008,TGO,Consumer Goods & Crafts,267.720595,Africa,Togo
2008,TGO,Industrial Equipment & Technology,1811.186971,Africa,Togo
2008,TGO,Textile & Apparel Manufacturing,23.222232,Africa,Togo
2008,TUN,Agricultural & Foods,101262.90683,Africa,Tunisia
2008,TUN,Art & Collectibles,529.875243,Africa,Tunisia
2008,TUN,Base Metals,4813.947109,Africa,Tunisia
2008,TUN,Chemical & Pharmaceutical,12863.265222,Africa,Tunisia
2008,TUN,Consumer Goods & Crafts,46887.227611,Africa,Tunisia
2008,TUN,Energy & Minerals,303763.124986,Africa,Tunisia
2008,TUN,Industrial Equipment & Technology,50526.391454,Africa,Tunisia
2008,TUN,Textile & Apparel Manufacturing,71227.982052,Africa,Tunisia
2008,TZA,Agricultural & Foods,8569.90745,Africa,Tanzania
2008,TZA,Art & Collectibles,153.937026,Africa,Tanzania
2008,TZA,Base Metals,12059.82939,Africa,Tanzania
2008,TZA,Chemical & Pharmaceutical,3299.150047,Africa,Tanzania
2008,TZA,Consumer Goods & Crafts,21732.99835,Africa,Tanzania
2008,TZA,Energy & Minerals,227.673764,Africa,Tanzania
2008,TZA,Industrial Equipment & Technology,32002.150663,Africa,Tanzania
2008,TZA,Textile & Apparel Manufacturing,4677.059967,Africa,Tanzania
2008,UGA,Agricultural & Foods,1121.05063,Africa,Uganda
2008,UGA,Art & Collectibles,237.333423,Africa,Uganda
2008,UGA,Base Metals,2453.881754,Africa,Uganda
2008,UGA,Chemical & Pharmaceutical,2893.553364,Africa,Uganda
2008,UGA,Consumer Goods & Crafts,3090.910441,Africa,Uganda
2008,UGA,Energy & Minerals,3576.891285,Africa,Uganda
2008,UGA,Industrial Equipment & Technology,16929.777121,Africa,Uganda
2008,UGA,Textile & Apparel Manufacturing,1089.726097,Africa,Uganda
2008,ZAF,Agricultural & Foods,147690.292749,Africa,South Africa
2008,ZAF,Art & Collectibles,22166.39357,Africa,South Africa
2008,ZAF,Base Metals,1718590.357472,Africa,South Africa
2008,ZAF,Chemical & Pharmaceutical,619427.791298,Africa,South Africa
2008,ZAF,Consumer Goods & Crafts,3970355.072205,Africa,South Africa
2008,ZAF,Energy & Minerals,914845.65651,Africa,South Africa
2008,ZAF,Industrial Equipment & Technology,2725223.043309,Africa,South Africa
2008,ZAF,Textile & Apparel Manufacturing,76378.757998,Africa,South Africa
2008,ZMB,Agricultural & Foods,263.896803,Africa,Zambia
2008,ZMB,Art & Collectibles,30.298616,Africa,Zambia
2008,ZMB,Base Metals,46001.236423,Africa,Zambia
2008,ZMB,Chemical & Pharmaceutical,111.115227,Africa,Zambia
2008,ZMB,Consumer Goods & Crafts,2927.604783,Africa,Zambia
2008,ZMB,Energy & Minerals,2.551954,Africa,Zambia
2008,ZMB,Industrial Equipment & Technology,1810.970311,Africa,Zambia
2008,ZMB,Textile & Apparel Manufacturing,54.085723,Africa,Zambia
2008,ZWE,Agricultural & Foods,3029.516092,Africa,Zimbabwe
2008,ZWE,Art & Collectibles,6801.181178,Africa,Zimbabwe
2008,ZWE,Base Metals,240654.837069,Africa,Zimbabwe
2008,ZWE,Chemical & Pharmaceutical,60.647578,Africa,Zimbabwe
2008,ZWE,Consumer Goods & Crafts,12800.742963,Africa,Zimbabwe
2008,ZWE,Energy & Minerals,3693.749175,Africa,Zimbabwe
2008,ZWE,Industrial Equipment & Technology,3384.813195,Africa,Zimbabwe
2008,ZWE,Textile & Apparel Manufacturing,968.242779,Africa,Zimbabwe
2009,AGO,Art & Collectibles,24.037312,Africa,Angola
2009,AGO,Consumer Goods & Crafts,77274.420864,Africa,Angola
2009,AGO,Energy & Minerals,10193256.204973,Africa,Angola
2009,AGO,Industrial Equipment & Technology,235.709038,Africa,Angola
2009,AGO,Textile & Apparel Manufacturing,1.50676,Africa,Angola
2009,BDI,Chemical & Pharmaceutical,78.278267,Africa,Burundi
2009,BDI,Consumer Goods & Crafts,19.431176,Africa,Burundi
2009,BDI,Industrial Equipment & Technology,10621.368718,Africa,Burundi
2009,BDI,Textile & Apparel Manufacturing,7.098841,Africa,Burundi
2009,BEN,Agricultural & Foods,60.176308,Africa,Benin
2009,BEN,Art & Collectibles,40.741445,Africa,Benin
2009,BEN,Base Metals,208.004066,Africa,Benin
2009,BEN,Chemical & Pharmaceutical,70.432257,Africa,Benin
2009,BEN,Consumer Goods & Crafts,72.788589,Africa,Benin
2009,BEN,Energy & Minerals,62.675355,Africa,Benin
2009,BEN,Industrial Equipment & Technology,2.611986,Africa,Benin
2009,BEN,Textile & Apparel Manufacturing,11.535247,Africa,Benin
2009,BFA,Agricultural & Foods,5056.335058,Africa,Burkina Faso
2009,BFA,Art & Collectibles,211.255071,Africa,Burkina Faso
2009,BFA,Base Metals,282.122061,Africa,Burkina Faso
2009,BFA,Chemical & Pharmaceutical,191.209252,Africa,Burkina Faso
2009,BFA,Consumer Goods & Crafts,20194.658484,Africa,Burkina Faso
2009,BFA,Energy & Minerals,4339.100017,Africa,Burkina Faso
2009,BFA,Industrial Equipment & Technology,680.786126,Africa,Burkina Faso
2009,BFA,Textile & Apparel Manufacturing,17034.128152,Africa,Burkina Faso
2009,BWA,Agricultural & Foods,0.019171,Africa,Botswana
2009,BWA,Art & Collectibles,102.85332,Africa,Botswana
2009,BWA,Base Metals,6.536241,Africa,Botswana
2009,BWA,Chemical & Pharmaceutical,99.312292,Africa,Botswana
2009,BWA,Consumer Goods & Crafts,121087.549425,Africa,Botswana
2009,BWA,Energy & Minerals,12.719507,Africa,Botswana
2009,BWA,Industrial Equipment & Technology,1295.646218,Africa,Botswana
2009,BWA,Textile & Apparel Manufacturing,24577.231829,Africa,Botswana
2009,CAF,Agricultural & Foods,360.117365,Africa,Central African Republic
2009,CAF,Art & Collectibles,21.407341,Africa,Central African Republic
2009,CAF,Chemical & Pharmaceutical,107.872119,Africa,Central African Republic
2009,CAF,Consumer Goods & Crafts,4375.129307,Africa,Central African Republic
2009,CAF,Industrial Equipment & Technology,1170.699709,Africa,Central African Republic
2009,CAF,Textile & Apparel Manufacturing,2.064142,Africa,Central African Republic
2009,CIV,Agricultural & Foods,816299.816933,Africa,Côte d'Ivoire
2009,CIV,Art & Collectibles,242.398222,Africa,Côte d'Ivoire
2009,CIV,Base Metals,3620.401831,Africa,Côte d'Ivoire
2009,CIV,Chemical & Pharmaceutical,34379.513304,Africa,Côte d'Ivoire
2009,CIV,Consumer Goods & Crafts,12738.881617,Africa,Côte d'Ivoire
2009,CIV,Energy & Minerals,72615.847205,Africa,Côte d'Ivoire
2009,CIV,Industrial Equipment & Technology,3348.754769,Africa,Côte d'Ivoire
2009,CIV,Textile & Apparel Manufacturing,680.693715,Africa,Côte d'Ivoire
2009,CMR,Agricultural & Foods,15161.191367,Africa,Cameroon
2009,CMR,Art & Collectibles,232.112012,Africa,Cameroon
2009,CMR,Base Metals,1416.085722,Africa,Cameroon
2009,CMR,Chemical & Pharmaceutical,11562.676871,Africa,Cameroon
2009,CMR,Consumer Goods & Crafts,20969.356734,Africa,Cameroon
2009,CMR,Energy & Minerals,238517.946642,Africa,Cameroon
2009,CMR,Industrial Equipment & Technology,7860.236778,Africa,Cameroon
2009,CMR,Textile & Apparel Manufacturing,1783.518979,Africa,Cameroon
2009,COD,Agricultural & Foods,2523.3002,Africa,DR Congo
2009,COD,Art & Collectibles,5852.207195,Africa,DR Congo
2009,COD,Base Metals,38.677544,Africa,DR Congo
2009,COD,Chemical & Pharmaceutical,720.258961,Africa,DR Congo
2009,COD,Consumer Goods & Crafts,15330.047982,Africa,DR Congo
2009,COD,Energy & Minerals,561772.514574,Africa,DR Congo
2009,COD,Industrial Equipment & Technology,343.43849,Africa,DR Congo
2009,COD,Textile & Apparel Manufacturing,38.958356,Africa,DR Congo
2009,COG,Agricultural & Foods,5920.053233,Africa,Congo Republic
2009,COG,Art & Collectibles,1597.779521,Africa,Congo Republic
2009,COG,Base Metals,4973.493734,Africa,Congo Republic
2009,COG,Chemical & Pharmaceutical,51.973984,Africa,Congo Republic
2009,COG,Consumer Goods & Crafts,12695.376313,Africa,Congo Republic
2009,COG,Energy & Minerals,4286536.412953,Africa,Congo Republic
2009,COG,Industrial Equipment & Technology,87229.581534,Africa,Congo Republic
2009,COG,Textile & Apparel Manufacturing,1.905451,Africa,Congo Republic
2009,COM,Art & Collectibles,3.718192,Africa,Comoros
2009,COM,Chemical & Pharmaceutical,66.669255,Africa,Comoros
2009,COM,Consumer Goods & Crafts,1.460718,Africa,Comoros
2009,COM,Industrial Equipment & Technology,1121.641,Africa,Comoros
2009,CPV,Agricultural & Foods,127.135945,Africa,Cabo Verde
2009,CPV,Base Metals,22.027652,Africa,Cabo Verde
2009,CPV,Chemical & Pharmaceutical,3.137305,Africa,Cabo Verde
2009,CPV,Consumer Goods & Crafts,86.200813,Africa,Cabo Verde
2009,CPV,Energy & Minerals,0.135046,Africa,Cabo Verde
2009,CPV,Industrial Equipment & Technology,910.985565,Africa,Cabo Verde
2009,CPV,Textile & Apparel Manufacturing,15.095951,Africa,Cabo Verde
2009,DJI,Agricultural & Foods,192.239071,Africa,Djibouti
2009,DJI,Base Metals,3.189258,Africa,Djibouti
2009,DJI,Consumer Goods & Crafts,637.063993,Africa,Djibouti
2009,DJI,Industrial Equipment & Technology,2748.760125,Africa,Djibouti
2009,DZA,Agricultural & Foods,1854.297671,Africa,Algeria
2009,DZA,Art & Collectibles,10.363007,Africa,Algeria
2009,DZA,Base Metals,2143.444202,Africa,Algeria
2009,DZA,Chemical & Pharmaceutical,6074.24088,Africa,Algeria
2009,DZA,Consumer Goods & Crafts,170.029384,Africa,Algeria
2009,DZA,Energy & Minerals,13403192.97065,Africa,Algeria
2009,DZA,Industrial Equipment & Technology,1250.831311,Africa,Algeria
2009,EGY,Agricultural & Foods,80003.107292,Africa,Egypt
2009,EGY,Art & Collectibles,16384.44938,Africa,Egypt
2009,EGY,Base Metals,27759.550844,Africa,Egypt
2009,EGY,Chemical & Pharmaceutical,74774.009993,Africa,Egypt
2009,EGY,Consumer Goods & Crafts,63448.515792,Africa,Egypt
2009,EGY,Energy & Minerals,1037480.01088,Africa,Egypt
2009,EGY,Industrial Equipment & Technology,13271.200553,Africa,Egypt
2009,EGY,Textile & Apparel Manufacturing,1159789.86864,Africa,Egypt
2009,ERI,Agricultural & Foods,,Africa,Eritrea
2009,ERI,Base Metals,,Africa,Eritrea
2009,ERI,Chemical & Pharmaceutical,,Africa,Eritrea
2009,ERI,Industrial Equipment & Technology,,Africa,Eritrea
2009,ERI,Textile & Apparel Manufacturing,,Africa,Eritrea
2009,ETH,Agricultural & Foods,67474.808639,Africa,Ethiopia
2009,ETH,Art & Collectibles,3245.2138,Africa,Ethiopia
2009,ETH,Base Metals,283.036342,Africa,Ethiopia
2009,ETH,Chemical & Pharmaceutical,155.157816,Africa,Ethiopia
2009,ETH,Consumer Goods & Crafts,2836.058656,Africa,Ethiopia
2009,ETH,Energy & Minerals,61.938022,Africa,Ethiopia
2009,ETH,Industrial Equipment & Technology,57746.848756,Africa,Ethiopia
2009,ETH,Textile & Apparel Manufacturing,16753.860911,Africa,Ethiopia
2009,GAB,Agricultural & Foods,1223.724803,Africa,Gabon
2009,GAB,Art & Collectibles,3169.71025,Africa,Gabon
2009,GAB,Base Metals,1446.834944,Africa,Gabon
2009,GAB,Chemical & Pharmaceutical,1440.503106,Africa,Gabon
2009,GAB,Consumer Goods & Crafts,3153.843048,Africa,Gabon
2009,GAB,Energy & Minerals,1449533.245328,Africa,Gabon
2009,GAB,Industrial Equipment & Technology,1796.063805,Africa,Gabon
2009,GAB,Textile & Apparel Manufacturing,14.075812,Africa,Gabon
2009,GHA,Agricultural & Foods,94538.29514,Africa,Ghana
2009,GHA,Art & Collectibles,196.254038,Africa,Ghana
2009,GHA,Base Metals,830.380655,Africa,Ghana
2009,GHA,Chemical & Pharmaceutical,6657.007123,Africa,Ghana
2009,GHA,Consumer Goods & Crafts,32004.813921,Africa,Ghana
2009,GHA,Energy & Minerals,8632.577402,Africa,Ghana
2009,GHA,Industrial Equipment & Technology,12933.796817,Africa,Ghana
2009,GHA,Textile & Apparel Manufacturing,674.297543,Africa,Ghana
2009,GIN,Agricultural & Foods,699.354894,Africa,Guinea
2009,GIN,Art & Collectibles,68.560233,Africa,Guinea
2009,GIN,Base Metals,484.322823,Africa,Guinea
2009,GIN,Chemical & Pharmaceutical,154.972664,Africa,Guinea
2009,GIN,Consumer Goods & Crafts,2957.860479,Africa,Guinea
2009,GIN,Energy & Minerals,138134.824661,Africa,Guinea
2009,GIN,Industrial Equipment & Technology,1287.020661,Africa,Guinea
2009,GIN,Textile & Apparel Manufacturing,49.220352,Africa,Guinea
2009,GMB,Art & Collectibles,12.488522,Africa,Gambia
2009,GMB,Chemical & Pharmaceutical,625.167409,Africa,Gambia
2009,GMB,Industrial Equipment & Technology,711.98795,Africa,Gambia
2009,GMB,Textile & Apparel Manufacturing,23.048595,Africa,Gambia
2009,GNB,Consumer Goods & Crafts,45.773801,Africa,Guinea-Bissau
2009,GNB,Industrial Equipment & Technology,12.628679,Africa,Guinea-Bissau
2009,GNQ,Agricultural & Foods,38.096784,Africa,Equatorial Guinea
2009,GNQ,Chemical & Pharmaceutical,101368.948478,Africa,Equatorial Guinea
2009,GNQ,Consumer Goods & Crafts,108.510819,Africa,Equatorial Guinea
2009,GNQ,Energy & Minerals,3177234.801583,Africa,Equatorial Guinea
2009,GNQ,Industrial Equipment & Technology,140.224389,Africa,Equatorial Guinea
2009,KEN,Agricultural & Foods,19457.490632,Africa,Kenya
2009,KEN,Art & Collectibles,776.733325,Africa,Kenya
2009,KEN,Base Metals,6682.214115,Africa,Kenya
2009,KEN,Chemical & Pharmaceutical,6733.050471,Africa,Kenya
2009,KEN,Consumer Goods & Crafts,8752.030086,Africa,Kenya
2009,KEN,Energy & Minerals,503.580689,Africa,Kenya
2009,KEN,Industrial Equipment & Technology,65683.137862,Africa,Kenya
2009,KEN,Textile & Apparel Manufacturing,330013.560224,Africa,Kenya
2009,LBR,Agricultural & Foods,722.889912,Africa,Liberia
2009,LBR,Art & Collectibles,206.620102,Africa,Liberia
2009,LBR,Base Metals,5.634687,Africa,Liberia
2009,LBR,Chemical & Pharmaceutical,135557.966838,Africa,Liberia
2009,LBR,Consumer Goods & Crafts,2851.125823,Africa,Liberia
2009,LBR,Energy & Minerals,3536.85777,Africa,Liberia
2009,LBR,Industrial Equipment & Technology,1507.336414,Africa,Liberia
2009,LBR,Textile & Apparel Manufacturing,5.626084,Africa,Liberia
2009,LBY,Chemical & Pharmaceutical,12968.026212,Africa,Libya
2009,LBY,Consumer Goods & Crafts,3.805304,Africa,Libya
2009,LBY,Energy & Minerals,699523.109084,Africa,Libya
2009,LBY,Industrial Equipment & Technology,228.959422,Africa,Libya
2009,LBY,Textile & Apparel Manufacturing,3.677972,Africa,Libya
2009,LSO,Chemical & Pharmaceutical,184.258778,Africa,Lesotho
2009,LSO,Consumer Goods & Crafts,23132.558062,Africa,Lesotho
2009,LSO,Textile & Apparel Manufacturing,301639.530564,Africa,Lesotho
2009,MAR,Agricultural & Foods,92828.430963,Africa,Morocco
2009,MAR,Art & Collectibles,955.230163,Africa,Morocco
2009,MAR,Base Metals,40035.402827,Africa,Morocco
2009,MAR,Chemical & Pharmaceutical,20267.301052,Africa,Morocco
2009,MAR,Consumer Goods & Crafts,15638.779025,Africa,Morocco
2009,MAR,Energy & Minerals,299019.76454,Africa,Morocco
2009,MAR,Industrial Equipment & Technology,159917.799497,Africa,Morocco
2009,MAR,Textile & Apparel Manufacturing,67764.111714,Africa,Morocco
2009,MDG,Agricultural & Foods,4505.572818,Africa,Madagascar
2009,MDG,Art & Collectibles,664.913702,Africa,Madagascar
2009,MDG,Base Metals,137.967967,Africa,Madagascar
2009,MDG,Chemical & Pharmaceutical,3180.698556,Africa,Madagascar
2009,MDG,Consumer Goods & Crafts,4305.357912,Africa,Madagascar
2009,MDG,Energy & Minerals,1243.243784,Africa,Madagascar
2009,MDG,Industrial Equipment & Technology,35533.418967,Africa,Madagascar
2009,MDG,Textile & Apparel Manufacturing,277169.683586,Africa,Madagascar
2009,MLI,Agricultural & Foods,269.963242,Africa,Mali
2009,MLI,Art & Collectibles,1756.717258,Africa,Mali
2009,MLI,Base Metals,3.378026,Africa,Mali
2009,MLI,Chemical & Pharmaceutical,393.169064,Africa,Mali
2009,MLI,Consumer Goods & Crafts,651.050029,Africa,Mali
2009,MLI,Industrial Equipment & Technology,659.174488,Africa,Mali
2009,MLI,Textile & Apparel Manufacturing,215.266245,Africa,Mali
2009,MOZ,Agricultural & Foods,933.412313,Africa,Mozambique
2009,MOZ,Art & Collectibles,32.3878,Africa,Mozambique
2009,MOZ,Base Metals,21561.282007,Africa,Mozambique
2009,MOZ,Chemical & Pharmaceutical,501.55457,Africa,Mozambique
2009,MOZ,Consumer Goods & Crafts,5246.904625,Africa,Mozambique
2009,MOZ,Energy & Minerals,13809.979221,Africa,Mozambique
2009,MOZ,Industrial Equipment & Technology,18632.226637,Africa,Mozambique
2009,MOZ,Textile & Apparel Manufacturing,136.192268,Africa,Mozambique
2009,MRT,Art & Collectibles,14.198122,Africa,Mauritania
2009,MRT,Chemical & Pharmaceutical,300.875757,Africa,Mauritania
2009,MRT,Consumer Goods & Crafts,45.885321,Africa,Mauritania
2009,MRT,Energy & Minerals,46433.025988,Africa,Mauritania
2009,MRT,Industrial Equipment & Technology,40.444618,Africa,Mauritania
2009,MRT,Textile & Apparel Manufacturing,4.738718,Africa,Mauritania
2009,MUS,Agricultural & Foods,32184.852453,Africa,Mauritius
2009,MUS,Art & Collectibles,57.47793,Africa,Mauritius
2009,MUS,Base Metals,252.771359,Africa,Mauritius
2009,MUS,Chemical & Pharmaceutical,1204.302063,Africa,Mauritius
2009,MUS,Consumer Goods & Crafts,25400.157482,Africa,Mauritius
2009,MUS,Energy & Minerals,0.162035,Africa,Mauritius
2009,MUS,Industrial Equipment & Technology,8840.956726,Africa,Mauritius
2009,MUS,Textile & Apparel Manufacturing,112499.222,Africa,Mauritius
2009,MWI,Agricultural & Foods,42021.252311,Africa,Malawi
2009,MWI,Art & Collectibles,8.870682,Africa,Malawi
2009,MWI,Base Metals,1819.17978,Africa,Malawi
2009,MWI,Chemical & Pharmaceutical,83.522398,Africa,Malawi
2009,MWI,Consumer Goods & Crafts,782.125397,Africa,Malawi
2009,MWI,Industrial Equipment & Technology,5003.036792,Africa,Malawi
2009,MWI,Textile & Apparel Manufacturing,7698.370721,Africa,Malawi
2009,NAM,Agricultural & Foods,23594.611753,Africa,Namibia
2009,NAM,Art & Collectibles,219.720476,Africa,Namibia
2009,NAM,Base Metals,53.257128,Africa,Namibia
2009,NAM,Chemical & Pharmaceutical,1537.874556,Africa,Namibia
2009,NAM,Consumer Goods & Crafts,73283.76239,Africa,Namibia
2009,NAM,Energy & Minerals,274835.923931,Africa,Namibia
2009,NAM,Industrial Equipment & Technology,2512.721367,Africa,Namibia
2009,NAM,Textile & Apparel Manufacturing,576.627214,Africa,Namibia
2009,NER,Agricultural & Foods,227.794123,Africa,Niger
2009,NER,Art & Collectibles,447.44353,Africa,Niger
2009,NER,Base Metals,3.437654,Africa,Niger
2009,NER,Chemical & Pharmaceutical,115.467772,Africa,Niger
2009,NER,Consumer Goods & Crafts,151.630719,Africa,Niger
2009,NER,Energy & Minerals,165986.187276,Africa,Niger
2009,NER,Industrial Equipment & Technology,1300.080789,Africa,Niger
2009,NER,Textile & Apparel Manufacturing,2581.126078,Africa,Niger
2009,NGA,Agricultural & Foods,23016.884079,Africa,Nigeria
2009,NGA,Art & Collectibles,2203.318609,Africa,Nigeria
2009,NGA,Base Metals,6804.261938,Africa,Nigeria
2009,NGA,Chemical & Pharmaceutical,5979.124861,Africa,Nigeria
2009,NGA,Consumer Goods & Crafts,1242.830632,Africa,Nigeria
2009,NGA,Energy & Minerals,7561994.166262,Africa,Nigeria
2009,NGA,Industrial Equipment & Technology,24614.155285,Africa,Nigeria
2009,NGA,Textile & Apparel Manufacturing,5749.599351,Africa,Nigeria
2009,RWA,Agricultural & Foods,153.095985,Africa,Rwanda
2009,RWA,Art & Collectibles,529.193456,Africa,Rwanda
2009,RWA,Base Metals,30.805043,Africa,Rwanda
2009,RWA,Consumer Goods & Crafts,1164.985958,Africa,Rwanda
2009,RWA,Energy & Minerals,3561.963564,Africa,Rwanda
2009,RWA,Industrial Equipment & Technology,15205.381141,Africa,Rwanda
2009,RWA,Textile & Apparel Manufacturing,562.525606,Africa,Rwanda
2009,SDN,Agricultural & Foods,10107.927467,Africa,Sudan
2009,SDN,Art & Collectibles,361.00415,Africa,Sudan
2009,SDN,Consumer Goods & Crafts,166.349225,Africa,Sudan
2009,SDN,Industrial Equipment & Technology,103.698641,Africa,Sudan
2009,SEN,Agricultural & Foods,1205.683179,Africa,Senegal
2009,SEN,Art & Collectibles,65.829989,Africa,Senegal
2009,SEN,Base Metals,124.695979,Africa,Senegal
2009,SEN,Chemical & Pharmaceutical,1440.372222,Africa,Senegal
2009,SEN,Consumer Goods & Crafts,680.94878,Africa,Senegal
2009,SEN,Energy & Minerals,1677.137959,Africa,Senegal
2009,SEN,Industrial Equipment & Technology,1172.055282,Africa,Senegal
2009,SEN,Textile & Apparel Manufacturing,1344.667965,Africa,Senegal
2009,SLE,Agricultural & Foods,647.259803,Africa,Sierra Leone
2009,SLE,Art & Collectibles,34.066912,Africa,Sierra Leone
2009,SLE,Base Metals,123.654081,Africa,Sierra Leone
2009,SLE,Chemical & Pharmaceutical,214.877392,Africa,Sierra Leone
2009,SLE,Consumer Goods & Crafts,5801.353331,Africa,Sierra Leone
2009,SLE,Energy & Minerals,19117.664395,Africa,Sierra Leone
2009,SLE,Industrial Equipment & Technology,1095.838384,Africa,Sierra Leone
2009,SLE,Textile & Apparel Manufacturing,297.547227,Africa,Sierra Leone
2009,SOM,Agricultural & Foods,,Africa,Somalia
2009,SOM,Art & Collectibles,,Africa,Somalia
2009,SOM,Base Metals,,Africa,Somalia
2009,SOM,Chemical & Pharmaceutical,,Africa,Somalia
2009,SOM,Industrial Equipment & Technology,,Africa,Somalia
2009,SOM,Textile & Apparel Manufacturing,,Africa,Somalia
2009,STP,Agricultural & Foods,302.1652,Africa,Sao Tome and Principe
2009,STP,Consumer Goods & Crafts,50.231038,Africa,Sao Tome and Principe
2009,STP,Industrial Equipment & Technology,162.550778,Africa,Sao Tome and Principe
2009,SWZ,Agricultural & Foods,10156.560722,Africa,Eswatini
2009,SWZ,Art & Collectibles,56.235045,Africa,Eswatini
2009,SWZ,Base Metals,139.921691,Africa,Eswatini
2009,SWZ,Chemical & Pharmaceutical,625.862313,Africa,Eswatini
2009,SWZ,Consumer Goods & Crafts,1404.422273,Africa,Eswatini
2009,SWZ,Industrial Equipment & Technology,5583.274166,Africa,Eswatini
2009,SWZ,Textile & Apparel Manufacturing,132799.846664,Africa,Eswatini
2009,SYC,Agricultural & Foods,8.649509,Africa,Seychelles
2009,SYC,Base Metals,164.340675,Africa,Seychelles
2009,SYC,Chemical & Pharmaceutical,1517.792857,Africa,Seychelles
2009,SYC,Consumer Goods & Crafts,410.973781,Africa,Seychelles
2009,SYC,Industrial Equipment & Technology,7243.473611,Africa,Seychelles
2009,SYC,Textile & Apparel Manufacturing,34.298412,Africa,Seychelles
2009,TCD,Agricultural & Foods,9181.309668,Africa,Chad
2009,TCD,Art & Collectibles,3374.732739,Africa,Chad
2009,TCD,Chemical & Pharmaceutical,0.434812,Africa,Chad
2009,TCD,Consumer Goods & Crafts,34.863059,Africa,Chad
2009,TCD,Energy & Minerals,1965730.78795,Africa,Chad
2009,TCD,Industrial Equipment & Technology,8.586333,Africa,Chad
2009,TGO,Agricultural & Foods,6238.034057,Africa,Togo
2009,TGO,Base Metals,3.062785,Africa,Togo
2009,TGO,Chemical & Pharmaceutical,64.851626,Africa,Togo
2009,TGO,Consumer Goods & Crafts,203.584421,Africa,Togo
2009,TGO,Energy & Minerals,64.810376,Africa,Togo
2009,TGO,Industrial Equipment & Technology,415.864262,Africa,Togo
2009,TGO,Textile & Apparel Manufacturing,372.666626,Africa,Togo
2009,TUN,Agricultural & Foods,101464.782544,Africa,Tunisia
2009,TUN,Art & Collectibles,906.908189,Africa,Tunisia
2009,TUN,Base Metals,5153.137225,Africa,Tunisia
2009,TUN,Chemical & Pharmaceutical,4691.514479,Africa,Tunisia
2009,TUN,Consumer Goods & Crafts,47390.527371,Africa,Tunisia
2009,TUN,Energy & Minerals,35689.261771,Africa,Tunisia
2009,TUN,Industrial Equipment & Technology,47100.48444,Africa,Tunisia
2009,TUN,Textile & Apparel Manufacturing,53374.394669,Africa,Tunisia
2009,TZA,Agricultural & Foods,11930.207874,Africa,Tanzania
2009,TZA,Art & Collectibles,206.905364,Africa,Tanzania
2009,TZA,Base Metals,7033.49818,Africa,Tanzania
2009,TZA,Chemical & Pharmaceutical,2088.668962,Africa,Tanzania
2009,TZA,Consumer Goods & Crafts,13031.22887,Africa,Tanzania
2009,TZA,Energy & Minerals,254.338725,Africa,Tanzania
2009,TZA,Industrial Equipment & Technology,37927.982236,Africa,Tanzania
2009,TZA,Textile & Apparel Manufacturing,6594.311709,Africa,Tanzania
2009,UGA,Agricultural & Foods,7685.213707,Africa,Uganda
2009,UGA,Art & Collectibles,2384.589476,Africa,Uganda
2009,UGA,Base Metals,2758.552631,Africa,Uganda
2009,UGA,Chemical & Pharmaceutical,3230.340499,Africa,Uganda
2009,UGA,Consumer Goods & Crafts,799.318726,Africa,Uganda
2009,UGA,Energy & Minerals,4688.435975,Africa,Uganda
2009,UGA,Industrial Equipment & Technology,25474.643537,Africa,Uganda
2009,UGA,Textile & Apparel Manufacturing,1614.002138,Africa,Uganda
2009,ZAF,Agricultural & Foods,150469.923727,Africa,South Africa
2009,ZAF,Art & Collectibles,17133.666089,Africa,South Africa
2009,ZAF,Base Metals,703599.386506,Africa,South Africa
2009,ZAF,Chemical & Pharmaceutical,407382.737918,Africa,South Africa
2009,ZAF,Consumer Goods & Crafts,1894356.234523,Africa,South Africa
2009,ZAF,Energy & Minerals,677527.046898,Africa,South Africa
2009,ZAF,Industrial Equipment & Technology,1956988.210684,Africa,South Africa
2009,ZAF,Textile & Apparel Manufacturing,46449.051667,Africa,South Africa
2009,ZMB,Agricultural & Foods,194.484217,Africa,Zambia
2009,ZMB,Art & Collectibles,56.888149,Africa,Zambia
2009,ZMB,Base Metals,5071.302448,Africa,Zambia
2009,ZMB,Chemical & Pharmaceutical,87.378594,Africa,Zambia
2009,ZMB,Consumer Goods & Crafts,1687.111766,Africa,Zambia
2009,ZMB,Energy & Minerals,242.076257,Africa,Zambia
2009,ZMB,Industrial Equipment & Technology,3191.625449,Africa,Zambia
2009,ZMB,Textile & Apparel Manufacturing,24.002859,Africa,Zambia
2009,ZWE,Agricultural & Foods,14957.263161,Africa,Zimbabwe
2009,ZWE,Art & Collectibles,11289.919713,Africa,Zimbabwe
2009,ZWE,Base Metals,13980.18212,Africa,Zimbabwe
2009,ZWE,Chemical & Pharmaceutical,12.354353,Africa,Zimbabwe
2009,ZWE,Consumer Goods & Crafts,5140.991328,Africa,Zimbabwe
2009,ZWE,Energy & Minerals,4728.715345,Africa,Zimbabwe
2009,ZWE,Industrial Equipment & Technology,1774.642525,Africa,Zimbabwe
2009,ZWE,Textile & Apparel Manufacturing,893.703236,Africa,Zimbabwe
2010,AGO,Art & Collectibles,33.234298,Africa,Angola
2010,AGO,Consumer Goods & Crafts,118833.923265,Africa,Angola
2010,AGO,Energy & Minerals,11603598.972089,Africa,Angola
2010,AGO,Industrial Equipment & Technology,218.016004,Africa,Angola
2010,BDI,Base Metals,0.895132,Africa,Burundi
2010,BDI,Chemical & Pharmaceutical,50.177503,Africa,Burundi
2010,BDI,Consumer Goods & Crafts,27.693585,Africa,Burundi
2010,BDI,Industrial Equipment & Technology,6115.276676,Africa,Burundi
2010,BDI,Textile & Apparel Manufacturing,14.576325,Africa,Burundi
2010,BEN,Agricultural & Foods,193.594687,Africa,Benin
2010,BEN,Art & Collectibles,68.578189,Africa,Benin
2010,BEN,Base Metals,7.305944,Africa,Benin
2010,BEN,Chemical & Pharmaceutical,31.643415,Africa,Benin
2010,BEN,Consumer Goods & Crafts,38.234368,Africa,Benin
2010,BEN,Industrial Equipment & Technology,29.220569,Africa,Benin
2010,BEN,Textile & Apparel Manufacturing,16.018357,Africa,Benin
2010,BFA,Agricultural & Foods,216.733371,Africa,Burkina Faso
2010,BFA,Art & Collectibles,56.07625,Africa,Burkina Faso
2010,BFA,Base Metals,145.146547,Africa,Burkina Faso
2010,BFA,Chemical & Pharmaceutical,20.426646,Africa,Burkina Faso
2010,BFA,Consumer Goods & Crafts,2075.788056,Africa,Burkina Faso
2010,BFA,Energy & Minerals,0.622595,Africa,Burkina Faso
2010,BFA,Industrial Equipment & Technology,1863.799802,Africa,Burkina Faso
2010,BFA,Textile & Apparel Manufacturing,60.231116,Africa,Burkina Faso
2010,BWA,Chemical & Pharmaceutical,42.892915,Africa,Botswana
2010,BWA,Consumer Goods & Crafts,154376.389678,Africa,Botswana
2010,BWA,Industrial Equipment & Technology,147.186427,Africa,Botswana
2010,BWA,Textile & Apparel Manufacturing,12140.437097,Africa,Botswana
2010,CAF,Agricultural & Foods,1116.898892,Africa,Central African Republic
2010,CAF,Art & Collectibles,11.249073,Africa,Central African Republic
2010,CAF,Base Metals,13.764098,Africa,Central African Republic
2010,CAF,Chemical & Pharmaceutical,78.968495,Africa,Central African Republic
2010,CAF,Consumer Goods & Crafts,7014.726982,Africa,Central African Republic
2010,CAF,Industrial Equipment & Technology,315.88441,Africa,Central African Republic
2010,CAF,Textile & Apparel Manufacturing,2.267694,Africa,Central African Republic
2010,CIV,Agricultural & Foods,939404.258605,Africa,Côte d'Ivoire
2010,CIV,Art & Collectibles,2222.317589,Africa,Côte d'Ivoire
2010,CIV,Base Metals,13557.268334,Africa,Côte d'Ivoire
2010,CIV,Chemical & Pharmaceutical,91531.955137,Africa,Côte d'Ivoire
2010,CIV,Consumer Goods & Crafts,14223.548105,Africa,Côte d'Ivoire
2010,CIV,Energy & Minerals,330276.651466,Africa,Côte d'Ivoire
2010,CIV,Industrial Equipment & Technology,7174.328694,Africa,Côte d'Ivoire
2010,CIV,Textile & Apparel Manufacturing,612.204028,Africa,Côte d'Ivoire
2010,CMR,Agricultural & Foods,49152.498066,Africa,Cameroon
2010,CMR,Art & Collectibles,1156.666936,Africa,Cameroon
2010,CMR,Base Metals,535.372706,Africa,Cameroon
2010,CMR,Chemical & Pharmaceutical,29841.540209,Africa,Cameroon
2010,CMR,Consumer Goods & Crafts,18068.834534,Africa,Cameroon
2010,CMR,Energy & Minerals,260220.65773,Africa,Cameroon
2010,CMR,Industrial Equipment & Technology,11176.382919,Africa,Cameroon
2010,CMR,Textile & Apparel Manufacturing,1067.920389,Africa,Cameroon
2010,COD,Agricultural & Foods,3188.679488,Africa,DR Congo
2010,COD,Art & Collectibles,9472.615554,Africa,DR Congo
2010,COD,Base Metals,3561.838087,Africa,DR Congo
2010,COD,Chemical & Pharmaceutical,1021.461229,Africa,DR Congo
2010,COD,Consumer Goods & Crafts,16070.796428,Africa,DR Congo
2010,COD,Energy & Minerals,813731.529974,Africa,DR Congo
2010,COD,Industrial Equipment & Technology,2536.999356,Africa,DR Congo
2010,COD,Textile & Apparel Manufacturing,35.788737,Africa,DR Congo
2010,COG,Agricultural & Foods,5346.218186,Africa,Congo Republic
2010,COG,Art & Collectibles,7400.855091,Africa,Congo Republic
2010,COG,Base Metals,13827.846516,Africa,Congo Republic
2010,COG,Chemical & Pharmaceutical,93.106885,Africa,Congo Republic
2010,COG,Consumer Goods & Crafts,9621.580279,Africa,Congo Republic
2010,COG,Energy & Minerals,3656341.910691,Africa,Congo Republic
2010,COG,Industrial Equipment & Technology,5542.543598,Africa,Congo Republic
2010,COG,Textile & Apparel Manufacturing,3.865764,Africa,Congo Republic
2010,COM,Chemical & Pharmaceutical,64.366816,Africa,Comoros
2010,COM,Industrial Equipment & Technology,1803.0774,Africa,Comoros
2010,COM,Textile & Apparel Manufacturing,8.500969,Africa,Comoros
2010,CPV,Agricultural & Foods,601.444064,Africa,Cabo Verde
2010,CPV,Base Metals,59.811438,Africa,Cabo Verde
2010,CPV,Chemical & Pharmaceutical,356.943325,Africa,Cabo Verde
2010,CPV,Consumer Goods & Crafts,55.560773,Africa,Cabo Verde
2010,CPV,Industrial Equipment & Technology,543.065142,Africa,Cabo Verde
2010,CPV,Textile & Apparel Manufacturing,10.076576,Africa,Cabo Verde
2010,DJI,Agricultural & Foods,258.173543,Africa,Djibouti
2010,DJI,Energy & Minerals,6.28827,Africa,Djibouti
2010,DJI,Industrial Equipment & Technology,2171.541281,Africa,Djibouti
2010,DJI,Textile & Apparel Manufacturing,1.054702,Africa,Djibouti
2010,DZA,Agricultural & Foods,28.876001,Africa,Algeria
2010,DZA,Art & Collectibles,52.434669,Africa,Algeria
2010,DZA,Base Metals,965.859398,Africa,Algeria
2010,DZA,Chemical & Pharmaceutical,309.284111,Africa,Algeria
2010,DZA,Consumer Goods & Crafts,159.069155,Africa,Algeria
2010,DZA,Energy & Minerals,15870562.625794,Africa,Algeria
2010,DZA,Industrial Equipment & Technology,4648.174963,Africa,Algeria
2010,DZA,Textile & Apparel Manufacturing,1.30006,Africa,Algeria
2010,EGY,Agricultural & Foods,47639.731444,Africa,Egypt
2010,EGY,Art & Collectibles,25981.873126,Africa,Egypt
2010,EGY,Base Metals,40749.536412,Africa,Egypt
2010,EGY,Chemical & Pharmaceutical,237441.354238,Africa,Egypt
2010,EGY,Consumer Goods & Crafts,64899.535273,Africa,Egypt
2010,EGY,Energy & Minerals,842333.942433,Africa,Egypt
2010,EGY,Industrial Equipment & Technology,17106.938882,Africa,Egypt
2010,EGY,Textile & Apparel Manufacturing,1245721.998674,Africa,Egypt
2010,ERI,Chemical & Pharmaceutical,,Africa,Eritrea
2010,ERI,Industrial Equipment & Technology,,Africa,Eritrea
2010,ERI,Textile & Apparel Manufacturing,,Africa,Eritrea
2010,ETH,Agricultural & Foods,50211.441357,Africa,Ethiopia
2010,ETH,Art & Collectibles,1651.296091,Africa,Ethiopia
2010,ETH,Base Metals,2008.577575,Africa,Ethiopia
2010,ETH,Chemical & Pharmaceutical,326.615536,Africa,Ethiopia
2010,ETH,Consumer Goods & Crafts,5090.123865,Africa,Ethiopia
2010,ETH,Energy & Minerals,402.581314,Africa,Ethiopia
2010,ETH,Industrial Equipment & Technology,122890.393307,Africa,Ethiopia
2010,ETH,Textile & Apparel Manufacturing,21225.16663,Africa,Ethiopia
2010,GAB,Agricultural & Foods,486.491624,Africa,Gabon
2010,GAB,Art & Collectibles,3233.057656,Africa,Gabon
2010,GAB,Base Metals,363.783236,Africa,Gabon
2010,GAB,Chemical & Pharmaceutical,5636.673034,Africa,Gabon
2010,GAB,Consumer Goods & Crafts,4431.314216,Africa,Gabon
2010,GAB,Energy & Minerals,2179485.535389,Africa,Gabon
2010,GAB,Industrial Equipment & Technology,2671.110932,Africa,Gabon
2010,GAB,Textile & Apparel Manufacturing,6.204958,Africa,Gabon
2010,GHA,Agricultural & Foods,165625.3952,Africa,Ghana
2010,GHA,Art & Collectibles,156.822804,Africa,Ghana
2010,GHA,Base Metals,3996.849113,Africa,Ghana
2010,GHA,Chemical & Pharmaceutical,7429.426947,Africa,Ghana
2010,GHA,Consumer Goods & Crafts,49231.829535,Africa,Ghana
2010,GHA,Energy & Minerals,26045.211087,Africa,Ghana
2010,GHA,Industrial Equipment & Technology,23074.353658,Africa,Ghana
2010,GHA,Textile & Apparel Manufacturing,1005.655373,Africa,Ghana
2010,GIN,Agricultural & Foods,1021.3656,Africa,Guinea
2010,GIN,Art & Collectibles,815.446728,Africa,Guinea
2010,GIN,Base Metals,139.454009,Africa,Guinea
2010,GIN,Chemical & Pharmaceutical,423.202472,Africa,Guinea
2010,GIN,Consumer Goods & Crafts,2615.539918,Africa,Guinea
2010,GIN,Energy & Minerals,168582.065049,Africa,Guinea
2010,GIN,Industrial Equipment & Technology,3050.549901,Africa,Guinea
2010,GIN,Textile & Apparel Manufacturing,50.824671,Africa,Guinea
2010,GMB,Agricultural & Foods,28.682261,Africa,Gambia
2010,GMB,Art & Collectibles,6.055434,Africa,Gambia
2010,GMB,Base Metals,4.011863,Africa,Gambia
2010,GMB,Chemical & Pharmaceutical,3685.8643,Africa,Gambia
2010,GMB,Consumer Goods & Crafts,28.944232,Africa,Gambia
2010,GMB,Energy & Minerals,5.638891,Africa,Gambia
2010,GMB,Industrial Equipment & Technology,129.487723,Africa,Gambia
2010,GMB,Textile & Apparel Manufacturing,21.77467,Africa,Gambia
2010,GNB,Art & Collectibles,31.727398,Africa,Guinea-Bissau
2010,GNB,Consumer Goods & Crafts,1121.784357,Africa,Guinea-Bissau
2010,GNB,Industrial Equipment & Technology,22.551161,Africa,Guinea-Bissau
2010,GNQ,Agricultural & Foods,25.309487,Africa,Equatorial Guinea
2010,GNQ,Base Metals,198.668447,Africa,Equatorial Guinea
2010,GNQ,Chemical & Pharmaceutical,157325.59105,Africa,Equatorial Guinea
2010,GNQ,Consumer Goods & Crafts,545.509498,Africa,Equatorial Guinea
2010,GNQ,Energy & Minerals,2288313.29222,Africa,Equatorial Guinea
2010,GNQ,Industrial Equipment & Technology,110.216939,Africa,Equatorial Guinea
2010,KEN,Agricultural & Foods,18099.096541,Africa,Kenya
2010,KEN,Art & Collectibles,993.556179,Africa,Kenya
2010,KEN,Base Metals,25407.948911,Africa,Kenya
2010,KEN,Chemical & Pharmaceutical,6315.526454,Africa,Kenya
2010,KEN,Consumer Goods & Crafts,53635.422625,Africa,Kenya
2010,KEN,Energy & Minerals,142.521725,Africa,Kenya
2010,KEN,Industrial Equipment & Technology,66564.363479,Africa,Kenya
2010,KEN,Textile & Apparel Manufacturing,359316.59999,Africa,Kenya
2010,LBR,Agricultural & Foods,500.523182,Africa,Liberia
2010,LBR,Art & Collectibles,4.955626,Africa,Liberia
2010,LBR,Chemical & Pharmaceutical,213785.003381,Africa,Liberia
2010,LBR,Consumer Goods & Crafts,1160.117534,Africa,Liberia
2010,LBR,Energy & Minerals,42426.90866,Africa,Liberia
2010,LBR,Industrial Equipment & Technology,46.501087,Africa,Liberia
2010,LBR,Textile & Apparel Manufacturing,1.741122,Africa,Liberia
2010,LBY,Art & Collectibles,6.113475,Africa,Libya
2010,LBY,Chemical & Pharmaceutical,44534.142815,Africa,Libya
2010,LBY,Consumer Goods & Crafts,3.220832,Africa,Libya
2010,LBY,Energy & Minerals,318017.463836,Africa,Libya
2010,LBY,Industrial Equipment & Technology,22.070712,Africa,Libya
2010,LSO,Chemical & Pharmaceutical,227.751506,Africa,Lesotho
2010,LSO,Consumer Goods & Crafts,15856.977228,Africa,Lesotho
2010,LSO,Industrial Equipment & Technology,117.103521,Africa,Lesotho
2010,LSO,Textile & Apparel Manufacturing,263818.224064,Africa,Lesotho
2010,MAR,Agricultural & Foods,148629.32759,Africa,Morocco
2010,MAR,Art & Collectibles,2506.39478,Africa,Morocco
2010,MAR,Base Metals,29971.236726,Africa,Morocco
2010,MAR,Chemical & Pharmaceutical,91258.946312,Africa,Morocco
2010,MAR,Consumer Goods & Crafts,18682.143655,Africa,Morocco
2010,MAR,Energy & Minerals,408222.639108,Africa,Morocco
2010,MAR,Industrial Equipment & Technology,209413.788396,Africa,Morocco
2010,MAR,Textile & Apparel Manufacturing,82182.667422,Africa,Morocco
2010,MDG,Agricultural & Foods,5203.575518,Africa,Madagascar
2010,MDG,Art & Collectibles,582.20423,Africa,Madagascar
2010,MDG,Base Metals,53.243257,Africa,Madagascar
2010,MDG,Chemical & Pharmaceutical,3861.881597,Africa,Madagascar
2010,MDG,Consumer Goods & Crafts,13616.149997,Africa,Madagascar
2010,MDG,Energy & Minerals,1023.841198,Africa,Madagascar
2010,MDG,Industrial Equipment & Technology,31092.066085,Africa,Madagascar
2010,MDG,Textile & Apparel Manufacturing,63198.591609,Africa,Madagascar
2010,MLI,Agricultural & Foods,542.669164,Africa,Mali
2010,MLI,Art & Collectibles,2152.624134,Africa,Mali
2010,MLI,Base Metals,470.579899,Africa,Mali
2010,MLI,Chemical & Pharmaceutical,190.347345,Africa,Mali
2010,MLI,Consumer Goods & Crafts,9575.672389,Africa,Mali
2010,MLI,Energy & Minerals,153.020453,Africa,Mali
2010,MLI,Industrial Equipment & Technology,5573.878089,Africa,Mali
2010,MLI,Textile & Apparel Manufacturing,184.428649,Africa,Mali
2010,MOZ,Agricultural & Foods,27315.695242,Africa,Mozambique
2010,MOZ,Art & Collectibles,17.879204,Africa,Mozambique
2010,MOZ,Base Metals,18836.365571,Africa,Mozambique
2010,MOZ,Chemical & Pharmaceutical,33.089161,Africa,Mozambique
2010,MOZ,Consumer Goods & Crafts,6127.768386,Africa,Mozambique
2010,MOZ,Energy & Minerals,18255.13703,Africa,Mozambique
2010,MOZ,Industrial Equipment & Technology,4925.274757,Africa,Mozambique
2010,MOZ,Textile & Apparel Manufacturing,411.413896,Africa,Mozambique
2010,MRT,Agricultural & Foods,10.653157,Africa,Mauritania
2010,MRT,Chemical & Pharmaceutical,370.081418,Africa,Mauritania
2010,MRT,Consumer Goods & Crafts,153.432501,Africa,Mauritania
2010,MRT,Energy & Minerals,60064.00071,Africa,Mauritania
2010,MRT,Industrial Equipment & Technology,23.551301,Africa,Mauritania
2010,MRT,Textile & Apparel Manufacturing,44.965099,Africa,Mauritania
2010,MUS,Agricultural & Foods,26155.626048,Africa,Mauritius
2010,MUS,Base Metals,8.773013,Africa,Mauritius
2010,MUS,Chemical & Pharmaceutical,1521.053085,Africa,Mauritius
2010,MUS,Consumer Goods & Crafts,45563.542924,Africa,Mauritius
2010,MUS,Energy & Minerals,267.785211,Africa,Mauritius
2010,MUS,Industrial Equipment & Technology,7878.407044,Africa,Mauritius
2010,MUS,Textile & Apparel Manufacturing,131024.285034,Africa,Mauritius
2010,MWI,Agricultural & Foods,46775.681789,Africa,Malawi
2010,MWI,Art & Collectibles,1.891381,Africa,Malawi
2010,MWI,Base Metals,4571.417248,Africa,Malawi
2010,MWI,Chemical & Pharmaceutical,31.337893,Africa,Malawi
2010,MWI,Consumer Goods & Crafts,154.267797,Africa,Malawi
2010,MWI,Industrial Equipment & Technology,4775.491677,Africa,Malawi
2010,MWI,Textile & Apparel Manufacturing,14818.516471,Africa,Malawi
2010,NAM,Agricultural & Foods,75.370272,Africa,Namibia
2010,NAM,Art & Collectibles,258.182691,Africa,Namibia
2010,NAM,Base Metals,5.962145,Africa,Namibia
2010,NAM,Chemical & Pharmaceutical,1187.865812,Africa,Namibia
2010,NAM,Consumer Goods & Crafts,68176.243339,Africa,Namibia
2010,NAM,Energy & Minerals,120747.469166,Africa,Namibia
2010,NAM,Industrial Equipment & Technology,3793.745776,Africa,Namibia
2010,NAM,Textile & Apparel Manufacturing,288.039423,Africa,Namibia
2010,NER,Agricultural & Foods,44.348109,Africa,Niger
2010,NER,Art & Collectibles,392.719661,Africa,Niger
2010,NER,Base Metals,61.745887,Africa,Niger
2010,NER,Chemical & Pharmaceutical,56.410218,Africa,Niger
2010,NER,Consumer Goods & Crafts,119.432598,Africa,Niger
2010,NER,Energy & Minerals,114377.982092,Africa,Niger
2010,NER,Industrial Equipment & Technology,3271.657805,Africa,Niger
2010,NER,Textile & Apparel Manufacturing,3159.254486,Africa,Niger
2010,NGA,Agricultural & Foods,29167.078324,Africa,Nigeria
2010,NGA,Art & Collectibles,1073.840477,Africa,Nigeria
2010,NGA,Base Metals,15789.020548,Africa,Nigeria
2010,NGA,Chemical & Pharmaceutical,41220.782235,Africa,Nigeria
2010,NGA,Consumer Goods & Crafts,23510.344056,Africa,Nigeria
2010,NGA,Energy & Minerals,10941089.866111,Africa,Nigeria
2010,NGA,Industrial Equipment & Technology,61385.684894,Africa,Nigeria
2010,NGA,Textile & Apparel Manufacturing,61999.727692,Africa,Nigeria
2010,RWA,Agricultural & Foods,1035.060663,Africa,Rwanda
2010,RWA,Art & Collectibles,422.355098,Africa,Rwanda
2010,RWA,Chemical & Pharmaceutical,7.237218,Africa,Rwanda
2010,RWA,Consumer Goods & Crafts,1047.874393,Africa,Rwanda
2010,RWA,Energy & Minerals,1315.501837,Africa,Rwanda
2010,RWA,Industrial Equipment & Technology,19817.749605,Africa,Rwanda
2010,RWA,Textile & Apparel Manufacturing,206.899277,Africa,Rwanda
2010,SDN,Agricultural & Foods,7261.973643,Africa,Sudan
2010,SDN,Art & Collectibles,54.524239,Africa,Sudan
2010,SDN,Base Metals,0.000856,Africa,Sudan
2010,SDN,Consumer Goods & Crafts,10.041033,Africa,Sudan
2010,SDN,Energy & Minerals,397.578174,Africa,Sudan
2010,SDN,Industrial Equipment & Technology,5.504551,Africa,Sudan
2010,SDN,Textile & Apparel Manufacturing,80.927422,Africa,Sudan
2010,SEN,Agricultural & Foods,609.329545,Africa,Senegal
2010,SEN,Art & Collectibles,133.142327,Africa,Senegal
2010,SEN,Base Metals,100.184092,Africa,Senegal
2010,SEN,Chemical & Pharmaceutical,1220.588213,Africa,Senegal
2010,SEN,Consumer Goods & Crafts,837.91102,Africa,Senegal
2010,SEN,Energy & Minerals,307.50178,Africa,Senegal
2010,SEN,Industrial Equipment & Technology,947.157011,Africa,Senegal
2010,SEN,Textile & Apparel Manufacturing,1766.264115,Africa,Senegal
2010,SLE,Agricultural & Foods,131.213737,Africa,Sierra Leone
2010,SLE,Art & Collectibles,23.782303,Africa,Sierra Leone
2010,SLE,Base Metals,67.539126,Africa,Sierra Leone
2010,SLE,Chemical & Pharmaceutical,549.988244,Africa,Sierra Leone
2010,SLE,Consumer Goods & Crafts,6509.637524,Africa,Sierra Leone
2010,SLE,Energy & Minerals,18739.974342,Africa,Sierra Leone
2010,SLE,Industrial Equipment & Technology,1849.319532,Africa,Sierra Leone
2010,SLE,Textile & Apparel Manufacturing,394.282571,Africa,Sierra Leone
2010,SOM,Agricultural & Foods,,Africa,Somalia
2010,SOM,Industrial Equipment & Technology,,Africa,Somalia
2010,STP,Agricultural & Foods,148.193545,Africa,Sao Tome and Principe
2010,STP,Art & Collectibles,10.042223,Africa,Sao Tome and Principe
2010,STP,Chemical & Pharmaceutical,33.495924,Africa,Sao Tome and Principe
2010,STP,Consumer Goods & Crafts,176.333219,Africa,Sao Tome and Principe
2010,STP,Industrial Equipment & Technology,532.488072,Africa,Sao Tome and Principe
2010,STP,Textile & Apparel Manufacturing,13.396582,Africa,Sao Tome and Principe
2010,SWZ,Agricultural & Foods,30567.503227,Africa,Eswatini
2010,SWZ,Base Metals,242.618,Africa,Eswatini
2010,SWZ,Chemical & Pharmaceutical,5368.259789,Africa,Eswatini
2010,SWZ,Consumer Goods & Crafts,507.352384,Africa,Eswatini
2010,SWZ,Industrial Equipment & Technology,1162.298089,Africa,Eswatini
2010,SWZ,Textile & Apparel Manufacturing,127330.11932,Africa,Eswatini
2010,SYC,Art & Collectibles,11.586289,Africa,Seychelles
2010,SYC,Chemical & Pharmaceutical,2077.801744,Africa,Seychelles
2010,SYC,Consumer Goods & Crafts,53.71134,Africa,Seychelles
2010,SYC,Energy & Minerals,34.447448,Africa,Seychelles
2010,SYC,Industrial Equipment & Technology,12230.600971,Africa,Seychelles
2010,SYC,Textile & Apparel Manufacturing,46.972901,Africa,Seychelles
2010,TCD,Agricultural & Foods,6122.531736,Africa,Chad
2010,TCD,Art & Collectibles,3336.343838,Africa,Chad
2010,TCD,Chemical & Pharmaceutical,1187.697397,Africa,Chad
2010,TCD,Energy & Minerals,2012074.991408,Africa,Chad
2010,TCD,Industrial Equipment & Technology,13.891383,Africa,Chad
2010,TCD,Textile & Apparel Manufacturing,1.728867,Africa,Chad
2010,TGO,Agricultural & Foods,9224.104949,Africa,Togo
2010,TGO,Art & Collectibles,8.198727,Africa,Togo
2010,TGO,Base Metals,15.025219,Africa,Togo
2010,TGO,Chemical & Pharmaceutical,330.849654,Africa,Togo
2010,TGO,Consumer Goods & Crafts,333.232097,Africa,Togo
2010,TGO,Energy & Minerals,10388.594145,Africa,Togo
2010,TGO,Industrial Equipment & Technology,1913.312448,Africa,Togo
2010,TGO,Textile & Apparel Manufacturing,572.928897,Africa,Togo
2010,TUN,Agricultural & Foods,86024.296338,Africa,Tunisia
2010,TUN,Art & Collectibles,1565.698988,Africa,Tunisia
2010,TUN,Base Metals,5830.449315,Africa,Tunisia
2010,TUN,Chemical & Pharmaceutical,37478.998263,Africa,Tunisia
2010,TUN,Consumer Goods & Crafts,50860.255031,Africa,Tunisia
2010,TUN,Energy & Minerals,90005.971003,Africa,Tunisia
2010,TUN,Industrial Equipment & Technology,78998.650393,Africa,Tunisia
2010,TUN,Textile & Apparel Manufacturing,75214.443865,Africa,Tunisia
2010,TZA,Agricultural & Foods,9023.920234,Africa,Tanzania
2010,TZA,Art & Collectibles,193.155921,Africa,Tanzania
2010,TZA,Base Metals,6554.303618,Africa,Tanzania
2010,TZA,Chemical & Pharmaceutical,1434.236623,Africa,Tanzania
2010,TZA,Consumer Goods & Crafts,9137.447574,Africa,Tanzania
2010,TZA,Energy & Minerals,0.260827,Africa,Tanzania
2010,TZA,Industrial Equipment & Technology,22690.337873,Africa,Tanzania
2010,TZA,Textile & Apparel Manufacturing,9385.117397,Africa,Tanzania
2010,UGA,Agricultural & Foods,6977.290704,Africa,Uganda
2010,UGA,Art & Collectibles,67.129123,Africa,Uganda
2010,UGA,Base Metals,7539.51702,Africa,Uganda
2010,UGA,Chemical & Pharmaceutical,2340.273393,Africa,Uganda
2010,UGA,Consumer Goods & Crafts,1745.410294,Africa,Uganda
2010,UGA,Energy & Minerals,3624.736742,Africa,Uganda
2010,UGA,Industrial Equipment & Technology,39529.129512,Africa,Uganda
2010,UGA,Textile & Apparel Manufacturing,2068.501124,Africa,Uganda
2010,ZAF,Agricultural & Foods,119852.305957,Africa,South Africa
2010,ZAF,Art & Collectibles,20585.677599,Africa,South Africa
2010,ZAF,Base Metals,1029610.896132,Africa,South Africa
2010,ZAF,Chemical & Pharmaceutical,408058.431622,Africa,South Africa
2010,ZAF,Consumer Goods & Crafts,2538662.945049,Africa,South Africa
2010,ZAF,Energy & Minerals,756904.354069,Africa,South Africa
2010,ZAF,Industrial Equipment & Technology,1885621.225056,Africa,South Africa
2010,ZAF,Textile & Apparel Manufacturing,29919.432589,Africa,South Africa
2010,ZMB,Agricultural & Foods,36.501338,Africa,Zambia
2010,ZMB,Art & Collectibles,110.973553,Africa,Zambia
2010,ZMB,Base Metals,19583.519303,Africa,Zambia
2010,ZMB,Chemical & Pharmaceutical,206.734251,Africa,Zambia
2010,ZMB,Consumer Goods & Crafts,3598.191162,Africa,Zambia
2010,ZMB,Energy & Minerals,224.08763,Africa,Zambia
2010,ZMB,Industrial Equipment & Technology,1671.93801,Africa,Zambia
2010,ZMB,Textile & Apparel Manufacturing,16.989418,Africa,Zambia
2010,ZWE,Agricultural & Foods,26314.0743,Africa,Zimbabwe
2010,ZWE,Art & Collectibles,10212.140494,Africa,Zimbabwe
2010,ZWE,Base Metals,68028.486465,Africa,Zimbabwe
2010,ZWE,Chemical & Pharmaceutical,6.0537,Africa,Zimbabwe
2010,ZWE,Consumer Goods & Crafts,5775.606127,Africa,Zimbabwe
2010,ZWE,Energy & Minerals,820.929191,Africa,Zimbabwe
2010,ZWE,Industrial Equipment & Technology,2834.225698,Africa,Zimbabwe
2010,ZWE,Textile & Apparel Manufacturing,320.151852,Africa,Zimbabwe
2011,AGO,Chemical & Pharmaceutical,5.538074,Africa,Angola
2011,AGO,Consumer Goods & Crafts,126629.651305,Africa,Angola
2011,AGO,Energy & Minerals,10816311.17289,Africa,Angola
2011,AGO,Industrial Equipment & Technology,88.213666,Africa,Angola
2011,BDI,Chemical & Pharmaceutical,30.593712,Africa,Burundi
2011,BDI,Consumer Goods & Crafts,10.7932,Africa,Burundi
2011,BDI,Industrial Equipment & Technology,16426.571821,Africa,Burundi
2011,BDI,Textile & Apparel Manufacturing,1.078304,Africa,Burundi
2011,BEN,Agricultural & Foods,164.455842,Africa,Benin
2011,BEN,Art & Collectibles,345.72256,Africa,Benin
2011,BEN,Base Metals,111.879988,Africa,Benin
2011,BEN,Chemical & Pharmaceutical,67.59023,Africa,Benin
2011,BEN,Consumer Goods & Crafts,1492.642714,Africa,Benin
2011,BEN,Industrial Equipment & Technology,23.626573,Africa,Benin
2011,BEN,Textile & Apparel Manufacturing,63.395124,Africa,Benin
2011,BFA,Agricultural & Foods,147.495095,Africa,Burkina Faso
2011,BFA,Art & Collectibles,406.055918,Africa,Burkina Faso
2011,BFA,Base Metals,913.083398,Africa,Burkina Faso
2011,BFA,Chemical & Pharmaceutical,9.835207,Africa,Burkina Faso
2011,BFA,Consumer Goods & Crafts,2220.762577,Africa,Burkina Faso
2011,BFA,Energy & Minerals,15.815979,Africa,Burkina Faso
2011,BFA,Industrial Equipment & Technology,3914.141177,Africa,Burkina Faso
2011,BFA,Textile & Apparel Manufacturing,3783.98382,Africa,Burkina Faso
2011,BWA,Agricultural & Foods,0.843141,Africa,Botswana
2011,BWA,Art & Collectibles,16.989867,Africa,Botswana
2011,BWA,Base Metals,4.439595,Africa,Botswana
2011,BWA,Chemical & Pharmaceutical,414.964822,Africa,Botswana
2011,BWA,Consumer Goods & Crafts,201132.347211,Africa,Botswana
2011,BWA,Energy & Minerals,31.984271,Africa,Botswana
2011,BWA,Industrial Equipment & Technology,2861.957024,Africa,Botswana
2011,BWA,Textile & Apparel Manufacturing,29003.441019,Africa,Botswana
2011,CAF,Agricultural & Foods,657.397207,Africa,Central African Republic
2011,CAF,Art & Collectibles,66.494543,Africa,Central African Republic
2011,CAF,Base Metals,366.355718,Africa,Central African Republic
2011,CAF,Chemical & Pharmaceutical,7.206796,Africa,Central African Republic
2011,CAF,Consumer Goods & Crafts,7339.389274,Africa,Central African Republic
2011,CAF,Industrial Equipment & Technology,352.784762,Africa,Central African Republic
2011,CAF,Textile & Apparel Manufacturing,7.720299,Africa,Central African Republic
2011,CIV,Agricultural & Foods,969628.357983,Africa,Côte d'Ivoire
2011,CIV,Art & Collectibles,930.905762,Africa,Côte d'Ivoire
2011,CIV,Base Metals,5473.266078,Africa,Côte d'Ivoire
2011,CIV,Chemical & Pharmaceutical,139267.588606,Africa,Côte d'Ivoire
2011,CIV,Consumer Goods & Crafts,17349.699658,Africa,Côte d'Ivoire
2011,CIV,Energy & Minerals,258647.850892,Africa,Côte d'Ivoire
2011,CIV,Industrial Equipment & Technology,7009.060844,Africa,Côte d'Ivoire
2011,CIV,Textile & Apparel Manufacturing,674.72992,Africa,Côte d'Ivoire
2011,CMR,Agricultural & Foods,51672.588614,Africa,Cameroon
2011,CMR,Art & Collectibles,729.758927,Africa,Cameroon
2011,CMR,Base Metals,1312.582062,Africa,Cameroon
2011,CMR,Chemical & Pharmaceutical,39316.981624,Africa,Cameroon
2011,CMR,Consumer Goods & Crafts,41105.346343,Africa,Cameroon
2011,CMR,Energy & Minerals,204377.538544,Africa,Cameroon
2011,CMR,Industrial Equipment & Technology,17638.226955,Africa,Cameroon
2011,CMR,Textile & Apparel Manufacturing,689.401696,Africa,Cameroon
2011,COD,Agricultural & Foods,4957.636017,Africa,DR Congo
2011,COD,Art & Collectibles,3830.391873,Africa,DR Congo
2011,COD,Base Metals,4151.077335,Africa,DR Congo
2011,COD,Chemical & Pharmaceutical,763.027213,Africa,DR Congo
2011,COD,Consumer Goods & Crafts,20735.670323,Africa,DR Congo
2011,COD,Energy & Minerals,846532.117913,Africa,DR Congo
2011,COD,Industrial Equipment & Technology,934.69156,Africa,DR Congo
2011,COD,Textile & Apparel Manufacturing,7.537812,Africa,DR Congo
2011,COG,Agricultural & Foods,7321.033705,Africa,Congo Republic
2011,COG,Art & Collectibles,773.376484,Africa,Congo Republic
2011,COG,Base Metals,11993.316425,Africa,Congo Republic
2011,COG,Chemical & Pharmaceutical,19.723014,Africa,Congo Republic
2011,COG,Consumer Goods & Crafts,9943.919775,Africa,Congo Republic
2011,COG,Energy & Minerals,2311555.593488,Africa,Congo Republic
2011,COG,Industrial Equipment & Technology,21128.201745,Africa,Congo Republic
2011,COG,Textile & Apparel Manufacturing,6.263702,Africa,Congo Republic
2011,COM,Industrial Equipment & Technology,1836.145824,Africa,Comoros
2011,CPV,Agricultural & Foods,470.506418,Africa,Cabo Verde
2011,CPV,Base Metals,0.132239,Africa,Cabo Verde
2011,CPV,Chemical & Pharmaceutical,91.230629,Africa,Cabo Verde
2011,CPV,Consumer Goods & Crafts,189.322258,Africa,Cabo Verde
2011,CPV,Industrial Equipment & Technology,777.655811,Africa,Cabo Verde
2011,CPV,Textile & Apparel Manufacturing,66.198794,Africa,Cabo Verde
2011,DJI,Agricultural & Foods,6.534453,Africa,Djibouti
2011,DJI,Chemical & Pharmaceutical,32.247007,Africa,Djibouti
2011,DJI,Consumer Goods & Crafts,81.23699,Africa,Djibouti
2011,DJI,Industrial Equipment & Technology,991.963409,Africa,Djibouti
2011,DJI,Textile & Apparel Manufacturing,2.570543,Africa,Djibouti
2011,DZA,Agricultural & Foods,21.627745,Africa,Algeria
2011,DZA,Art & Collectibles,97.407456,Africa,Algeria
2011,DZA,Base Metals,2201.48579,Africa,Algeria
2011,DZA,Chemical & Pharmaceutical,2976.503229,Africa,Algeria
2011,DZA,Consumer Goods & Crafts,367.326557,Africa,Algeria
2011,DZA,Energy & Minerals,13756921.140117,Africa,Algeria
2011,DZA,Industrial Equipment & Technology,2540.109051,Africa,Algeria
2011,DZA,Textile & Apparel Manufacturing,8.854305,Africa,Algeria
2011,EGY,Agricultural & Foods,69420.864725,Africa,Egypt
2011,EGY,Art & Collectibles,18236.04431,Africa,Egypt
2011,EGY,Base Metals,40199.279691,Africa,Egypt
2011,EGY,Chemical & Pharmaceutical,304797.996035,Africa,Egypt
2011,EGY,Consumer Goods & Crafts,74709.313917,Africa,Egypt
2011,EGY,Energy & Minerals,455402.017381,Africa,Egypt
2011,EGY,Industrial Equipment & Technology,31501.132809,Africa,Egypt
2011,EGY,Textile & Apparel Manufacturing,1211189.988702,Africa,Egypt
2011,ERI,Agricultural & Foods,,Africa,Eritrea
2011,ERI,Chemical & Pharmaceutical,,Africa,Eritrea
2011,ERI,Consumer Goods & Crafts,,Africa,Eritrea
2011,ERI,Industrial Equipment & Technology,,Africa,Eritrea
2011,ERI,Textile & Apparel Manufacturing,,Africa,Eritrea
2011,ETH,Agricultural & Foods,27530.758745,Africa,Ethiopia
2011,ETH,Art & Collectibles,580.755743,Africa,Ethiopia
2011,ETH,Base Metals,435.388454,Africa,Ethiopia
2011,ETH,Chemical & Pharmaceutical,225.652387,Africa,Ethiopia
2011,ETH,Consumer Goods & Crafts,8029.006933,Africa,Ethiopia
2011,ETH,Energy & Minerals,12.256788,Africa,Ethiopia
2011,ETH,Industrial Equipment & Technology,169458.432654,Africa,Ethiopia
2011,ETH,Textile & Apparel Manufacturing,26360.430365,Africa,Ethiopia
2011,GAB,Agricultural & Foods,305.498579,Africa,Gabon
2011,GAB,Art & Collectibles,1141.462142,Africa,Gabon
2011,GAB,Base Metals,310.067497,Africa,Gabon
2011,GAB,Chemical & Pharmaceutical,9050.963553,Africa,Gabon
2011,GAB,Consumer Goods & Crafts,3040.107244,Africa,Gabon
2011,GAB,Energy & Minerals,3706543.266416,Africa,Gabon
2011,GAB,Industrial Equipment & Technology,6152.782245,Africa,Gabon
2011,GAB,Textile & Apparel Manufacturing,0.329438,Africa,Gabon
2011,GHA,Agricultural & Foods,332978.201737,Africa,Ghana
2011,GHA,Art & Collectibles,789.680655,Africa,Ghana
2011,GHA,Base Metals,4089.461408,Africa,Ghana
2011,GHA,Chemical & Pharmaceutical,19660.489583,Africa,Ghana
2011,GHA,Consumer Goods & Crafts,46397.664561,Africa,Ghana
2011,GHA,Energy & Minerals,377599.084614,Africa,Ghana
2011,GHA,Industrial Equipment & Technology,4765.251964,Africa,Ghana
2011,GHA,Textile & Apparel Manufacturing,11094.797938,Africa,Ghana
2011,GIN,Agricultural & Foods,418.661451,Africa,Guinea
2011,GIN,Art & Collectibles,81.78401,Africa,Guinea
2011,GIN,Base Metals,101.894526,Africa,Guinea
2011,GIN,Chemical & Pharmaceutical,478.42806,Africa,Guinea
2011,GIN,Consumer Goods & Crafts,8035.006248,Africa,Guinea
2011,GIN,Energy & Minerals,186461.908228,Africa,Guinea
2011,GIN,Industrial Equipment & Technology,5197.53864,Africa,Guinea
2011,GIN,Textile & Apparel Manufacturing,65.755314,Africa,Guinea
2011,GMB,Agricultural & Foods,24.122077,Africa,Gambia
2011,GMB,Chemical & Pharmaceutical,20.616073,Africa,Gambia
2011,GMB,Consumer Goods & Crafts,22.753191,Africa,Gambia
2011,GMB,Industrial Equipment & Technology,4.085459,Africa,Gambia
2011,GMB,Textile & Apparel Manufacturing,10.388797,Africa,Gambia
2011,GNB,Chemical & Pharmaceutical,9.202047,Africa,Guinea-Bissau
2011,GNB,Consumer Goods & Crafts,72.187467,Africa,Guinea-Bissau
2011,GNB,Industrial Equipment & Technology,233.479166,Africa,Guinea-Bissau
2011,GNQ,Agricultural & Foods,115.659558,Africa,Equatorial Guinea
2011,GNQ,Base Metals,174.399393,Africa,Equatorial Guinea
2011,GNQ,Chemical & Pharmaceutical,111560.08131,Africa,Equatorial Guinea
2011,GNQ,Consumer Goods & Crafts,1095.198399,Africa,Equatorial Guinea
2011,GNQ,Energy & Minerals,946954.853747,Africa,Equatorial Guinea
2011,GNQ,Industrial Equipment & Technology,268.519355,Africa,Equatorial Guinea
2011,KEN,Agricultural & Foods,25481.081397,Africa,Kenya
2011,KEN,Art & Collectibles,1544.839915,Africa,Kenya
2011,KEN,Base Metals,42549.887785,Africa,Kenya
2011,KEN,Chemical & Pharmaceutical,4096.322723,Africa,Kenya
2011,KEN,Consumer Goods & Crafts,8815.55685,Africa,Kenya
2011,KEN,Energy & Minerals,14.451008,Africa,Kenya
2011,KEN,Industrial Equipment & Technology,73853.265901,Africa,Kenya
2011,KEN,Textile & Apparel Manufacturing,396389.144109,Africa,Kenya
2011,LBR,Agricultural & Foods,582.365218,Africa,Liberia
2011,LBR,Art & Collectibles,542.230801,Africa,Liberia
2011,LBR,Base Metals,4.73551,Africa,Liberia
2011,LBR,Chemical & Pharmaceutical,237779.060498,Africa,Liberia
2011,LBR,Consumer Goods & Crafts,820.964488,Africa,Liberia
2011,LBR,Industrial Equipment & Technology,72.145932,Africa,Liberia
2011,LBR,Textile & Apparel Manufacturing,133.420701,Africa,Liberia
2011,LBY,Art & Collectibles,26.839674,Africa,Libya
2011,LBY,Chemical & Pharmaceutical,20222.919747,Africa,Libya
2011,LBY,Consumer Goods & Crafts,10.205749,Africa,Libya
2011,LBY,Energy & Minerals,472982.605609,Africa,Libya
2011,LSO,Agricultural & Foods,33.909562,Africa,Lesotho
2011,LSO,Chemical & Pharmaceutical,237.153409,Africa,Lesotho
2011,LSO,Consumer Goods & Crafts,60098.390821,Africa,Lesotho
2011,LSO,Energy & Minerals,0.272159,Africa,Lesotho
2011,LSO,Industrial Equipment & Technology,8.794836,Africa,Lesotho
2011,LSO,Textile & Apparel Manufacturing,279558.704224,Africa,Lesotho
2011,MAR,Agricultural & Foods,172104.824638,Africa,Morocco
2011,MAR,Art & Collectibles,1694.210975,Africa,Morocco
2011,MAR,Base Metals,45535.087931,Africa,Morocco
2011,MAR,Chemical & Pharmaceutical,138385.882432,Africa,Morocco
2011,MAR,Consumer Goods & Crafts,52485.468501,Africa,Morocco
2011,MAR,Energy & Minerals,468337.781847,Africa,Morocco
2011,MAR,Industrial Equipment & Technology,245828.685985,Africa,Morocco
2011,MAR,Textile & Apparel Manufacturing,99970.159034,Africa,Morocco
2011,MDG,Agricultural & Foods,4182.58606,Africa,Madagascar
2011,MDG,Art & Collectibles,844.83407,Africa,Madagascar
2011,MDG,Base Metals,49.896916,Africa,Madagascar
2011,MDG,Chemical & Pharmaceutical,4857.366834,Africa,Madagascar
2011,MDG,Consumer Goods & Crafts,6781.128078,Africa,Madagascar
2011,MDG,Energy & Minerals,2286.014381,Africa,Madagascar
2011,MDG,Industrial Equipment & Technology,29099.27198,Africa,Madagascar
2011,MDG,Textile & Apparel Manufacturing,42298.361838,Africa,Madagascar
2011,MLI,Agricultural & Foods,489.554361,Africa,Mali
2011,MLI,Art & Collectibles,1745.590339,Africa,Mali
2011,MLI,Base Metals,55.333864,Africa,Mali
2011,MLI,Chemical & Pharmaceutical,306.577046,Africa,Mali
2011,MLI,Consumer Goods & Crafts,629.295692,Africa,Mali
2011,MLI,Energy & Minerals,65.264277,Africa,Mali
2011,MLI,Industrial Equipment & Technology,5260.068171,Africa,Mali
2011,MLI,Textile & Apparel Manufacturing,188.964892,Africa,Mali
2011,MOZ,Agricultural & Foods,912.407363,Africa,Mozambique
2011,MOZ,Art & Collectibles,19.866568,Africa,Mozambique
2011,MOZ,Base Metals,14801.865673,Africa,Mozambique
2011,MOZ,Chemical & Pharmaceutical,2025.110369,Africa,Mozambique
2011,MOZ,Consumer Goods & Crafts,2927.885155,Africa,Mozambique
2011,MOZ,Energy & Minerals,14071.279852,Africa,Mozambique
2011,MOZ,Industrial Equipment & Technology,13080.928718,Africa,Mozambique
2011,MOZ,Textile & Apparel Manufacturing,230.370016,Africa,Mozambique
2011,MRT,Agricultural & Foods,38.453304,Africa,Mauritania
2011,MRT,Art & Collectibles,22.762307,Africa,Mauritania
2011,MRT,Chemical & Pharmaceutical,215.239884,Africa,Mauritania
2011,MRT,Consumer Goods & Crafts,472.851025,Africa,Mauritania
2011,MRT,Energy & Minerals,0.166926,Africa,Mauritania
2011,MRT,Industrial Equipment & Technology,35.177151,Africa,Mauritania
2011,MRT,Textile & Apparel Manufacturing,61.706794,Africa,Mauritania
2011,MUS,Agricultural & Foods,35405.757871,Africa,Mauritius
2011,MUS,Art & Collectibles,9.88855,Africa,Mauritius
2011,MUS,Base Metals,24.66165,Africa,Mauritius
2011,MUS,Chemical & Pharmaceutical,2501.966247,Africa,Mauritius
2011,MUS,Consumer Goods & Crafts,37623.363353,Africa,Mauritius
2011,MUS,Energy & Minerals,26.214458,Africa,Mauritius
2011,MUS,Industrial Equipment & Technology,8187.760051,Africa,Mauritius
2011,MUS,Textile & Apparel Manufacturing,150326.737662,Africa,Mauritius
2011,MWI,Agricultural & Foods,29775.942475,Africa,Malawi
2011,MWI,Art & Collectibles,3.037382,Africa,Malawi
2011,MWI,Base Metals,3127.34488,Africa,Malawi
2011,MWI,Chemical & Pharmaceutical,240.865964,Africa,Malawi
2011,MWI,Consumer Goods & Crafts,142.801431,Africa,Malawi
2011,MWI,Energy & Minerals,2.613302,Africa,Malawi
2011,MWI,Industrial Equipment & Technology,5812.110786,Africa,Malawi
2011,MWI,Textile & Apparel Manufacturing,19681.025532,Africa,Malawi
2011,NAM,Agricultural & Foods,64.45982,Africa,Namibia
2011,NAM,Art & Collectibles,196.987617,Africa,Namibia
2011,NAM,Base Metals,219294.357945,Africa,Namibia
2011,NAM,Chemical & Pharmaceutical,3744.924089,Africa,Namibia
2011,NAM,Consumer Goods & Crafts,82549.520568,Africa,Namibia
2011,NAM,Energy & Minerals,156686.860207,Africa,Namibia
2011,NAM,Industrial Equipment & Technology,781.308143,Africa,Namibia
2011,NAM,Textile & Apparel Manufacturing,286.422416,Africa,Namibia
2011,NER,Agricultural & Foods,165.670571,Africa,Niger
2011,NER,Art & Collectibles,242.733129,Africa,Niger
2011,NER,Base Metals,67.659883,Africa,Niger
2011,NER,Chemical & Pharmaceutical,80.736493,Africa,Niger
2011,NER,Consumer Goods & Crafts,551.901845,Africa,Niger
2011,NER,Energy & Minerals,415256.375098,Africa,Niger
2011,NER,Industrial Equipment & Technology,4999.518024,Africa,Niger
2011,NER,Textile & Apparel Manufacturing,8385.662452,Africa,Niger
2011,NGA,Agricultural & Foods,25020.497812,Africa,Nigeria
2011,NGA,Art & Collectibles,1163.828767,Africa,Nigeria
2011,NGA,Base Metals,6432.667629,Africa,Nigeria
2011,NGA,Chemical & Pharmaceutical,28733.567969,Africa,Nigeria
2011,NGA,Consumer Goods & Crafts,3631.757534,Africa,Nigeria
2011,NGA,Energy & Minerals,11096722.030933,Africa,Nigeria
2011,NGA,Industrial Equipment & Technology,69030.234489,Africa,Nigeria
2011,NGA,Textile & Apparel Manufacturing,450.995421,Africa,Nigeria
2011,RWA,Agricultural & Foods,1647.509044,Africa,Rwanda
2011,RWA,Art & Collectibles,166.335581,Africa,Rwanda
2011,RWA,Base Metals,84.492613,Africa,Rwanda
2011,RWA,Consumer Goods & Crafts,1165.205283,Africa,Rwanda
2011,RWA,Energy & Minerals,190.874683,Africa,Rwanda
2011,RWA,Industrial Equipment & Technology,27763.426524,Africa,Rwanda
2011,RWA,Textile & Apparel Manufacturing,448.172714,Africa,Rwanda
2011,SDN,Agricultural & Foods,8836.14491,Africa,Sudan
2011,SDN,Art & Collectibles,12.294012,Africa,Sudan
2011,SDN,Textile & Apparel Manufacturing,0.42687,Africa,Sudan
2011,SEN,Agricultural & Foods,655.761111,Africa,Senegal
2011,SEN,Art & Collectibles,240.329143,Africa,Senegal
2011,SEN,Base Metals,46.018426,Africa,Senegal
2011,SEN,Chemical & Pharmaceutical,1404.387603,Africa,Senegal
2011,SEN,Consumer Goods & Crafts,498.3793,Africa,Senegal
2011,SEN,Energy & Minerals,10.741717,Africa,Senegal
2011,SEN,Industrial Equipment & Technology,2324.767791,Africa,Senegal
2011,SEN,Textile & Apparel Manufacturing,2384.447238,Africa,Senegal
2011,SLE,Agricultural & Foods,186.228112,Africa,Sierra Leone
2011,SLE,Art & Collectibles,85.316702,Africa,Sierra Leone
2011,SLE,Base Metals,152.494524,Africa,Sierra Leone
2011,SLE,Chemical & Pharmaceutical,470.819876,Africa,Sierra Leone
2011,SLE,Consumer Goods & Crafts,10215.050258,Africa,Sierra Leone
2011,SLE,Energy & Minerals,9502.409396,Africa,Sierra Leone
2011,SLE,Industrial Equipment & Technology,2448.067169,Africa,Sierra Leone
2011,SLE,Textile & Apparel Manufacturing,865.020719,Africa,Sierra Leone
2011,SOM,Agricultural & Foods,101.976378,Africa,Somalia
2011,SOM,Art & Collectibles,22.79778,Africa,Somalia
2011,SOM,Consumer Goods & Crafts,25.05388,Africa,Somalia
2011,SOM,Textile & Apparel Manufacturing,2.993126,Africa,Somalia
2011,STP,Agricultural & Foods,94.814982,Africa,Sao Tome and Principe
2011,STP,Base Metals,55.762158,Africa,Sao Tome and Principe
2011,STP,Chemical & Pharmaceutical,0.919966,Africa,Sao Tome and Principe
2011,STP,Consumer Goods & Crafts,1300.346981,Africa,Sao Tome and Principe
2011,STP,Industrial Equipment & Technology,526.899274,Africa,Sao Tome and Principe
2011,SWZ,Agricultural & Foods,2510.039878,Africa,Eswatini
2011,SWZ,Base Metals,287.29162,Africa,Eswatini
2011,SWZ,Chemical & Pharmaceutical,4988.929227,Africa,Eswatini
2011,SWZ,Consumer Goods & Crafts,176.397694,Africa,Eswatini
2011,SWZ,Industrial Equipment & Technology,1836.640233,Africa,Eswatini
2011,SWZ,Textile & Apparel Manufacturing,83872.227899,Africa,Eswatini
2011,SYC,Agricultural & Foods,396.81425,Africa,Seychelles
2011,SYC,Base Metals,79.166873,Africa,Seychelles
2011,SYC,Chemical & Pharmaceutical,2037.911735,Africa,Seychelles
2011,SYC,Consumer Goods & Crafts,71.350026,Africa,Seychelles
2011,SYC,Energy & Minerals,383.297052,Africa,Seychelles
2011,SYC,Industrial Equipment & Technology,22211.093272,Africa,Seychelles
2011,SYC,Textile & Apparel Manufacturing,31.427826,Africa,Seychelles
2011,TCD,Agricultural & Foods,6359.206355,Africa,Chad
2011,TCD,Art & Collectibles,741.329421,Africa,Chad
2011,TCD,Consumer Goods & Crafts,13.022789,Africa,Chad
2011,TCD,Energy & Minerals,2740381.497614,Africa,Chad
2011,TCD,Industrial Equipment & Technology,31.318821,Africa,Chad
2011,TGO,Agricultural & Foods,27953.632917,Africa,Togo
2011,TGO,Art & Collectibles,7.444196,Africa,Togo
2011,TGO,Base Metals,142.764335,Africa,Togo
2011,TGO,Chemical & Pharmaceutical,180.340086,Africa,Togo
2011,TGO,Consumer Goods & Crafts,977.713235,Africa,Togo
2011,TGO,Energy & Minerals,1612.617593,Africa,Togo
2011,TGO,Industrial Equipment & Technology,2686.61693,Africa,Togo
2011,TGO,Textile & Apparel Manufacturing,408.551365,Africa,Togo
2011,TUN,Agricultural & Foods,73099.275684,Africa,Tunisia
2011,TUN,Art & Collectibles,1543.707034,Africa,Tunisia
2011,TUN,Base Metals,11609.877818,Africa,Tunisia
2011,TUN,Chemical & Pharmaceutical,24743.384762,Africa,Tunisia
2011,TUN,Consumer Goods & Crafts,14834.189806,Africa,Tunisia
2011,TUN,Energy & Minerals,82045.63082,Africa,Tunisia
2011,TUN,Industrial Equipment & Technology,88950.831085,Africa,Tunisia
2011,TUN,Textile & Apparel Manufacturing,83823.932178,Africa,Tunisia
2011,TZA,Agricultural & Foods,14884.503437,Africa,Tanzania
2011,TZA,Art & Collectibles,239.378344,Africa,Tanzania
2011,TZA,Base Metals,3375.354077,Africa,Tanzania
2011,TZA,Chemical & Pharmaceutical,1500.554841,Africa,Tanzania
2011,TZA,Consumer Goods & Crafts,13508.077412,Africa,Tanzania
2011,TZA,Energy & Minerals,104.599623,Africa,Tanzania
2011,TZA,Industrial Equipment & Technology,39313.972459,Africa,Tanzania
2011,TZA,Textile & Apparel Manufacturing,7791.69382,Africa,Tanzania
2011,UGA,Agricultural & Foods,6250.017573,Africa,Uganda
2011,UGA,Art & Collectibles,34.267445,Africa,Uganda
2011,UGA,Base Metals,3198.673704,Africa,Uganda
2011,UGA,Chemical & Pharmaceutical,2451.751937,Africa,Uganda
2011,UGA,Consumer Goods & Crafts,1759.344124,Africa,Uganda
2011,UGA,Energy & Minerals,957.371461,Africa,Uganda
2011,UGA,Industrial Equipment & Technology,44892.009029,Africa,Uganda
2011,UGA,Textile & Apparel Manufacturing,3139.362604,Africa,Uganda
2011,ZAF,Agricultural & Foods,104760.931816,Africa,South Africa
2011,ZAF,Art & Collectibles,14550.808044,Africa,South Africa
2011,ZAF,Base Metals,1054209.016635,Africa,South Africa
2011,ZAF,Chemical & Pharmaceutical,493049.414722,Africa,South Africa
2011,ZAF,Consumer Goods & Crafts,2518514.69911,Africa,South Africa
2011,ZAF,Energy & Minerals,821752.998052,Africa,South Africa
2011,ZAF,Industrial Equipment & Technology,2282810.670908,Africa,South Africa
2011,ZAF,Textile & Apparel Manufacturing,33468.462457,Africa,South Africa
2011,ZMB,Agricultural & Foods,194.299458,Africa,Zambia
2011,ZMB,Art & Collectibles,881.968774,Africa,Zambia
2011,ZMB,Base Metals,24310.102021,Africa,Zambia
2011,ZMB,Chemical & Pharmaceutical,27.921213,Africa,Zambia
2011,ZMB,Consumer Goods & Crafts,5092.518049,Africa,Zambia
2011,ZMB,Energy & Minerals,243.344979,Africa,Zambia
2011,ZMB,Industrial Equipment & Technology,2669.351699,Africa,Zambia
2011,ZMB,Textile & Apparel Manufacturing,25.147892,Africa,Zambia
2011,ZWE,Agricultural & Foods,2991.237171,Africa,Zimbabwe
2011,ZWE,Art & Collectibles,5570.371729,Africa,Zimbabwe
2011,ZWE,Base Metals,75212.013963,Africa,Zimbabwe
2011,ZWE,Chemical & Pharmaceutical,85.775881,Africa,Zimbabwe
2011,ZWE,Consumer Goods & Crafts,4064.885709,Africa,Zimbabwe
2011,ZWE,Energy & Minerals,1077.793822,Africa,Zimbabwe
2011,ZWE,Industrial Equipment & Technology,3069.758804,Africa,Zimbabwe
2011,ZWE,Textile & Apparel Manufacturing,355.390148,Africa,Zimbabwe
2012,AGO,Art & Collectibles,191.333382,Africa,Angola
2012,AGO,Base Metals,15.822857,Africa,Angola
2012,AGO,Chemical & Pharmaceutical,6164.155153,Africa,Angola
2012,AGO,Consumer Goods & Crafts,61312.12562,Africa,Angola
2012,AGO,Energy & Minerals,7043268.691348,Africa,Angola
2012,AGO,Industrial Equipment & Technology,28.563035,Africa,Angola
2012,AGO,Textile & Apparel Manufacturing,0.89867,Africa,Angola
2012,BDI,Art & Collectibles,25.406046,Africa,Burundi
2012,BDI,Base Metals,138.737071,Africa,Burundi
2012,BDI,Chemical & Pharmaceutical,71.355818,Africa,Burundi
2012,BDI,Consumer Goods & Crafts,25.506003,Africa,Burundi
2012,BDI,Industrial Equipment & Technology,8402.45512,Africa,Burundi
2012,BDI,Textile & Apparel Manufacturing,2.143148,Africa,Burundi
2012,BEN,Agricultural & Foods,344.435511,Africa,Benin
2012,BEN,Art & Collectibles,1273.965135,Africa,Benin
2012,BEN,Base Metals,2157.02208,Africa,Benin
2012,BEN,Chemical & Pharmaceutical,32.964592,Africa,Benin
2012,BEN,Consumer Goods & Crafts,425.208585,Africa,Benin
2012,BEN,Industrial Equipment & Technology,157.082615,Africa,Benin
2012,BEN,Textile & Apparel Manufacturing,21.010497,Africa,Benin
2012,BFA,Agricultural & Foods,94.727368,Africa,Burkina Faso
2012,BFA,Art & Collectibles,261.266475,Africa,Burkina Faso
2012,BFA,Base Metals,1654.297884,Africa,Burkina Faso
2012,BFA,Chemical & Pharmaceutical,116.656212,Africa,Burkina Faso
2012,BFA,Consumer Goods & Crafts,259.859643,Africa,Burkina Faso
2012,BFA,Energy & Minerals,79.34615,Africa,Burkina Faso
2012,BFA,Industrial Equipment & Technology,30974.989357,Africa,Burkina Faso
2012,BFA,Textile & Apparel Manufacturing,94.163792,Africa,Burkina Faso
2012,BWA,Agricultural & Foods,1.853128,Africa,Botswana
2012,BWA,Art & Collectibles,297.032405,Africa,Botswana
2012,BWA,Base Metals,114.164435,Africa,Botswana
2012,BWA,Chemical & Pharmaceutical,103.539064,Africa,Botswana
2012,BWA,Consumer Goods & Crafts,172524.200853,Africa,Botswana
2012,BWA,Energy & Minerals,0.151295,Africa,Botswana
2012,BWA,Industrial Equipment & Technology,8631.053471,Africa,Botswana
2012,BWA,Textile & Apparel Manufacturing,20970.508798,Africa,Botswana
2012,CAF,Agricultural & Foods,1011.532037,Africa,Central African Republic
2012,CAF,Base Metals,48.104475,Africa,Central African Republic
2012,CAF,Consumer Goods & Crafts,3815.405164,Africa,Central African Republic
2012,CAF,Industrial Equipment & Technology,1007.505346,Africa,Central African Republic
2012,CAF,Textile & Apparel Manufacturing,2.222199,Africa,Central African Republic
2012,CIV,Agricultural & Foods,878458.168381,Africa,Côte d'Ivoire
2012,CIV,Art & Collectibles,2871.956292,Africa,Côte d'Ivoire
2012,CIV,Base Metals,15791.964383,Africa,Côte d'Ivoire
2012,CIV,Chemical & Pharmaceutical,113926.933053,Africa,Côte d'Ivoire
2012,CIV,Consumer Goods & Crafts,17577.431034,Africa,Côte d'Ivoire
2012,CIV,Energy & Minerals,226533.666829,Africa,Côte d'Ivoire
2012,CIV,Industrial Equipment & Technology,4058.919754,Africa,Côte d'Ivoire
2012,CIV,Textile & Apparel Manufacturing,825.770199,Africa,Côte d'Ivoire
2012,CMR,Agricultural & Foods,59561.214115,Africa,Cameroon
2012,CMR,Art & Collectibles,233.198432,Africa,Cameroon
2012,CMR,Base Metals,553.536048,Africa,Cameroon
2012,CMR,Chemical & Pharmaceutical,34813.111835,Africa,Cameroon
2012,CMR,Consumer Goods & Crafts,36062.502455,Africa,Cameroon
2012,CMR,Energy & Minerals,204088.119648,Africa,Cameroon
2012,CMR,Industrial Equipment & Technology,26695.07214,Africa,Cameroon
2012,CMR,Textile & Apparel Manufacturing,1491.429535,Africa,Cameroon
2012,COD,Agricultural & Foods,4528.895995,Africa,DR Congo
2012,COD,Art & Collectibles,2941.92316,Africa,DR Congo
2012,COD,Base Metals,767.196246,Africa,DR Congo
2012,COD,Chemical & Pharmaceutical,1771.948919,Africa,DR Congo
2012,COD,Consumer Goods & Crafts,34765.666519,Africa,DR Congo
2012,COD,Energy & Minerals,8741.519367,Africa,DR Congo
2012,COD,Industrial Equipment & Technology,2738.333726,Africa,DR Congo
2012,COD,Textile & Apparel Manufacturing,30.471745,Africa,DR Congo
2012,COG,Agricultural & Foods,5597.06434,Africa,Congo Republic
2012,COG,Art & Collectibles,10324.145104,Africa,Congo Republic
2012,COG,Base Metals,2073.079763,Africa,Congo Republic
2012,COG,Chemical & Pharmaceutical,107.871094,Africa,Congo Republic
2012,COG,Consumer Goods & Crafts,13429.731434,Africa,Congo Republic
2012,COG,Energy & Minerals,1346605.052325,Africa,Congo Republic
2012,COG,Industrial Equipment & Technology,10701.997271,Africa,Congo Republic
2012,COG,Textile & Apparel Manufacturing,1.190399,Africa,Congo Republic
2012,COM,Art & Collectibles,10.925512,Africa,Comoros
2012,COM,Chemical & Pharmaceutical,11.8351,Africa,Comoros
2012,COM,Consumer Goods & Crafts,1.325699,Africa,Comoros
2012,COM,Industrial Equipment & Technology,2035.0246,Africa,Comoros
2012,COM,Textile & Apparel Manufacturing,21.222677,Africa,Comoros
2012,CPV,Agricultural & Foods,815.91439,Africa,Cabo Verde
2012,CPV,Base Metals,72.250663,Africa,Cabo Verde
2012,CPV,Chemical & Pharmaceutical,7.711428,Africa,Cabo Verde
2012,CPV,Consumer Goods & Crafts,125.435193,Africa,Cabo Verde
2012,CPV,Industrial Equipment & Technology,3302.994508,Africa,Cabo Verde
2012,CPV,Textile & Apparel Manufacturing,41.472805,Africa,Cabo Verde
2012,DJI,Agricultural & Foods,217.394572,Africa,Djibouti
2012,DJI,Art & Collectibles,16.455332,Africa,Djibouti
2012,DJI,Base Metals,97.252527,Africa,Djibouti
2012,DJI,Chemical & Pharmaceutical,13.237669,Africa,Djibouti
2012,DJI,Consumer Goods & Crafts,1.916008,Africa,Djibouti
2012,DJI,Industrial Equipment & Technology,1592.935848,Africa,Djibouti
2012,DJI,Textile & Apparel Manufacturing,1.79177,Africa,Djibouti
2012,DZA,Agricultural & Foods,135.440903,Africa,Algeria
2012,DZA,Art & Collectibles,89.720881,Africa,Algeria
2012,DZA,Base Metals,3999.917033,Africa,Algeria
2012,DZA,Chemical & Pharmaceutical,166.347021,Africa,Algeria
2012,DZA,Consumer Goods & Crafts,523.643275,Africa,Algeria
2012,DZA,Energy & Minerals,9437291.658815,Africa,Algeria
2012,DZA,Industrial Equipment & Technology,3722.061904,Africa,Algeria
2012,DZA,Textile & Apparel Manufacturing,7.651773,Africa,Algeria
2012,EGY,Agricultural & Foods,47777.75207,Africa,Egypt
2012,EGY,Art & Collectibles,16218.24616,Africa,Egypt
2012,EGY,Base Metals,34277.526195,Africa,Egypt
2012,EGY,Chemical & Pharmaceutical,272780.502181,Africa,Egypt
2012,EGY,Consumer Goods & Crafts,62145.320966,Africa,Egypt
2012,EGY,Energy & Minerals,571335.422589,Africa,Egypt
2012,EGY,Industrial Equipment & Technology,24036.615916,Africa,Egypt
2012,EGY,Textile & Apparel Manufacturing,973708.954245,Africa,Egypt
2012,ERI,Agricultural & Foods,,Africa,Eritrea
2012,ERI,Chemical & Pharmaceutical,,Africa,Eritrea
2012,ERI,Consumer Goods & Crafts,,Africa,Eritrea
2012,ERI,Industrial Equipment & Technology,,Africa,Eritrea
2012,ETH,Agricultural & Foods,32374.079654,Africa,Ethiopia
2012,ETH,Art & Collectibles,213.726096,Africa,Ethiopia
2012,ETH,Base Metals,271.071511,Africa,Ethiopia
2012,ETH,Chemical & Pharmaceutical,275.388097,Africa,Ethiopia
2012,ETH,Consumer Goods & Crafts,5812.233543,Africa,Ethiopia
2012,ETH,Energy & Minerals,6012.336021,Africa,Ethiopia
2012,ETH,Industrial Equipment & Technology,106135.180414,Africa,Ethiopia
2012,ETH,Textile & Apparel Manufacturing,32498.186369,Africa,Ethiopia
2012,GAB,Agricultural & Foods,31.555137,Africa,Gabon
2012,GAB,Art & Collectibles,4310.314348,Africa,Gabon
2012,GAB,Base Metals,3420.575909,Africa,Gabon
2012,GAB,Chemical & Pharmaceutical,632.597954,Africa,Gabon
2012,GAB,Consumer Goods & Crafts,8207.376005,Africa,Gabon
2012,GAB,Energy & Minerals,1730492.842759,Africa,Gabon
2012,GAB,Industrial Equipment & Technology,97273.170445,Africa,Gabon
2012,GAB,Textile & Apparel Manufacturing,39.194945,Africa,Gabon
2012,GHA,Agricultural & Foods,162972.358578,Africa,Ghana
2012,GHA,Art & Collectibles,427.967289,Africa,Ghana
2012,GHA,Base Metals,7270.95355,Africa,Ghana
2012,GHA,Chemical & Pharmaceutical,23910.318844,Africa,Ghana
2012,GHA,Consumer Goods & Crafts,33439.578105,Africa,Ghana
2012,GHA,Energy & Minerals,126274.109465,Africa,Ghana
2012,GHA,Industrial Equipment & Technology,7540.631112,Africa,Ghana
2012,GHA,Textile & Apparel Manufacturing,3321.005463,Africa,Ghana
2012,GIN,Agricultural & Foods,997.942825,Africa,Guinea
2012,GIN,Art & Collectibles,42.966131,Africa,Guinea
2012,GIN,Base Metals,63.944072,Africa,Guinea
2012,GIN,Chemical & Pharmaceutical,160.959424,Africa,Guinea
2012,GIN,Consumer Goods & Crafts,6536.66295,Africa,Guinea
2012,GIN,Energy & Minerals,221934.896986,Africa,Guinea
2012,GIN,Industrial Equipment & Technology,1868.098037,Africa,Guinea
2012,GIN,Textile & Apparel Manufacturing,70.68292,Africa,Guinea
2012,GMB,Agricultural & Foods,61.566716,Africa,Gambia
2012,GMB,Art & Collectibles,13.508733,Africa,Gambia
2012,GMB,Base Metals,49.882715,Africa,Gambia
2012,GMB,Chemical & Pharmaceutical,16.938044,Africa,Gambia
2012,GMB,Consumer Goods & Crafts,13.934222,Africa,Gambia
2012,GMB,Energy & Minerals,0.331288,Africa,Gambia
2012,GMB,Industrial Equipment & Technology,225.947138,Africa,Gambia
2012,GMB,Textile & Apparel Manufacturing,43.365965,Africa,Gambia
2012,GNB,Art & Collectibles,12.786809,Africa,Guinea-Bissau
2012,GNB,Industrial Equipment & Technology,73.022838,Africa,Guinea-Bissau
2012,GNQ,Agricultural & Foods,19.158454,Africa,Equatorial Guinea
2012,GNQ,Base Metals,383.064631,Africa,Equatorial Guinea
2012,GNQ,Chemical & Pharmaceutical,100034.151294,Africa,Equatorial Guinea
2012,GNQ,Consumer Goods & Crafts,170.176015,Africa,Equatorial Guinea
2012,GNQ,Energy & Minerals,1464278.147206,Africa,Equatorial Guinea
2012,GNQ,Industrial Equipment & Technology,504.355885,Africa,Equatorial Guinea
2012,GNQ,Textile & Apparel Manufacturing,4.727036,Africa,Equatorial Guinea
2012,KEN,Agricultural & Foods,18696.127309,Africa,Kenya
2012,KEN,Art & Collectibles,802.981497,Africa,Kenya
2012,KEN,Base Metals,41910.34588,Africa,Kenya
2012,KEN,Chemical & Pharmaceutical,4583.529738,Africa,Kenya
2012,KEN,Consumer Goods & Crafts,8967.937283,Africa,Kenya
2012,KEN,Energy & Minerals,80.368782,Africa,Kenya
2012,KEN,Industrial Equipment & Technology,75011.905287,Africa,Kenya
2012,KEN,Textile & Apparel Manufacturing,332144.844294,Africa,Kenya
2012,LBR,Agricultural & Foods,669.124158,Africa,Liberia
2012,LBR,Art & Collectibles,61.327756,Africa,Liberia
2012,LBR,Chemical & Pharmaceutical,204317.221036,Africa,Liberia
2012,LBR,Consumer Goods & Crafts,629.541943,Africa,Liberia
2012,LBR,Energy & Minerals,27.773826,Africa,Liberia
2012,LBR,Industrial Equipment & Technology,190.326011,Africa,Liberia
2012,LBR,Textile & Apparel Manufacturing,142.071526,Africa,Liberia
2012,LBY,Art & Collectibles,18.545212,Africa,Libya
2012,LBY,Energy & Minerals,1840563.116307,Africa,Libya
2012,LBY,Textile & Apparel Manufacturing,4.432076,Africa,Libya
2012,LSO,Agricultural & Foods,10.144764,Africa,Lesotho
2012,LSO,Chemical & Pharmaceutical,78.951522,Africa,Lesotho
2012,LSO,Consumer Goods & Crafts,8972.072782,Africa,Lesotho
2012,LSO,Industrial Equipment & Technology,144.447441,Africa,Lesotho
2012,LSO,Textile & Apparel Manufacturing,292379.197935,Africa,Lesotho
2012,MAR,Agricultural & Foods,134118.00927,Africa,Morocco
2012,MAR,Art & Collectibles,2318.445267,Africa,Morocco
2012,MAR,Base Metals,36783.797483,Africa,Morocco
2012,MAR,Chemical & Pharmaceutical,219717.399639,Africa,Morocco
2012,MAR,Consumer Goods & Crafts,45591.051569,Africa,Morocco
2012,MAR,Energy & Minerals,372620.103893,Africa,Morocco
2012,MAR,Industrial Equipment & Technology,249580.317035,Africa,Morocco
2012,MAR,Textile & Apparel Manufacturing,132787.821574,Africa,Morocco
2012,MDG,Agricultural & Foods,5209.783389,Africa,Madagascar
2012,MDG,Art & Collectibles,438.20047,Africa,Madagascar
2012,MDG,Base Metals,14354.933636,Africa,Madagascar
2012,MDG,Chemical & Pharmaceutical,3479.909967,Africa,Madagascar
2012,MDG,Consumer Goods & Crafts,8244.064654,Africa,Madagascar
2012,MDG,Energy & Minerals,2059.324395,Africa,Madagascar
2012,MDG,Industrial Equipment & Technology,41594.004357,Africa,Madagascar
2012,MDG,Textile & Apparel Manufacturing,46986.771721,Africa,Madagascar
2012,MLI,Agricultural & Foods,641.770376,Africa,Mali
2012,MLI,Art & Collectibles,1633.274938,Africa,Mali
2012,MLI,Base Metals,116.532986,Africa,Mali
2012,MLI,Chemical & Pharmaceutical,117.945848,Africa,Mali
2012,MLI,Consumer Goods & Crafts,500.902844,Africa,Mali
2012,MLI,Energy & Minerals,26.763241,Africa,Mali
2012,MLI,Industrial Equipment & Technology,8415.526298,Africa,Mali
2012,MLI,Textile & Apparel Manufacturing,114.588948,Africa,Mali
2012,MOZ,Agricultural & Foods,1315.072135,Africa,Mozambique
2012,MOZ,Art & Collectibles,11.554658,Africa,Mozambique
2012,MOZ,Base Metals,12003.345956,Africa,Mozambique
2012,MOZ,Chemical & Pharmaceutical,175.187408,Africa,Mozambique
2012,MOZ,Consumer Goods & Crafts,4992.432347,Africa,Mozambique
2012,MOZ,Energy & Minerals,20911.452373,Africa,Mozambique
2012,MOZ,Industrial Equipment & Technology,3055.280499,Africa,Mozambique
2012,MOZ,Textile & Apparel Manufacturing,748.757208,Africa,Mozambique
2012,MRT,Art & Collectibles,8.079752,Africa,Mauritania
2012,MRT,Chemical & Pharmaceutical,292.149414,Africa,Mauritania
2012,MRT,Consumer Goods & Crafts,305.004806,Africa,Mauritania
2012,MRT,Energy & Minerals,0.156761,Africa,Mauritania
2012,MRT,Industrial Equipment & Technology,98.253582,Africa,Mauritania
2012,MRT,Textile & Apparel Manufacturing,9.837494,Africa,Mauritania
2012,MUS,Agricultural & Foods,48352.50301,Africa,Mauritius
2012,MUS,Art & Collectibles,10.600826,Africa,Mauritius
2012,MUS,Base Metals,80.62403,Africa,Mauritius
2012,MUS,Chemical & Pharmaceutical,2042.573247,Africa,Mauritius
2012,MUS,Consumer Goods & Crafts,31469.045772,Africa,Mauritius
2012,MUS,Energy & Minerals,17.968306,Africa,Mauritius
2012,MUS,Industrial Equipment & Technology,10122.923163,Africa,Mauritius
2012,MUS,Textile & Apparel Manufacturing,156502.490232,Africa,Mauritius
2012,MWI,Agricultural & Foods,46291.825124,Africa,Malawi
2012,MWI,Art & Collectibles,5.595753,Africa,Malawi
2012,MWI,Base Metals,4738.766697,Africa,Malawi
2012,MWI,Chemical & Pharmaceutical,67.960313,Africa,Malawi
2012,MWI,Consumer Goods & Crafts,89.921609,Africa,Malawi
2012,MWI,Energy & Minerals,42.663123,Africa,Malawi
2012,MWI,Industrial Equipment & Technology,6736.358703,Africa,Malawi
2012,MWI,Textile & Apparel Manufacturing,10623.541283,Africa,Malawi
2012,NAM,Agricultural & Foods,53.744433,Africa,Namibia
2012,NAM,Art & Collectibles,1177.768933,Africa,Namibia
2012,NAM,Base Metals,993.984233,Africa,Namibia
2012,NAM,Chemical & Pharmaceutical,5872.898406,Africa,Namibia
2012,NAM,Consumer Goods & Crafts,96767.854026,Africa,Namibia
2012,NAM,Energy & Minerals,83537.194821,Africa,Namibia
2012,NAM,Industrial Equipment & Technology,1624.249483,Africa,Namibia
2012,NAM,Textile & Apparel Manufacturing,368.908853,Africa,Namibia
2012,NER,Agricultural & Foods,146.645121,Africa,Niger
2012,NER,Art & Collectibles,164.620301,Africa,Niger
2012,NER,Base Metals,180.0619,Africa,Niger
2012,NER,Chemical & Pharmaceutical,95.710779,Africa,Niger
2012,NER,Consumer Goods & Crafts,3619.995965,Africa,Niger
2012,NER,Energy & Minerals,82399.152989,Africa,Niger
2012,NER,Industrial Equipment & Technology,4763.734877,Africa,Niger
2012,NER,Textile & Apparel Manufacturing,12494.002148,Africa,Niger
2012,NGA,Agricultural & Foods,49882.074865,Africa,Nigeria
2012,NGA,Art & Collectibles,2259.570801,Africa,Nigeria
2012,NGA,Base Metals,7625.679862,Africa,Nigeria
2012,NGA,Chemical & Pharmaceutical,153753.086736,Africa,Nigeria
2012,NGA,Consumer Goods & Crafts,6894.996129,Africa,Nigeria
2012,NGA,Energy & Minerals,6821671.705128,Africa,Nigeria
2012,NGA,Industrial Equipment & Technology,50367.494132,Africa,Nigeria
2012,NGA,Textile & Apparel Manufacturing,13499.971159,Africa,Nigeria
2012,RWA,Agricultural & Foods,8057.595857,Africa,Rwanda
2012,RWA,Art & Collectibles,148.183197,Africa,Rwanda
2012,RWA,Base Metals,566.46554,Africa,Rwanda
2012,RWA,Consumer Goods & Crafts,2373.170941,Africa,Rwanda
2012,RWA,Energy & Minerals,3743.820956,Africa,Rwanda
2012,RWA,Industrial Equipment & Technology,22143.981369,Africa,Rwanda
2012,RWA,Textile & Apparel Manufacturing,93.641852,Africa,Rwanda
2012,SDN,Agricultural & Foods,6681.228982,Africa,Sudan
2012,SDN,Chemical & Pharmaceutical,5.173185,Africa,Sudan
2012,SDN,Consumer Goods & Crafts,13.671463,Africa,Sudan
2012,SEN,Agricultural & Foods,677.852474,Africa,Senegal
2012,SEN,Art & Collectibles,227.029627,Africa,Senegal
2012,SEN,Base Metals,179.501842,Africa,Senegal
2012,SEN,Chemical & Pharmaceutical,2182.524911,Africa,Senegal
2012,SEN,Consumer Goods & Crafts,1064.184686,Africa,Senegal
2012,SEN,Energy & Minerals,5785.473739,Africa,Senegal
2012,SEN,Industrial Equipment & Technology,3508.16746,Africa,Senegal
2012,SEN,Textile & Apparel Manufacturing,6899.543945,Africa,Senegal
2012,SLE,Agricultural & Foods,229.762993,Africa,Sierra Leone
2012,SLE,Art & Collectibles,1828.423542,Africa,Sierra Leone
2012,SLE,Base Metals,77.436024,Africa,Sierra Leone
2012,SLE,Chemical & Pharmaceutical,564.86284,Africa,Sierra Leone
2012,SLE,Consumer Goods & Crafts,3297.039136,Africa,Sierra Leone
2012,SLE,Energy & Minerals,4826.112117,Africa,Sierra Leone
2012,SLE,Industrial Equipment & Technology,3195.847717,Africa,Sierra Leone
2012,SLE,Textile & Apparel Manufacturing,180.968084,Africa,Sierra Leone
2012,SOM,Agricultural & Foods,258.28724,Africa,Somalia
2012,SOM,Art & Collectibles,92.345889,Africa,Somalia
2012,SOM,Consumer Goods & Crafts,5.948727,Africa,Somalia
2012,SOM,Textile & Apparel Manufacturing,0.799595,Africa,Somalia
2012,SSD,Textile & Apparel Manufacturing,0.190646,Africa,South Sudan
2012,STP,Agricultural & Foods,180.306349,Africa,Sao Tome and Principe
2012,STP,Art & Collectibles,14.534628,Africa,Sao Tome and Principe
2012,STP,Base Metals,99.59371,Africa,Sao Tome and Principe
2012,STP,Consumer Goods & Crafts,678.6003,Africa,Sao Tome and Principe
2012,STP,Industrial Equipment & Technology,587.244946,Africa,Sao Tome and Principe
2012,STP,Textile & Apparel Manufacturing,0.821253,Africa,Sao Tome and Principe
2012,SWZ,Agricultural & Foods,3906.725176,Africa,Eswatini
2012,SWZ,Art & Collectibles,8.210728,Africa,Eswatini
2012,SWZ,Base Metals,256.506454,Africa,Eswatini
2012,SWZ,Chemical & Pharmaceutical,451.744559,Africa,Eswatini
2012,SWZ,Consumer Goods & Crafts,309.33617,Africa,Eswatini
2012,SWZ,Industrial Equipment & Technology,1305.832567,Africa,Eswatini
2012,SWZ,Textile & Apparel Manufacturing,65476.245348,Africa,Eswatini
2012,SYC,Base Metals,113.61111,Africa,Seychelles
2012,SYC,Chemical & Pharmaceutical,2254.681607,Africa,Seychelles
2012,SYC,Consumer Goods & Crafts,105.261969,Africa,Seychelles
2012,SYC,Energy & Minerals,3.242373,Africa,Seychelles
2012,SYC,Industrial Equipment & Technology,25466.031357,Africa,Seychelles
2012,SYC,Textile & Apparel Manufacturing,1.545453,Africa,Seychelles
2012,TCD,Agricultural & Foods,8239.510745,Africa,Chad
2012,TCD,Art & Collectibles,172.077264,Africa,Chad
2012,TCD,Chemical & Pharmaceutical,2.315284,Africa,Chad
2012,TCD,Consumer Goods & Crafts,2.744295,Africa,Chad
2012,TCD,Energy & Minerals,2325215.750878,Africa,Chad
2012,TCD,Industrial Equipment & Technology,3.910104,Africa,Chad
2012,TCD,Textile & Apparel Manufacturing,0.622453,Africa,Chad
2012,TGO,Agricultural & Foods,1332.851712,Africa,Togo
2012,TGO,Art & Collectibles,89.814264,Africa,Togo
2012,TGO,Base Metals,1758.421861,Africa,Togo
2012,TGO,Chemical & Pharmaceutical,1287.346332,Africa,Togo
2012,TGO,Consumer Goods & Crafts,377.699575,Africa,Togo
2012,TGO,Energy & Minerals,50437.972986,Africa,Togo
2012,TGO,Industrial Equipment & Technology,78.106984,Africa,Togo
2012,TGO,Textile & Apparel Manufacturing,1983.000825,Africa,Togo
2012,TUN,Agricultural & Foods,107895.924461,Africa,Tunisia
2012,TUN,Art & Collectibles,438.202612,Africa,Tunisia
2012,TUN,Base Metals,26213.627474,Africa,Tunisia
2012,TUN,Chemical & Pharmaceutical,5427.748228,Africa,Tunisia
2012,TUN,Consumer Goods & Crafts,35078.835097,Africa,Tunisia
2012,TUN,Energy & Minerals,320745.543123,Africa,Tunisia
2012,TUN,Industrial Equipment & Technology,130578.479515,Africa,Tunisia
2012,TUN,Textile & Apparel Manufacturing,98195.418978,Africa,Tunisia
2012,TZA,Agricultural & Foods,16044.090665,Africa,Tanzania
2012,TZA,Art & Collectibles,566.904454,Africa,Tanzania
2012,TZA,Base Metals,4584.315697,Africa,Tanzania
2012,TZA,Chemical & Pharmaceutical,2386.032564,Africa,Tanzania
2012,TZA,Consumer Goods & Crafts,58951.040395,Africa,Tanzania
2012,TZA,Energy & Minerals,2736.881462,Africa,Tanzania
2012,TZA,Industrial Equipment & Technology,35781.026227,Africa,Tanzania
2012,TZA,Textile & Apparel Manufacturing,9001.377338,Africa,Tanzania
2012,UGA,Agricultural & Foods,1028.981338,Africa,Uganda
2012,UGA,Art & Collectibles,26.360047,Africa,Uganda
2012,UGA,Base Metals,602.756384,Africa,Uganda
2012,UGA,Chemical & Pharmaceutical,2280.002001,Africa,Uganda
2012,UGA,Consumer Goods & Crafts,1831.862536,Africa,Uganda
2012,UGA,Energy & Minerals,855.401155,Africa,Uganda
2012,UGA,Industrial Equipment & Technology,29922.899808,Africa,Uganda
2012,UGA,Textile & Apparel Manufacturing,1652.758357,Africa,Uganda
2012,ZAF,Agricultural & Foods,146289.04018,Africa,South Africa
2012,ZAF,Art & Collectibles,16349.234637,Africa,South Africa
2012,ZAF,Base Metals,1209788.206688,Africa,South Africa
2012,ZAF,Chemical & Pharmaceutical,538361.266906,Africa,South Africa
2012,ZAF,Consumer Goods & Crafts,2132922.026425,Africa,South Africa
2012,ZAF,Energy & Minerals,932277.745529,Africa,South Africa
2012,ZAF,Industrial Equipment & Technology,2362751.226033,Africa,South Africa
2012,ZAF,Textile & Apparel Manufacturing,38315.080543,Africa,South Africa
2012,ZMB,Agricultural & Foods,419.726486,Africa,Zambia
2012,ZMB,Art & Collectibles,116.835027,Africa,Zambia
2012,ZMB,Base Metals,20460.083666,Africa,Zambia
2012,ZMB,Chemical & Pharmaceutical,37.819637,Africa,Zambia
2012,ZMB,Consumer Goods & Crafts,19084.730094,Africa,Zambia
2012,ZMB,Energy & Minerals,217.112782,Africa,Zambia
2012,ZMB,Industrial Equipment & Technology,2844.166319,Africa,Zambia
2012,ZMB,Textile & Apparel Manufacturing,54.111504,Africa,Zambia
2012,ZWE,Agricultural & Foods,4538.080943,Africa,Zimbabwe
2012,ZWE,Art & Collectibles,596.042143,Africa,Zimbabwe
2012,ZWE,Base Metals,70168.13403,Africa,Zimbabwe
2012,ZWE,Chemical & Pharmaceutical,76.94702,Africa,Zimbabwe
2012,ZWE,Consumer Goods & Crafts,3725.24567,Africa,Zimbabwe
2012,ZWE,Energy & Minerals,808.665524,Africa,Zimbabwe
2012,ZWE,Industrial Equipment & Technology,6048.820759,Africa,Zimbabwe
2012,ZWE,Textile & Apparel Manufacturing,457.415701,Africa,Zimbabwe
2013,AGO,Art & Collectibles,2.663233,Africa,Angola
2013,AGO,Chemical & Pharmaceutical,95.829651,Africa,Angola
2013,AGO,Consumer Goods & Crafts,12968.774825,Africa,Angola
2013,AGO,Energy & Minerals,6256971.741204,Africa,Angola
2013,AGO,Industrial Equipment & Technology,3.138137,Africa,Angola
2013,BDI,Base Metals,18.069341,Africa,Burundi
2013,BDI,Chemical & Pharmaceutical,24.391415,Africa,Burundi
2013,BDI,Consumer Goods & Crafts,3.56894,Africa,Burundi
2013,BDI,Industrial Equipment & Technology,8123.77174,Africa,Burundi
2013,BDI,Textile & Apparel Manufacturing,1.692417,Africa,Burundi
2013,BEN,Agricultural & Foods,289.311802,Africa,Benin
2013,BEN,Art & Collectibles,120.040618,Africa,Benin
2013,BEN,Base Metals,5105.987324,Africa,Benin
2013,BEN,Chemical & Pharmaceutical,33.142083,Africa,Benin
2013,BEN,Consumer Goods & Crafts,191.69044,Africa,Benin
2013,BEN,Industrial Equipment & Technology,320.716857,Africa,Benin
2013,BEN,Textile & Apparel Manufacturing,6.700235,Africa,Benin
2013,BFA,Agricultural & Foods,439.817544,Africa,Burkina Faso
2013,BFA,Art & Collectibles,507.565125,Africa,Burkina Faso
2013,BFA,Base Metals,2915.157446,Africa,Burkina Faso
2013,BFA,Chemical & Pharmaceutical,180.433363,Africa,Burkina Faso
2013,BFA,Consumer Goods & Crafts,312.141576,Africa,Burkina Faso
2013,BFA,Energy & Minerals,411.278676,Africa,Burkina Faso
2013,BFA,Industrial Equipment & Technology,1581.24593,Africa,Burkina Faso
2013,BFA,Textile & Apparel Manufacturing,279.663362,Africa,Burkina Faso
2013,BWA,Art & Collectibles,1542.895195,Africa,Botswana
2013,BWA,Base Metals,16.10382,Africa,Botswana
2013,BWA,Chemical & Pharmaceutical,37.448295,Africa,Botswana
2013,BWA,Consumer Goods & Crafts,237370.318622,Africa,Botswana
2013,BWA,Energy & Minerals,73.427579,Africa,Botswana
2013,BWA,Industrial Equipment & Technology,1995.639475,Africa,Botswana
2013,BWA,Textile & Apparel Manufacturing,12881.263915,Africa,Botswana
2013,CAF,Agricultural & Foods,358.488046,Africa,Central African Republic
2013,CAF,Consumer Goods & Crafts,3276.824605,Africa,Central African Republic
2013,CAF,Industrial Equipment & Technology,115.519302,Africa,Central African Republic
2013,CAF,Textile & Apparel Manufacturing,2.20271,Africa,Central African Republic
2013,CIV,Agricultural & Foods,914101.020074,Africa,Côte d'Ivoire
2013,CIV,Art & Collectibles,6604.517566,Africa,Côte d'Ivoire
2013,CIV,Base Metals,20302.708679,Africa,Côte d'Ivoire
2013,CIV,Chemical & Pharmaceutical,111237.686583,Africa,Côte d'Ivoire
2013,CIV,Consumer Goods & Crafts,15992.988657,Africa,Côte d'Ivoire
2013,CIV,Energy & Minerals,52068.769012,Africa,Côte d'Ivoire
2013,CIV,Industrial Equipment & Technology,3961.979654,Africa,Côte d'Ivoire
2013,CIV,Textile & Apparel Manufacturing,912.337581,Africa,Côte d'Ivoire
2013,CMR,Agricultural & Foods,26453.014538,Africa,Cameroon
2013,CMR,Art & Collectibles,3160.944876,Africa,Cameroon
2013,CMR,Base Metals,506.343965,Africa,Cameroon
2013,CMR,Chemical & Pharmaceutical,27173.934386,Africa,Cameroon
2013,CMR,Consumer Goods & Crafts,40892.6719,Africa,Cameroon
2013,CMR,Energy & Minerals,358842.711084,Africa,Cameroon
2013,CMR,Industrial Equipment & Technology,8136.294244,Africa,Cameroon
2013,CMR,Textile & Apparel Manufacturing,690.593738,Africa,Cameroon
2013,COD,Agricultural & Foods,6477.584313,Africa,DR Congo
2013,COD,Art & Collectibles,13201.684158,Africa,DR Congo
2013,COD,Base Metals,64871.494505,Africa,DR Congo
2013,COD,Chemical & Pharmaceutical,317.068901,Africa,DR Congo
2013,COD,Consumer Goods & Crafts,8759.042613,Africa,DR Congo
2013,COD,Energy & Minerals,3719.91602,Africa,DR Congo
2013,COD,Industrial Equipment & Technology,2216.801317,Africa,DR Congo
2013,COG,Agricultural & Foods,6224.606581,Africa,Congo Republic
2013,COG,Art & Collectibles,1651.966412,Africa,Congo Republic
2013,COG,Base Metals,38815.455484,Africa,Congo Republic
2013,COG,Chemical & Pharmaceutical,16.239266,Africa,Congo Republic
2013,COG,Consumer Goods & Crafts,14789.058952,Africa,Congo Republic
2013,COG,Energy & Minerals,1001244.429908,Africa,Congo Republic
2013,COG,Industrial Equipment & Technology,19252.887866,Africa,Congo Republic
2013,COG,Textile & Apparel Manufacturing,34.073981,Africa,Congo Republic
2013,COM,Chemical & Pharmaceutical,48.815656,Africa,Comoros
2013,COM,Industrial Equipment & Technology,2790.83006,Africa,Comoros
2013,COM,Textile & Apparel Manufacturing,1.176604,Africa,Comoros
2013,CPV,Agricultural & Foods,652.567417,Africa,Cabo Verde
2013,CPV,Base Metals,30.393852,Africa,Cabo Verde
2013,CPV,Chemical & Pharmaceutical,127.903994,Africa,Cabo Verde
2013,CPV,Consumer Goods & Crafts,252.936401,Africa,Cabo Verde
2013,CPV,Industrial Equipment & Technology,312.669176,Africa,Cabo Verde
2013,CPV,Textile & Apparel Manufacturing,1058.865783,Africa,Cabo Verde
2013,DJI,Agricultural & Foods,80.919256,Africa,Djibouti
2013,DJI,Art & Collectibles,3.062147,Africa,Djibouti
2013,DJI,Base Metals,66.674876,Africa,Djibouti
2013,DJI,Consumer Goods & Crafts,14.790914,Africa,Djibouti
2013,DJI,Energy & Minerals,4.285447,Africa,Djibouti
2013,DJI,Industrial Equipment & Technology,381.425928,Africa,Djibouti
2013,DJI,Textile & Apparel Manufacturing,0.333931,Africa,Djibouti
2013,DZA,Agricultural & Foods,1.67823,Africa,Algeria
2013,DZA,Art & Collectibles,31.561906,Africa,Algeria
2013,DZA,Base Metals,1756.546784,Africa,Algeria
2013,DZA,Chemical & Pharmaceutical,1082.165963,Africa,Algeria
2013,DZA,Consumer Goods & Crafts,287.826068,Africa,Algeria
2013,DZA,Energy & Minerals,5177853.872495,Africa,Algeria
2013,DZA,Industrial Equipment & Technology,2973.431262,Africa,Algeria
2013,DZA,Textile & Apparel Manufacturing,1.441756,Africa,Algeria
2013,EGY,Agricultural & Foods,56523.71209,Africa,Egypt
2013,EGY,Art & Collectibles,25268.174184,Africa,Egypt
2013,EGY,Base Metals,35019.675811,Africa,Egypt
2013,EGY,Chemical & Pharmaceutical,140890.687464,Africa,Egypt
2013,EGY,Consumer Goods & Crafts,68486.195483,Africa,Egypt
2013,EGY,Energy & Minerals,179275.278436,Africa,Egypt
2013,EGY,Industrial Equipment & Technology,24672.59444,Africa,Egypt
2013,EGY,Textile & Apparel Manufacturing,956888.312737,Africa,Egypt
2013,ERI,Agricultural & Foods,,Africa,Eritrea
2013,ERI,Art & Collectibles,,Africa,Eritrea
2013,ERI,Consumer Goods & Crafts,,Africa,Eritrea
2013,ERI,Industrial Equipment & Technology,,Africa,Eritrea
2013,ERI,Textile & Apparel Manufacturing,,Africa,Eritrea
2013,ETH,Agricultural & Foods,35878.223574,Africa,Ethiopia
2013,ETH,Art & Collectibles,352.41299,Africa,Ethiopia
2013,ETH,Base Metals,435.336657,Africa,Ethiopia
2013,ETH,Chemical & Pharmaceutical,200.069964,Africa,Ethiopia
2013,ETH,Consumer Goods & Crafts,5146.495718,Africa,Ethiopia
2013,ETH,Energy & Minerals,7.188173,Africa,Ethiopia
2013,ETH,Industrial Equipment & Technology,116732.450049,Africa,Ethiopia
2013,ETH,Textile & Apparel Manufacturing,58376.690767,Africa,Ethiopia
2013,GAB,Agricultural & Foods,2.673444,Africa,Gabon
2013,GAB,Art & Collectibles,4178.415491,Africa,Gabon
2013,GAB,Base Metals,1143.257508,Africa,Gabon
2013,GAB,Chemical & Pharmaceutical,2661.43622,Africa,Gabon
2013,GAB,Consumer Goods & Crafts,6893.379621,Africa,Gabon
2013,GAB,Energy & Minerals,1046604.4894,Africa,Gabon
2013,GAB,Industrial Equipment & Technology,13920.616969,Africa,Gabon
2013,GAB,Textile & Apparel Manufacturing,16.662873,Africa,Gabon
2013,GHA,Agricultural & Foods,158905.753115,Africa,Ghana
2013,GHA,Art & Collectibles,881.842464,Africa,Ghana
2013,GHA,Base Metals,17185.782629,Africa,Ghana
2013,GHA,Chemical & Pharmaceutical,10739.98552,Africa,Ghana
2013,GHA,Consumer Goods & Crafts,33364.841122,Africa,Ghana
2013,GHA,Energy & Minerals,108896.888598,Africa,Ghana
2013,GHA,Industrial Equipment & Technology,7816.653147,Africa,Ghana
2013,GHA,Textile & Apparel Manufacturing,2807.087812,Africa,Ghana
2013,GIN,Agricultural & Foods,706.788092,Africa,Guinea
2013,GIN,Art & Collectibles,1717.113239,Africa,Guinea
2013,GIN,Base Metals,1639.708669,Africa,Guinea
2013,GIN,Chemical & Pharmaceutical,1237.985114,Africa,Guinea
2013,GIN,Consumer Goods & Crafts,5120.13887,Africa,Guinea
2013,GIN,Energy & Minerals,187364.107725,Africa,Guinea
2013,GIN,Industrial Equipment & Technology,13428.324082,Africa,Guinea
2013,GIN,Textile & Apparel Manufacturing,102.707005,Africa,Guinea
2013,GMB,Agricultural & Foods,58.27569,Africa,Gambia
2013,GMB,Art & Collectibles,4.481195,Africa,Gambia
2013,GMB,Base Metals,38.013433,Africa,Gambia
2013,GMB,Chemical & Pharmaceutical,178.506333,Africa,Gambia
2013,GMB,Consumer Goods & Crafts,1553.104104,Africa,Gambia
2013,GMB,Industrial Equipment & Technology,57.192632,Africa,Gambia
2013,GMB,Textile & Apparel Manufacturing,54.142822,Africa,Gambia
2013,GNB,Art & Collectibles,3809.040413,Africa,Guinea-Bissau
2013,GNB,Base Metals,130.889613,Africa,Guinea-Bissau
2013,GNB,Consumer Goods & Crafts,9.819966,Africa,Guinea-Bissau
2013,GNB,Industrial Equipment & Technology,18.639887,Africa,Guinea-Bissau
2013,GNQ,Agricultural & Foods,5.859547,Africa,Equatorial Guinea
2013,GNQ,Base Metals,279.105081,Africa,Equatorial Guinea
2013,GNQ,Chemical & Pharmaceutical,117606.992792,Africa,Equatorial Guinea
2013,GNQ,Energy & Minerals,690906.23152,Africa,Equatorial Guinea
2013,GNQ,Industrial Equipment & Technology,153.453877,Africa,Equatorial Guinea
2013,KEN,Agricultural & Foods,14188.177327,Africa,Kenya
2013,KEN,Art & Collectibles,742.000687,Africa,Kenya
2013,KEN,Base Metals,34584.112546,Africa,Kenya
2013,KEN,Chemical & Pharmaceutical,5342.400731,Africa,Kenya
2013,KEN,Consumer Goods & Crafts,9559.359798,Africa,Kenya
2013,KEN,Energy & Minerals,3959.973738,Africa,Kenya
2013,KEN,Industrial Equipment & Technology,70414.902433,Africa,Kenya
2013,KEN,Textile & Apparel Manufacturing,410796.854527,Africa,Kenya
2013,LBR,Agricultural & Foods,527.386855,Africa,Liberia
2013,LBR,Art & Collectibles,378.461031,Africa,Liberia
2013,LBR,Base Metals,48.343784,Africa,Liberia
2013,LBR,Chemical & Pharmaceutical,124857.288072,Africa,Liberia
2013,LBR,Consumer Goods & Crafts,492.557754,Africa,Liberia
2013,LBR,Energy & Minerals,6072.960951,Africa,Liberia
2013,LBR,Industrial Equipment & Technology,104.580348,Africa,Liberia
2013,LBR,Textile & Apparel Manufacturing,6.948829,Africa,Liberia
2013,LBY,Art & Collectibles,113.526203,Africa,Libya
2013,LBY,Chemical & Pharmaceutical,21753.612925,Africa,Libya
2013,LBY,Consumer Goods & Crafts,2.642289,Africa,Libya
2013,LBY,Energy & Minerals,1880731.721759,Africa,Libya
2013,LSO,Chemical & Pharmaceutical,197.087706,Africa,Lesotho
2013,LSO,Consumer Goods & Crafts,29601.917514,Africa,Lesotho
2013,LSO,Industrial Equipment & Technology,585.164654,Africa,Lesotho
2013,LSO,Textile & Apparel Manufacturing,337053.013751,Africa,Lesotho
2013,MAR,Agricultural & Foods,138864.241859,Africa,Morocco
2013,MAR,Art & Collectibles,1947.090854,Africa,Morocco
2013,MAR,Base Metals,45731.700803,Africa,Morocco
2013,MAR,Chemical & Pharmaceutical,349207.093529,Africa,Morocco
2013,MAR,Consumer Goods & Crafts,34889.854329,Africa,Morocco
2013,MAR,Energy & Minerals,521338.470271,Africa,Morocco
2013,MAR,Industrial Equipment & Technology,218211.977301,Africa,Morocco
2013,MAR,Textile & Apparel Manufacturing,133939.989703,Africa,Morocco
2013,MDG,Agricultural & Foods,5975.374497,Africa,Madagascar
2013,MDG,Art & Collectibles,907.497126,Africa,Madagascar
2013,MDG,Base Metals,63589.264068,Africa,Madagascar
2013,MDG,Chemical & Pharmaceutical,3494.749016,Africa,Madagascar
2013,MDG,Consumer Goods & Crafts,8075.165153,Africa,Madagascar
2013,MDG,Energy & Minerals,4081.891013,Africa,Madagascar
2013,MDG,Industrial Equipment & Technology,95882.775817,Africa,Madagascar
2013,MDG,Textile & Apparel Manufacturing,25699.244764,Africa,Madagascar
2013,MLI,Agricultural & Foods,1025.96697,Africa,Mali
2013,MLI,Art & Collectibles,2084.27535,Africa,Mali
2013,MLI,Base Metals,30.474953,Africa,Mali
2013,MLI,Consumer Goods & Crafts,235.669608,Africa,Mali
2013,MLI,Industrial Equipment & Technology,321.29542,Africa,Mali
2013,MLI,Textile & Apparel Manufacturing,71.725122,Africa,Mali
2013,MOZ,Agricultural & Foods,4863.554649,Africa,Mozambique
2013,MOZ,Art & Collectibles,19.710932,Africa,Mozambique
2013,MOZ,Base Metals,18643.594939,Africa,Mozambique
2013,MOZ,Chemical & Pharmaceutical,118.910517,Africa,Mozambique
2013,MOZ,Consumer Goods & Crafts,16081.240092,Africa,Mozambique
2013,MOZ,Energy & Minerals,70446.884531,Africa,Mozambique
2013,MOZ,Industrial Equipment & Technology,60041.785799,Africa,Mozambique
2013,MOZ,Textile & Apparel Manufacturing,181.876656,Africa,Mozambique
2013,MRT,Agricultural & Foods,226.036184,Africa,Mauritania
2013,MRT,Base Metals,7.090759,Africa,Mauritania
2013,MRT,Chemical & Pharmaceutical,307.500252,Africa,Mauritania
2013,MRT,Consumer Goods & Crafts,25553.26235,Africa,Mauritania
2013,MRT,Energy & Minerals,128544.402619,Africa,Mauritania
2013,MRT,Industrial Equipment & Technology,77.526152,Africa,Mauritania
2013,MRT,Textile & Apparel Manufacturing,4.991439,Africa,Mauritania
2013,MUS,Agricultural & Foods,54914.105425,Africa,Mauritius
2013,MUS,Art & Collectibles,5.790877,Africa,Mauritius
2013,MUS,Base Metals,84.429916,Africa,Mauritius
2013,MUS,Chemical & Pharmaceutical,1232.990955,Africa,Mauritius
2013,MUS,Consumer Goods & Crafts,57241.02014,Africa,Mauritius
2013,MUS,Energy & Minerals,1490.741494,Africa,Mauritius
2013,MUS,Industrial Equipment & Technology,11854.036894,Africa,Mauritius
2013,MUS,Textile & Apparel Manufacturing,179397.521465,Africa,Mauritius
2013,MWI,Agricultural & Foods,65265.968616,Africa,Malawi
2013,MWI,Art & Collectibles,0.129227,Africa,Malawi
2013,MWI,Base Metals,4314.625103,Africa,Malawi
2013,MWI,Chemical & Pharmaceutical,42.69513,Africa,Malawi
2013,MWI,Consumer Goods & Crafts,405.99689,Africa,Malawi
2013,MWI,Energy & Minerals,16.098559,Africa,Malawi
2013,MWI,Industrial Equipment & Technology,11368.537156,Africa,Malawi
2013,MWI,Textile & Apparel Manufacturing,20171.231263,Africa,Malawi
2013,NAM,Agricultural & Foods,113.817046,Africa,Namibia
2013,NAM,Art & Collectibles,221.118366,Africa,Namibia
2013,NAM,Base Metals,5431.658292,Africa,Namibia
2013,NAM,Chemical & Pharmaceutical,9404.860504,Africa,Namibia
2013,NAM,Consumer Goods & Crafts,96275.353125,Africa,Namibia
2013,NAM,Energy & Minerals,126817.773191,Africa,Namibia
2013,NAM,Industrial Equipment & Technology,2538.668445,Africa,Namibia
2013,NAM,Textile & Apparel Manufacturing,410.705369,Africa,Namibia
2013,NER,Agricultural & Foods,71.283727,Africa,Niger
2013,NER,Art & Collectibles,296.905554,Africa,Niger
2013,NER,Base Metals,68.597267,Africa,Niger
2013,NER,Chemical & Pharmaceutical,52.981502,Africa,Niger
2013,NER,Consumer Goods & Crafts,295.187433,Africa,Niger
2013,NER,Energy & Minerals,121124.895373,Africa,Niger
2013,NER,Industrial Equipment & Technology,1787.644912,Africa,Niger
2013,NER,Textile & Apparel Manufacturing,4479.293428,Africa,Niger
2013,NGA,Agricultural & Foods,18147.83205,Africa,Nigeria
2013,NGA,Art & Collectibles,1452.314465,Africa,Nigeria
2013,NGA,Base Metals,4966.74453,Africa,Nigeria
2013,NGA,Chemical & Pharmaceutical,6455.16185,Africa,Nigeria
2013,NGA,Consumer Goods & Crafts,33403.421233,Africa,Nigeria
2013,NGA,Energy & Minerals,3401517.749592,Africa,Nigeria
2013,NGA,Industrial Equipment & Technology,32215.543169,Africa,Nigeria
2013,NGA,Textile & Apparel Manufacturing,585.981475,Africa,Nigeria
2013,RWA,Agricultural & Foods,6668.055989,Africa,Rwanda
2013,RWA,Art & Collectibles,123.365809,Africa,Rwanda
2013,RWA,Base Metals,324.575628,Africa,Rwanda
2013,RWA,Chemical & Pharmaceutical,6.779266,Africa,Rwanda
2013,RWA,Consumer Goods & Crafts,1129.739015,Africa,Rwanda
2013,RWA,Energy & Minerals,2914.623911,Africa,Rwanda
2013,RWA,Industrial Equipment & Technology,17569.166252,Africa,Rwanda
2013,RWA,Textile & Apparel Manufacturing,244.547006,Africa,Rwanda
2013,SDN,Agricultural & Foods,9434.566139,Africa,Sudan
2013,SDN,Base Metals,0.087098,Africa,Sudan
2013,SDN,Chemical & Pharmaceutical,0.821336,Africa,Sudan
2013,SDN,Consumer Goods & Crafts,44.880829,Africa,Sudan
2013,SEN,Agricultural & Foods,4395.107217,Africa,Senegal
2013,SEN,Art & Collectibles,91.006838,Africa,Senegal
2013,SEN,Base Metals,504.469329,Africa,Senegal
2013,SEN,Chemical & Pharmaceutical,3300.07247,Africa,Senegal
2013,SEN,Consumer Goods & Crafts,1014.747502,Africa,Senegal
2013,SEN,Energy & Minerals,2661.836897,Africa,Senegal
2013,SEN,Industrial Equipment & Technology,2060.418294,Africa,Senegal
2013,SEN,Textile & Apparel Manufacturing,17338.582251,Africa,Senegal
2013,SLE,Agricultural & Foods,97.372648,Africa,Sierra Leone
2013,SLE,Art & Collectibles,892.963197,Africa,Sierra Leone
2013,SLE,Base Metals,171.770717,Africa,Sierra Leone
2013,SLE,Chemical & Pharmaceutical,370.391208,Africa,Sierra Leone
2013,SLE,Consumer Goods & Crafts,7251.308197,Africa,Sierra Leone
2013,SLE,Energy & Minerals,20276.267012,Africa,Sierra Leone
2013,SLE,Industrial Equipment & Technology,1780.708523,Africa,Sierra Leone
2013,SLE,Textile & Apparel Manufacturing,121.66232,Africa,Sierra Leone
2013,SOM,Agricultural & Foods,175.953526,Africa,Somalia
2013,SOM,Art & Collectibles,345.7341,Africa,Somalia
2013,SOM,Industrial Equipment & Technology,13.770899,Africa,Somalia
2013,SOM,Textile & Apparel Manufacturing,4.732698,Africa,Somalia
2013,SSD,Agricultural & Foods,57.491813,Africa,South Sudan
2013,SSD,Consumer Goods & Crafts,17.244923,Africa,South Sudan
2013,SSD,Industrial Equipment & Technology,12.084709,Africa,South Sudan
2013,SSD,Textile & Apparel Manufacturing,0.521423,Africa,South Sudan
2013,STP,Agricultural & Foods,417.191198,Africa,Sao Tome and Principe
2013,STP,Art & Collectibles,7.334031,Africa,Sao Tome and Principe
2013,STP,Consumer Goods & Crafts,32.963508,Africa,Sao Tome and Principe
2013,STP,Industrial Equipment & Technology,278.182638,Africa,Sao Tome and Principe
2013,STP,Textile & Apparel Manufacturing,0.608449,Africa,Sao Tome and Principe
2013,SWZ,Agricultural & Foods,6314.644726,Africa,Eswatini
2013,SWZ,Art & Collectibles,356.382877,Africa,Eswatini
2013,SWZ,Base Metals,217.600489,Africa,Eswatini
2013,SWZ,Chemical & Pharmaceutical,1038.262071,Africa,Eswatini
2013,SWZ,Consumer Goods & Crafts,332.2202,Africa,Eswatini
2013,SWZ,Energy & Minerals,38.514862,Africa,Eswatini
2013,SWZ,Industrial Equipment & Technology,1001.531323,Africa,Eswatini
2013,SWZ,Textile & Apparel Manufacturing,63678.291277,Africa,Eswatini
2013,SYC,Agricultural & Foods,863.70067,Africa,Seychelles
2013,SYC,Art & Collectibles,13.151772,Africa,Seychelles
2013,SYC,Base Metals,519.529515,Africa,Seychelles
2013,SYC,Chemical & Pharmaceutical,1843.737749,Africa,Seychelles
2013,SYC,Consumer Goods & Crafts,264.549501,Africa,Seychelles
2013,SYC,Industrial Equipment & Technology,5285.875915,Africa,Seychelles
2013,SYC,Textile & Apparel Manufacturing,15.331884,Africa,Seychelles
2013,TCD,Agricultural & Foods,11168.807128,Africa,Chad
2013,TCD,Chemical & Pharmaceutical,4.605012,Africa,Chad
2013,TCD,Energy & Minerals,2210681.251136,Africa,Chad
2013,TCD,Industrial Equipment & Technology,21.381993,Africa,Chad
2013,TCD,Textile & Apparel Manufacturing,0.324184,Africa,Chad
2013,TGO,Agricultural & Foods,3119.603332,Africa,Togo
2013,TGO,Art & Collectibles,15.667176,Africa,Togo
2013,TGO,Base Metals,1946.594752,Africa,Togo
2013,TGO,Chemical & Pharmaceutical,990.775866,Africa,Togo
2013,TGO,Consumer Goods & Crafts,614.709686,Africa,Togo
2013,TGO,Energy & Minerals,35.697995,Africa,Togo
2013,TGO,Industrial Equipment & Technology,552.526508,Africa,Togo
2013,TGO,Textile & Apparel Manufacturing,1677.946243,Africa,Togo
2013,TUN,Agricultural & Foods,110202.317883,Africa,Tunisia
2013,TUN,Art & Collectibles,920.391334,Africa,Tunisia
2013,TUN,Base Metals,21407.934607,Africa,Tunisia
2013,TUN,Chemical & Pharmaceutical,2751.904416,Africa,Tunisia
2013,TUN,Consumer Goods & Crafts,27513.589524,Africa,Tunisia
2013,TUN,Energy & Minerals,440485.211298,Africa,Tunisia
2013,TUN,Industrial Equipment & Technology,150110.511019,Africa,Tunisia
2013,TUN,Textile & Apparel Manufacturing,86873.652669,Africa,Tunisia
2013,TZA,Agricultural & Foods,11805.452001,Africa,Tanzania
2013,TZA,Art & Collectibles,155.533187,Africa,Tanzania
2013,TZA,Base Metals,3514.784065,Africa,Tanzania
2013,TZA,Chemical & Pharmaceutical,685.32113,Africa,Tanzania
2013,TZA,Consumer Goods & Crafts,20879.962602,Africa,Tanzania
2013,TZA,Energy & Minerals,936.392614,Africa,Tanzania
2013,TZA,Industrial Equipment & Technology,25940.933321,Africa,Tanzania
2013,TZA,Textile & Apparel Manufacturing,13959.710993,Africa,Tanzania
2013,UGA,Agricultural & Foods,1429.076495,Africa,Uganda
2013,UGA,Art & Collectibles,57.338483,Africa,Uganda
2013,UGA,Base Metals,1015.71587,Africa,Uganda
2013,UGA,Chemical & Pharmaceutical,2616.946024,Africa,Uganda
2013,UGA,Consumer Goods & Crafts,1196.90164,Africa,Uganda
2013,UGA,Energy & Minerals,831.039788,Africa,Uganda
2013,UGA,Industrial Equipment & Technology,43098.199717,Africa,Uganda
2013,UGA,Textile & Apparel Manufacturing,2038.755826,Africa,Uganda
2013,ZAF,Agricultural & Foods,132184.392339,Africa,South Africa
2013,ZAF,Art & Collectibles,21451.88122,Africa,South Africa
2013,ZAF,Base Metals,1101312.897777,Africa,South Africa
2013,ZAF,Chemical & Pharmaceutical,561858.698231,Africa,South Africa
2013,ZAF,Consumer Goods & Crafts,2156851.936314,Africa,South Africa
2013,ZAF,Energy & Minerals,1079965.528188,Africa,South Africa
2013,ZAF,Industrial Equipment & Technology,2571654.913658,Africa,South Africa
2013,ZAF,Textile & Apparel Manufacturing,34739.259263,Africa,South Africa
2013,ZMB,Agricultural & Foods,76.567876,Africa,Zambia
2013,ZMB,Art & Collectibles,611.761167,Africa,Zambia
2013,ZMB,Base Metals,11998.038195,Africa,Zambia
2013,ZMB,Chemical & Pharmaceutical,126.061052,Africa,Zambia
2013,ZMB,Consumer Goods & Crafts,10994.522961,Africa,Zambia
2013,ZMB,Energy & Minerals,192.110167,Africa,Zambia
2013,ZMB,Industrial Equipment & Technology,1235.436346,Africa,Zambia
2013,ZMB,Textile & Apparel Manufacturing,139.544332,Africa,Zambia
2013,ZWE,Agricultural & Foods,3814.7714,Africa,Zimbabwe
2013,ZWE,Art & Collectibles,724.608227,Africa,Zimbabwe
2013,ZWE,Base Metals,6788.751886,Africa,Zimbabwe
2013,ZWE,Chemical & Pharmaceutical,15.992506,Africa,Zimbabwe
2013,ZWE,Consumer Goods & Crafts,4994.559751,Africa,Zimbabwe
2013,ZWE,Energy & Minerals,721.286981,Africa,Zimbabwe
2013,ZWE,Industrial Equipment & Technology,3997.104097,Africa,Zimbabwe
2013,ZWE,Textile & Apparel Manufacturing,648.6624,Africa,Zimbabwe
2014,AGO,Agricultural & Foods,58.912027,Africa,Angola
2014,AGO,Art & Collectibles,119.455059,Africa,Angola
2014,AGO,Base Metals,181.164362,Africa,Angola
2014,AGO,Chemical & Pharmaceutical,44.109465,Africa,Angola
2014,AGO,Consumer Goods & Crafts,7275.613198,Africa,Angola
2014,AGO,Energy & Minerals,4026869.199921,Africa,Angola
2014,AGO,Industrial Equipment & Technology,184.256447,Africa,Angola
2014,AGO,Textile & Apparel Manufacturing,2.099833,Africa,Angola
2014,BDI,Art & Collectibles,3.544138,Africa,Burundi
2014,BDI,Chemical & Pharmaceutical,14.619168,Africa,Burundi
2014,BDI,Consumer Goods & Crafts,58.339253,Africa,Burundi
2014,BDI,Industrial Equipment & Technology,7040.109676,Africa,Burundi
2014,BDI,Textile & Apparel Manufacturing,0.806938,Africa,Burundi
2014,BEN,Agricultural & Foods,122.965314,Africa,Benin
2014,BEN,Art & Collectibles,537.725949,Africa,Benin
2014,BEN,Base Metals,7131.337546,Africa,Benin
2014,BEN,Chemical & Pharmaceutical,86.454305,Africa,Benin
2014,BEN,Consumer Goods & Crafts,441.646932,Africa,Benin
2014,BEN,Energy & Minerals,31.586276,Africa,Benin
2014,BEN,Industrial Equipment & Technology,6316.288284,Africa,Benin
2014,BEN,Textile & Apparel Manufacturing,5.4139,Africa,Benin
2014,BFA,Agricultural & Foods,439.599746,Africa,Burkina Faso
2014,BFA,Art & Collectibles,552.271601,Africa,Burkina Faso
2014,BFA,Base Metals,3268.172447,Africa,Burkina Faso
2014,BFA,Chemical & Pharmaceutical,3.591264,Africa,Burkina Faso
2014,BFA,Consumer Goods & Crafts,1787.174238,Africa,Burkina Faso
2014,BFA,Energy & Minerals,133.000659,Africa,Burkina Faso
2014,BFA,Industrial Equipment & Technology,3055.950867,Africa,Burkina Faso
2014,BFA,Textile & Apparel Manufacturing,294.001842,Africa,Burkina Faso
2014,BWA,Agricultural & Foods,0.209573,Africa,Botswana
2014,BWA,Art & Collectibles,18.651013,Africa,Botswana
2014,BWA,Base Metals,173.382288,Africa,Botswana
2014,BWA,Chemical & Pharmaceutical,234.286751,Africa,Botswana
2014,BWA,Consumer Goods & Crafts,292030.537749,Africa,Botswana
2014,BWA,Energy & Minerals,0.18007,Africa,Botswana
2014,BWA,Industrial Equipment & Technology,7762.624113,Africa,Botswana
2014,BWA,Textile & Apparel Manufacturing,20602.827465,Africa,Botswana
2014,CAF,Agricultural & Foods,199.360096,Africa,Central African Republic
2014,CAF,Base Metals,6.383796,Africa,Central African Republic
2014,CAF,Consumer Goods & Crafts,1356.944302,Africa,Central African Republic
2014,CAF,Industrial Equipment & Technology,29.158098,Africa,Central African Republic
2014,CAF,Textile & Apparel Manufacturing,4.976755,Africa,Central African Republic
2014,CIV,Agricultural & Foods,1024419.010723,Africa,Côte d'Ivoire
2014,CIV,Art & Collectibles,10677.478642,Africa,Côte d'Ivoire
2014,CIV,Base Metals,24607.075844,Africa,Côte d'Ivoire
2014,CIV,Chemical & Pharmaceutical,88194.363651,Africa,Côte d'Ivoire
2014,CIV,Consumer Goods & Crafts,12829.434777,Africa,Côte d'Ivoire
2014,CIV,Energy & Minerals,128714.23438,Africa,Côte d'Ivoire
2014,CIV,Industrial Equipment & Technology,4608.913009,Africa,Côte d'Ivoire
2014,CIV,Textile & Apparel Manufacturing,796.208127,Africa,Côte d'Ivoire
2014,CMR,Agricultural & Foods,19757.572045,Africa,Cameroon
2014,CMR,Art & Collectibles,1636.797057,Africa,Cameroon
2014,CMR,Base Metals,1146.857758,Africa,Cameroon
2014,CMR,Chemical & Pharmaceutical,16976.308814,Africa,Cameroon
2014,CMR,Consumer Goods & Crafts,39614.557376,Africa,Cameroon
2014,CMR,Energy & Minerals,159116.399661,Africa,Cameroon
2014,CMR,Industrial Equipment & Technology,22392.041707,Africa,Cameroon
2014,CMR,Textile & Apparel Manufacturing,1061.133445,Africa,Cameroon
2014,COD,Agricultural & Foods,3676.384856,Africa,DR Congo
2014,COD,Art & Collectibles,19892.234843,Africa,DR Congo
2014,COD,Base Metals,122031.97048,Africa,DR Congo
2014,COD,Chemical & Pharmaceutical,557.127551,Africa,DR Congo
2014,COD,Consumer Goods & Crafts,9650.037205,Africa,DR Congo
2014,COD,Energy & Minerals,9254.315107,Africa,DR Congo
2014,COD,Industrial Equipment & Technology,6528.215393,Africa,DR Congo
2014,COD,Textile & Apparel Manufacturing,14.953805,Africa,DR Congo
2014,COG,Agricultural & Foods,6135.221106,Africa,Congo Republic
2014,COG,Art & Collectibles,646.117504,Africa,Congo Republic
2014,COG,Base Metals,6547.188614,Africa,Congo Republic
2014,COG,Chemical & Pharmaceutical,47.801656,Africa,Congo Republic
2014,COG,Consumer Goods & Crafts,17092.086829,Africa,Congo Republic
2014,COG,Energy & Minerals,379010.248156,Africa,Congo Republic
2014,COG,Industrial Equipment & Technology,153074.96489,Africa,Congo Republic
2014,COG,Textile & Apparel Manufacturing,13.064332,Africa,Congo Republic
2014,COM,Art & Collectibles,15.649098,Africa,Comoros
2014,COM,Chemical & Pharmaceutical,76.315232,Africa,Comoros
2014,COM,Industrial Equipment & Technology,1973.164582,Africa,Comoros
2014,COM,Textile & Apparel Manufacturing,2.061375,Africa,Comoros
2014,CPV,Agricultural & Foods,595.13678,Africa,Cabo Verde
2014,CPV,Base Metals,30.927806,Africa,Cabo Verde
2014,CPV,Chemical & Pharmaceutical,34.741502,Africa,Cabo Verde
2014,CPV,Consumer Goods & Crafts,220.474842,Africa,Cabo Verde
2014,CPV,Industrial Equipment & Technology,737.247502,Africa,Cabo Verde
2014,CPV,Textile & Apparel Manufacturing,176.212975,Africa,Cabo Verde
2014,DJI,Agricultural & Foods,344.44981,Africa,Djibouti
2014,DJI,Base Metals,55.19941,Africa,Djibouti
2014,DJI,Consumer Goods & Crafts,291.527582,Africa,Djibouti
2014,DJI,Industrial Equipment & Technology,884.56917,Africa,Djibouti
2014,DJI,Textile & Apparel Manufacturing,97.521154,Africa,Djibouti
2014,DZA,Agricultural & Foods,95.198696,Africa,Algeria
2014,DZA,Art & Collectibles,70.213946,Africa,Algeria
2014,DZA,Base Metals,3317.531654,Africa,Algeria
2014,DZA,Chemical & Pharmaceutical,54129.099179,Africa,Algeria
2014,DZA,Consumer Goods & Crafts,207.395718,Africa,Algeria
2014,DZA,Energy & Minerals,4361418.166584,Africa,Algeria
2014,DZA,Industrial Equipment & Technology,5692.108428,Africa,Algeria
2014,EGY,Agricultural & Foods,47743.728053,Africa,Egypt
2014,EGY,Art & Collectibles,21669.50713,Africa,Egypt
2014,EGY,Base Metals,43050.584228,Africa,Egypt
2014,EGY,Chemical & Pharmaceutical,96405.984956,Africa,Egypt
2014,EGY,Consumer Goods & Crafts,70835.272647,Africa,Egypt
2014,EGY,Energy & Minerals,34918.333927,Africa,Egypt
2014,EGY,Industrial Equipment & Technology,21881.984442,Africa,Egypt
2014,EGY,Textile & Apparel Manufacturing,973845.160961,Africa,Egypt
2014,ERI,Agricultural & Foods,,Africa,Eritrea
2014,ERI,Art & Collectibles,,Africa,Eritrea
2014,ERI,Consumer Goods & Crafts,,Africa,Eritrea
2014,ERI,Industrial Equipment & Technology,,Africa,Eritrea
2014,ERI,Textile & Apparel Manufacturing,,Africa,Eritrea
2014,ETH,Agricultural & Foods,25695.658361,Africa,Ethiopia
2014,ETH,Art & Collectibles,1927.295814,Africa,Ethiopia
2014,ETH,Base Metals,887.651659,Africa,Ethiopia
2014,ETH,Chemical & Pharmaceutical,266.315334,Africa,Ethiopia
2014,ETH,Consumer Goods & Crafts,10750.855207,Africa,Ethiopia
2014,ETH,Energy & Minerals,6828.446192,Africa,Ethiopia
2014,ETH,Industrial Equipment & Technology,119872.883138,Africa,Ethiopia
2014,ETH,Textile & Apparel Manufacturing,54587.726436,Africa,Ethiopia
2014,GAB,Agricultural & Foods,9.608296,Africa,Gabon
2014,GAB,Art & Collectibles,3381.203761,Africa,Gabon
2014,GAB,Base Metals,2106.843944,Africa,Gabon
2014,GAB,Chemical & Pharmaceutical,1966.83424,Africa,Gabon
2014,GAB,Consumer Goods & Crafts,10213.025548,Africa,Gabon
2014,GAB,Energy & Minerals,750810.802654,Africa,Gabon
2014,GAB,Industrial Equipment & Technology,442485.978949,Africa,Gabon
2014,GAB,Textile & Apparel Manufacturing,50.729154,Africa,Gabon
2014,GHA,Agricultural & Foods,202064.705836,Africa,Ghana
2014,GHA,Art & Collectibles,310.845469,Africa,Ghana
2014,GHA,Base Metals,14741.467709,Africa,Ghana
2014,GHA,Chemical & Pharmaceutical,7949.484653,Africa,Ghana
2014,GHA,Consumer Goods & Crafts,80230.676513,Africa,Ghana
2014,GHA,Energy & Minerals,1912.918243,Africa,Ghana
2014,GHA,Industrial Equipment & Technology,6921.677291,Africa,Ghana
2014,GHA,Textile & Apparel Manufacturing,7151.133287,Africa,Ghana
2014,GIN,Agricultural & Foods,1081.451606,Africa,Guinea
2014,GIN,Art & Collectibles,1505.636172,Africa,Guinea
2014,GIN,Base Metals,1366.491494,Africa,Guinea
2014,GIN,Chemical & Pharmaceutical,735.0529,Africa,Guinea
2014,GIN,Consumer Goods & Crafts,3522.082005,Africa,Guinea
2014,GIN,Energy & Minerals,164995.346222,Africa,Guinea
2014,GIN,Industrial Equipment & Technology,5113.458152,Africa,Guinea
2014,GIN,Textile & Apparel Manufacturing,87.402564,Africa,Guinea
2014,GMB,Agricultural & Foods,102.51104,Africa,Gambia
2014,GMB,Base Metals,2.983779,Africa,Gambia
2014,GMB,Chemical & Pharmaceutical,160.056589,Africa,Gambia
2014,GMB,Consumer Goods & Crafts,101.874748,Africa,Gambia
2014,GMB,Industrial Equipment & Technology,51.993125,Africa,Gambia
2014,GMB,Textile & Apparel Manufacturing,4.415746,Africa,Gambia
2014,GNB,Art & Collectibles,10.376924,Africa,Guinea-Bissau
2014,GNB,Industrial Equipment & Technology,20.859959,Africa,Guinea-Bissau
2014,GNQ,Agricultural & Foods,16.995965,Africa,Equatorial Guinea
2014,GNQ,Chemical & Pharmaceutical,116495.913926,Africa,Equatorial Guinea
2014,GNQ,Energy & Minerals,112048.333999,Africa,Equatorial Guinea
2014,GNQ,Industrial Equipment & Technology,35.609829,Africa,Equatorial Guinea
2014,KEN,Agricultural & Foods,18394.348468,Africa,Kenya
2014,KEN,Art & Collectibles,233.046943,Africa,Kenya
2014,KEN,Base Metals,44965.906273,Africa,Kenya
2014,KEN,Chemical & Pharmaceutical,5658.604513,Africa,Kenya
2014,KEN,Consumer Goods & Crafts,9775.721288,Africa,Kenya
2014,KEN,Energy & Minerals,18047.497325,Africa,Kenya
2014,KEN,Industrial Equipment & Technology,64095.207359,Africa,Kenya
2014,KEN,Textile & Apparel Manufacturing,444413.682002,Africa,Kenya
2014,LBR,Agricultural & Foods,718.395726,Africa,Liberia
2014,LBR,Art & Collectibles,43.463833,Africa,Liberia
2014,LBR,Chemical & Pharmaceutical,102240.0659,Africa,Liberia
2014,LBR,Consumer Goods & Crafts,2029.548907,Africa,Liberia
2014,LBR,Energy & Minerals,11414.849424,Africa,Liberia
2014,LBR,Industrial Equipment & Technology,137.199024,Africa,Liberia
2014,LBR,Textile & Apparel Manufacturing,21.833561,Africa,Liberia
2014,LBY,Art & Collectibles,18.751061,Africa,Libya
2014,LBY,Chemical & Pharmaceutical,11521.40184,Africa,Libya
2014,LBY,Energy & Minerals,157486.31061,Africa,Libya
2014,LBY,Textile & Apparel Manufacturing,32.95194,Africa,Libya
2014,LSO,Chemical & Pharmaceutical,330.33085,Africa,Lesotho
2014,LSO,Consumer Goods & Crafts,70812.238555,Africa,Lesotho
2014,LSO,Industrial Equipment & Technology,653.609826,Africa,Lesotho
2014,LSO,Textile & Apparel Manufacturing,292458.618658,Africa,Lesotho
2014,MAR,Agricultural & Foods,137622.880357,Africa,Morocco
2014,MAR,Art & Collectibles,1909.827354,Africa,Morocco
2014,MAR,Base Metals,89825.227876,Africa,Morocco
2014,MAR,Chemical & Pharmaceutical,323552.560046,Africa,Morocco
2014,MAR,Consumer Goods & Crafts,31190.136703,Africa,Morocco
2014,MAR,Energy & Minerals,180968.205697,Africa,Morocco
2014,MAR,Industrial Equipment & Technology,233494.810402,Africa,Morocco
2014,MAR,Textile & Apparel Manufacturing,156782.579389,Africa,Morocco
2014,MDG,Agricultural & Foods,5131.011107,Africa,Madagascar
2014,MDG,Art & Collectibles,1268.853568,Africa,Madagascar
2014,MDG,Base Metals,98840.883203,Africa,Madagascar
2014,MDG,Chemical & Pharmaceutical,4450.755865,Africa,Madagascar
2014,MDG,Consumer Goods & Crafts,13169.48842,Africa,Madagascar
2014,MDG,Energy & Minerals,22477.031888,Africa,Madagascar
2014,MDG,Industrial Equipment & Technology,84769.715226,Africa,Madagascar
2014,MDG,Textile & Apparel Manufacturing,28038.178918,Africa,Madagascar
2014,MLI,Agricultural & Foods,1350.575365,Africa,Mali
2014,MLI,Art & Collectibles,2220.372536,Africa,Mali
2014,MLI,Base Metals,11.475702,Africa,Mali
2014,MLI,Consumer Goods & Crafts,362.342018,Africa,Mali
2014,MLI,Industrial Equipment & Technology,329.356464,Africa,Mali
2014,MLI,Textile & Apparel Manufacturing,100.41162,Africa,Mali
2014,MOZ,Agricultural & Foods,9405.706909,Africa,Mozambique
2014,MOZ,Art & Collectibles,89.552129,Africa,Mozambique
2014,MOZ,Base Metals,13484.592697,Africa,Mozambique
2014,MOZ,Chemical & Pharmaceutical,259.573287,Africa,Mozambique
2014,MOZ,Consumer Goods & Crafts,29394.293631,Africa,Mozambique
2014,MOZ,Energy & Minerals,35515.451281,Africa,Mozambique
2014,MOZ,Industrial Equipment & Technology,4001.364055,Africa,Mozambique
2014,MOZ,Textile & Apparel Manufacturing,187.388182,Africa,Mozambique
2014,MRT,Agricultural & Foods,1029.146136,Africa,Mauritania
2014,MRT,Art & Collectibles,9.696851,Africa,Mauritania
2014,MRT,Chemical & Pharmaceutical,604.832454,Africa,Mauritania
2014,MRT,Consumer Goods & Crafts,613.616529,Africa,Mauritania
2014,MRT,Energy & Minerals,109800.582077,Africa,Mauritania
2014,MRT,Industrial Equipment & Technology,149.789014,Africa,Mauritania
2014,MRT,Textile & Apparel Manufacturing,6.296816,Africa,Mauritania
2014,MUS,Agricultural & Foods,43307.680411,Africa,Mauritius
2014,MUS,Art & Collectibles,27.239076,Africa,Mauritius
2014,MUS,Base Metals,12.43409,Africa,Mauritius
2014,MUS,Chemical & Pharmaceutical,5643.069575,Africa,Mauritius
2014,MUS,Consumer Goods & Crafts,75747.464103,Africa,Mauritius
2014,MUS,Energy & Minerals,675.643742,Africa,Mauritius
2014,MUS,Industrial Equipment & Technology,13821.594917,Africa,Mauritius
2014,MUS,Textile & Apparel Manufacturing,202389.166916,Africa,Mauritius
2014,MWI,Agricultural & Foods,41805.752509,Africa,Malawi
2014,MWI,Art & Collectibles,11.356492,Africa,Malawi
2014,MWI,Base Metals,7539.710789,Africa,Malawi
2014,MWI,Chemical & Pharmaceutical,18.067996,Africa,Malawi
2014,MWI,Consumer Goods & Crafts,239.680554,Africa,Malawi
2014,MWI,Industrial Equipment & Technology,19369.908691,Africa,Malawi
2014,MWI,Textile & Apparel Manufacturing,9245.275019,Africa,Malawi
2014,NAM,Agricultural & Foods,163.833251,Africa,Namibia
2014,NAM,Art & Collectibles,378.010895,Africa,Namibia
2014,NAM,Base Metals,568.990623,Africa,Namibia
2014,NAM,Chemical & Pharmaceutical,6897.141742,Africa,Namibia
2014,NAM,Consumer Goods & Crafts,97259.210582,Africa,Namibia
2014,NAM,Energy & Minerals,137802.53707,Africa,Namibia
2014,NAM,Industrial Equipment & Technology,2177.624291,Africa,Namibia
2014,NAM,Textile & Apparel Manufacturing,413.687565,Africa,Namibia
2014,NER,Agricultural & Foods,53.991771,Africa,Niger
2014,NER,Art & Collectibles,358.365201,Africa,Niger
2014,NER,Base Metals,49.026007,Africa,Niger
2014,NER,Chemical & Pharmaceutical,178.740148,Africa,Niger
2014,NER,Consumer Goods & Crafts,1035.809847,Africa,Niger
2014,NER,Energy & Minerals,73324.455394,Africa,Niger
2014,NER,Industrial Equipment & Technology,7229.480625,Africa,Niger
2014,NER,Textile & Apparel Manufacturing,2515.025034,Africa,Niger
2014,NGA,Agricultural & Foods,22831.02873,Africa,Nigeria
2014,NGA,Art & Collectibles,2876.416516,Africa,Nigeria
2014,NGA,Base Metals,12814.187307,Africa,Nigeria
2014,NGA,Chemical & Pharmaceutical,32049.098362,Africa,Nigeria
2014,NGA,Consumer Goods & Crafts,3730.531677,Africa,Nigeria
2014,NGA,Energy & Minerals,1157479.913778,Africa,Nigeria
2014,NGA,Industrial Equipment & Technology,10502.422862,Africa,Nigeria
2014,NGA,Textile & Apparel Manufacturing,808.7162,Africa,Nigeria
2014,RWA,Agricultural & Foods,2025.231118,Africa,Rwanda
2014,RWA,Art & Collectibles,148.269382,Africa,Rwanda
2014,RWA,Base Metals,390.497575,Africa,Rwanda
2014,RWA,Chemical & Pharmaceutical,26.522369,Africa,Rwanda
2014,RWA,Consumer Goods & Crafts,1291.754687,Africa,Rwanda
2014,RWA,Energy & Minerals,15179.987465,Africa,Rwanda
2014,RWA,Industrial Equipment & Technology,30052.046573,Africa,Rwanda
2014,RWA,Textile & Apparel Manufacturing,311.001278,Africa,Rwanda
2014,SDN,Agricultural & Foods,10327.795093,Africa,Sudan
2014,SDN,Art & Collectibles,0.000794,Africa,Sudan
2014,SDN,Consumer Goods & Crafts,1.633237,Africa,Sudan
2014,SDN,Industrial Equipment & Technology,26.306463,Africa,Sudan
2014,SDN,Textile & Apparel Manufacturing,0.000794,Africa,Sudan
2014,SEN,Agricultural & Foods,631.982161,Africa,Senegal
2014,SEN,Art & Collectibles,255.11014,Africa,Senegal
2014,SEN,Base Metals,309.933664,Africa,Senegal
2014,SEN,Chemical & Pharmaceutical,3899.351981,Africa,Senegal
2014,SEN,Consumer Goods & Crafts,1262.318597,Africa,Senegal
2014,SEN,Energy & Minerals,2672.985994,Africa,Senegal
2014,SEN,Industrial Equipment & Technology,3195.213239,Africa,Senegal
2014,SEN,Textile & Apparel Manufacturing,25160.005509,Africa,Senegal
2014,SLE,Agricultural & Foods,332.050158,Africa,Sierra Leone
2014,SLE,Art & Collectibles,68.715998,Africa,Sierra Leone
2014,SLE,Base Metals,112.174423,Africa,Sierra Leone
2014,SLE,Chemical & Pharmaceutical,1139.10632,Africa,Sierra Leone
2014,SLE,Consumer Goods & Crafts,4990.234289,Africa,Sierra Leone
2014,SLE,Energy & Minerals,12790.711913,Africa,Sierra Leone
2014,SLE,Industrial Equipment & Technology,3278.741329,Africa,Sierra Leone
2014,SLE,Textile & Apparel Manufacturing,333.638131,Africa,Sierra Leone
2014,SOM,Agricultural & Foods,196.451929,Africa,Somalia
2014,SOM,Art & Collectibles,11.648301,Africa,Somalia
2014,SOM,Industrial Equipment & Technology,64.087075,Africa,Somalia
2014,SSD,Agricultural & Foods,19.396838,Africa,South Sudan
2014,SSD,Consumer Goods & Crafts,7.322718,Africa,South Sudan
2014,SSD,Industrial Equipment & Technology,6.454128,Africa,South Sudan
2014,STP,Agricultural & Foods,320.373479,Africa,Sao Tome and Principe
2014,STP,Art & Collectibles,11.811836,Africa,Sao Tome and Principe
2014,STP,Base Metals,13.760778,Africa,Sao Tome and Principe
2014,STP,Consumer Goods & Crafts,9.051207,Africa,Sao Tome and Principe
2014,STP,Industrial Equipment & Technology,1750.354909,Africa,Sao Tome and Principe
2014,SWZ,Agricultural & Foods,21319.621265,Africa,Eswatini
2014,SWZ,Art & Collectibles,366.262756,Africa,Eswatini
2014,SWZ,Base Metals,346.941379,Africa,Eswatini
2014,SWZ,Chemical & Pharmaceutical,484.233859,Africa,Eswatini
2014,SWZ,Consumer Goods & Crafts,219.794253,Africa,Eswatini
2014,SWZ,Energy & Minerals,60.024184,Africa,Eswatini
2014,SWZ,Industrial Equipment & Technology,1960.73838,Africa,Eswatini
2014,SWZ,Textile & Apparel Manufacturing,67045.773567,Africa,Eswatini
2014,SYC,Agricultural & Foods,7.680861,Africa,Seychelles
2014,SYC,Art & Collectibles,10.927756,Africa,Seychelles
2014,SYC,Base Metals,108.559867,Africa,Seychelles
2014,SYC,Chemical & Pharmaceutical,2320.881392,Africa,Seychelles
2014,SYC,Consumer Goods & Crafts,199.011929,Africa,Seychelles
2014,SYC,Industrial Equipment & Technology,4524.938475,Africa,Seychelles
2014,SYC,Textile & Apparel Manufacturing,130.664736,Africa,Seychelles
2014,TCD,Agricultural & Foods,9566.180387,Africa,Chad
2014,TCD,Art & Collectibles,5.306529,Africa,Chad
2014,TCD,Base Metals,5.431137,Africa,Chad
2014,TCD,Consumer Goods & Crafts,0.840215,Africa,Chad
2014,TCD,Energy & Minerals,2107585.295102,Africa,Chad
2014,TGO,Agricultural & Foods,3156.171308,Africa,Togo
2014,TGO,Art & Collectibles,2.745842,Africa,Togo
2014,TGO,Base Metals,1295.969619,Africa,Togo
2014,TGO,Chemical & Pharmaceutical,984.872395,Africa,Togo
2014,TGO,Consumer Goods & Crafts,517.188263,Africa,Togo
2014,TGO,Energy & Minerals,1543.499384,Africa,Togo
2014,TGO,Industrial Equipment & Technology,70.222481,Africa,Togo
2014,TGO,Textile & Apparel Manufacturing,3344.609782,Africa,Togo
2014,TUN,Agricultural & Foods,52661.568532,Africa,Tunisia
2014,TUN,Art & Collectibles,1127.362988,Africa,Tunisia
2014,TUN,Base Metals,29451.546953,Africa,Tunisia
2014,TUN,Chemical & Pharmaceutical,2926.29315,Africa,Tunisia
2014,TUN,Consumer Goods & Crafts,26629.973128,Africa,Tunisia
2014,TUN,Energy & Minerals,161094.48723,Africa,Tunisia
2014,TUN,Industrial Equipment & Technology,154790.955358,Africa,Tunisia
2014,TUN,Textile & Apparel Manufacturing,72130.262167,Africa,Tunisia
2014,TZA,Agricultural & Foods,16634.526646,Africa,Tanzania
2014,TZA,Art & Collectibles,471.526538,Africa,Tanzania
2014,TZA,Base Metals,4782.762134,Africa,Tanzania
2014,TZA,Chemical & Pharmaceutical,49239.303698,Africa,Tanzania
2014,TZA,Consumer Goods & Crafts,22523.170057,Africa,Tanzania
2014,TZA,Energy & Minerals,13.345719,Africa,Tanzania
2014,TZA,Industrial Equipment & Technology,43727.460736,Africa,Tanzania
2014,TZA,Textile & Apparel Manufacturing,29137.742486,Africa,Tanzania
2014,UGA,Agricultural & Foods,971.469351,Africa,Uganda
2014,UGA,Art & Collectibles,78.113422,Africa,Uganda
2014,UGA,Base Metals,62.192635,Africa,Uganda
2014,UGA,Chemical & Pharmaceutical,5795.994386,Africa,Uganda
2014,UGA,Consumer Goods & Crafts,949.070059,Africa,Uganda
2014,UGA,Energy & Minerals,641.842806,Africa,Uganda
2014,UGA,Industrial Equipment & Technology,44006.220853,Africa,Uganda
2014,UGA,Textile & Apparel Manufacturing,1716.720666,Africa,Uganda
2014,ZAF,Agricultural & Foods,166173.550869,Africa,South Africa
2014,ZAF,Art & Collectibles,21299.31083,Africa,South Africa
2014,ZAF,Base Metals,1599858.792693,Africa,South Africa
2014,ZAF,Chemical & Pharmaceutical,629703.223613,Africa,South Africa
2014,ZAF,Consumer Goods & Crafts,2517259.460211,Africa,South Africa
2014,ZAF,Energy & Minerals,879383.790933,Africa,South Africa
2014,ZAF,Industrial Equipment & Technology,1993946.267557,Africa,South Africa
2014,ZAF,Textile & Apparel Manufacturing,42486.44946,Africa,South Africa
2014,ZMB,Agricultural & Foods,252.092878,Africa,Zambia
2014,ZMB,Art & Collectibles,54.47305,Africa,Zambia
2014,ZMB,Base Metals,16527.420047,Africa,Zambia
2014,ZMB,Chemical & Pharmaceutical,137.201991,Africa,Zambia
2014,ZMB,Consumer Goods & Crafts,21807.018705,Africa,Zambia
2014,ZMB,Energy & Minerals,1572.388963,Africa,Zambia
2014,ZMB,Industrial Equipment & Technology,1597.101776,Africa,Zambia
2014,ZMB,Textile & Apparel Manufacturing,38.212267,Africa,Zambia
2014,ZWE,Agricultural & Foods,27451.497604,Africa,Zimbabwe
2014,ZWE,Art & Collectibles,3850.358884,Africa,Zimbabwe
2014,ZWE,Base Metals,53924.571778,Africa,Zimbabwe
2014,ZWE,Chemical & Pharmaceutical,22.216555,Africa,Zimbabwe
2014,ZWE,Consumer Goods & Crafts,3288.122224,Africa,Zimbabwe
2014,ZWE,Energy & Minerals,750.720675,Africa,Zimbabwe
2014,ZWE,Industrial Equipment & Technology,5475.01528,Africa,Zimbabwe
2014,ZWE,Textile & Apparel Manufacturing,789.656935,Africa,Zimbabwe
2015,AGO,Agricultural & Foods,21.375074,Africa,Angola
2015,AGO,Art & Collectibles,5.860796,Africa,Angola
2015,AGO,Base Metals,5613.433722,Africa,Angola
2015,AGO,Chemical & Pharmaceutical,966.609716,Africa,Angola
2015,AGO,Consumer Goods & Crafts,63392.48528,Africa,Angola
2015,AGO,Energy & Minerals,2443585.962436,Africa,Angola
2015,AGO,Industrial Equipment & Technology,69998.566491,Africa,Angola
2015,AGO,Textile & Apparel Manufacturing,142.349332,Africa,Angola
2015,BDI,Art & Collectibles,15.327449,Africa,Burundi
2015,BDI,Chemical & Pharmaceutical,29.898698,Africa,Burundi
2015,BDI,Consumer Goods & Crafts,86.712783,Africa,Burundi
2015,BDI,Industrial Equipment & Technology,11609.185739,Africa,Burundi
2015,BEN,Agricultural & Foods,150.093434,Africa,Benin
2015,BEN,Art & Collectibles,29.112631,Africa,Benin
2015,BEN,Base Metals,8433.867221,Africa,Benin
2015,BEN,Chemical & Pharmaceutical,187.873022,Africa,Benin
2015,BEN,Consumer Goods & Crafts,222.064272,Africa,Benin
2015,BEN,Energy & Minerals,191.166443,Africa,Benin
2015,BEN,Industrial Equipment & Technology,160.106017,Africa,Benin
2015,BEN,Textile & Apparel Manufacturing,58.197229,Africa,Benin
2015,BFA,Agricultural & Foods,815.474035,Africa,Burkina Faso
2015,BFA,Art & Collectibles,212.093503,Africa,Burkina Faso
2015,BFA,Base Metals,319.473585,Africa,Burkina Faso
2015,BFA,Chemical & Pharmaceutical,23.459941,Africa,Burkina Faso
2015,BFA,Consumer Goods & Crafts,328.012305,Africa,Burkina Faso
2015,BFA,Energy & Minerals,391.333316,Africa,Burkina Faso
2015,BFA,Industrial Equipment & Technology,650.171839,Africa,Burkina Faso
2015,BFA,Textile & Apparel Manufacturing,235.31815,Africa,Burkina Faso
2015,BWA,Agricultural & Foods,0.846653,Africa,Botswana
2015,BWA,Art & Collectibles,89.735272,Africa,Botswana
2015,BWA,Base Metals,52.515736,Africa,Botswana
2015,BWA,Chemical & Pharmaceutical,87.164324,Africa,Botswana
2015,BWA,Consumer Goods & Crafts,187993.404471,Africa,Botswana
2015,BWA,Energy & Minerals,35.234051,Africa,Botswana
2015,BWA,Industrial Equipment & Technology,10154.273021,Africa,Botswana
2015,BWA,Textile & Apparel Manufacturing,19458.629137,Africa,Botswana
2015,CAF,Agricultural & Foods,515.2901,Africa,Central African Republic
2015,CAF,Art & Collectibles,99.358655,Africa,Central African Republic
2015,CAF,Base Metals,6.528365,Africa,Central African Republic
2015,CAF,Consumer Goods & Crafts,580.098101,Africa,Central African Republic
2015,CAF,Industrial Equipment & Technology,476.55945,Africa,Central African Republic
2015,CAF,Textile & Apparel Manufacturing,4.298287,Africa,Central African Republic
2015,CIV,Agricultural & Foods,1149080.801911,Africa,Côte d'Ivoire
2015,CIV,Art & Collectibles,2607.601064,Africa,Côte d'Ivoire
2015,CIV,Base Metals,32128.941209,Africa,Côte d'Ivoire
2015,CIV,Chemical & Pharmaceutical,70346.34517,Africa,Côte d'Ivoire
2015,CIV,Consumer Goods & Crafts,13186.587222,Africa,Côte d'Ivoire
2015,CIV,Energy & Minerals,15115.641727,Africa,Côte d'Ivoire
2015,CIV,Industrial Equipment & Technology,10373.27691,Africa,Côte d'Ivoire
2015,CIV,Textile & Apparel Manufacturing,1968.021691,Africa,Côte d'Ivoire
2015,CMR,Agricultural & Foods,22969.410205,Africa,Cameroon
2015,CMR,Art & Collectibles,5993.888872,Africa,Cameroon
2015,CMR,Base Metals,2399.945529,Africa,Cameroon
2015,CMR,Chemical & Pharmaceutical,15252.967722,Africa,Cameroon
2015,CMR,Consumer Goods & Crafts,29452.899029,Africa,Cameroon
2015,CMR,Energy & Minerals,65540.680342,Africa,Cameroon
2015,CMR,Industrial Equipment & Technology,14582.545757,Africa,Cameroon
2015,CMR,Textile & Apparel Manufacturing,1969.739118,Africa,Cameroon
2015,COD,Agricultural & Foods,4717.694092,Africa,DR Congo
2015,COD,Art & Collectibles,9458.063204,Africa,DR Congo
2015,COD,Base Metals,162639.405141,Africa,DR Congo
2015,COD,Chemical & Pharmaceutical,420.169026,Africa,DR Congo
2015,COD,Consumer Goods & Crafts,6103.586061,Africa,DR Congo
2015,COD,Energy & Minerals,2672.547113,Africa,DR Congo
2015,COD,Industrial Equipment & Technology,9300.900812,Africa,DR Congo
2015,COD,Textile & Apparel Manufacturing,25.211943,Africa,DR Congo
2015,COG,Agricultural & Foods,3543.370364,Africa,Congo Republic
2015,COG,Art & Collectibles,647.69097,Africa,Congo Republic
2015,COG,Base Metals,4376.046076,Africa,Congo Republic
2015,COG,Chemical & Pharmaceutical,38.513468,Africa,Congo Republic
2015,COG,Consumer Goods & Crafts,32436.494199,Africa,Congo Republic
2015,COG,Energy & Minerals,388974.657736,Africa,Congo Republic
2015,COG,Industrial Equipment & Technology,69827.258765,Africa,Congo Republic
2015,COG,Textile & Apparel Manufacturing,7.41084,Africa,Congo Republic
2015,COM,Art & Collectibles,30.300172,Africa,Comoros
2015,COM,Chemical & Pharmaceutical,17.917109,Africa,Comoros
2015,COM,Industrial Equipment & Technology,1381.848544,Africa,Comoros
2015,COM,Textile & Apparel Manufacturing,41.835861,Africa,Comoros
2015,CPV,Agricultural & Foods,1555.416958,Africa,Cabo Verde
2015,CPV,Base Metals,5.112924,Africa,Cabo Verde
2015,CPV,Chemical & Pharmaceutical,14.227471,Africa,Cabo Verde
2015,CPV,Consumer Goods & Crafts,88.131407,Africa,Cabo Verde
2015,CPV,Energy & Minerals,0.064203,Africa,Cabo Verde
2015,CPV,Industrial Equipment & Technology,462.799032,Africa,Cabo Verde
2015,CPV,Textile & Apparel Manufacturing,187.048983,Africa,Cabo Verde
2015,DJI,Agricultural & Foods,674.286728,Africa,Djibouti
2015,DJI,Base Metals,372.894908,Africa,Djibouti
2015,DJI,Consumer Goods & Crafts,44.767169,Africa,Djibouti
2015,DJI,Energy & Minerals,31.796546,Africa,Djibouti
2015,DJI,Industrial Equipment & Technology,1372.065909,Africa,Djibouti
2015,DJI,Textile & Apparel Manufacturing,66.448939,Africa,Djibouti
2015,DZA,Agricultural & Foods,1.966336,Africa,Algeria
2015,DZA,Art & Collectibles,40.156691,Africa,Algeria
2015,DZA,Base Metals,3533.224259,Africa,Algeria
2015,DZA,Chemical & Pharmaceutical,76148.871281,Africa,Algeria
2015,DZA,Consumer Goods & Crafts,162.803005,Africa,Algeria
2015,DZA,Energy & Minerals,3572331.365327,Africa,Algeria
2015,DZA,Industrial Equipment & Technology,5365.882371,Africa,Algeria
2015,DZA,Textile & Apparel Manufacturing,0.343807,Africa,Algeria
2015,EGY,Agricultural & Foods,51439.843592,Africa,Egypt
2015,EGY,Art & Collectibles,19999.258082,Africa,Egypt
2015,EGY,Base Metals,22737.558611,Africa,Egypt
2015,EGY,Chemical & Pharmaceutical,60151.763997,Africa,Egypt
2015,EGY,Consumer Goods & Crafts,60550.358802,Africa,Egypt
2015,EGY,Energy & Minerals,56587.826443,Africa,Egypt
2015,EGY,Industrial Equipment & Technology,18021.879823,Africa,Egypt
2015,EGY,Textile & Apparel Manufacturing,963588.703302,Africa,Egypt
2015,ERI,Agricultural & Foods,,Africa,Eritrea
2015,ERI,Art & Collectibles,,Africa,Eritrea
2015,ERI,Base Metals,,Africa,Eritrea
2015,ERI,Chemical & Pharmaceutical,,Africa,Eritrea
2015,ERI,Industrial Equipment & Technology,,Africa,Eritrea
2015,ERI,Textile & Apparel Manufacturing,,Africa,Eritrea
2015,ETH,Agricultural & Foods,30096.802701,Africa,Ethiopia
2015,ETH,Art & Collectibles,139.393024,Africa,Ethiopia
2015,ETH,Base Metals,212.599115,Africa,Ethiopia
2015,ETH,Chemical & Pharmaceutical,246.438955,Africa,Ethiopia
2015,ETH,Consumer Goods & Crafts,13062.171184,Africa,Ethiopia
2015,ETH,Energy & Minerals,16.850854,Africa,Ethiopia
2015,ETH,Industrial Equipment & Technology,179101.273596,Africa,Ethiopia
2015,ETH,Textile & Apparel Manufacturing,75460.559442,Africa,Ethiopia
2015,GAB,Agricultural & Foods,2.986993,Africa,Gabon
2015,GAB,Art & Collectibles,4144.833951,Africa,Gabon
2015,GAB,Base Metals,16600.129108,Africa,Gabon
2015,GAB,Chemical & Pharmaceutical,4375.058772,Africa,Gabon
2015,GAB,Consumer Goods & Crafts,7333.445739,Africa,Gabon
2015,GAB,Energy & Minerals,407099.955127,Africa,Gabon
2015,GAB,Industrial Equipment & Technology,159830.330467,Africa,Gabon
2015,GAB,Textile & Apparel Manufacturing,429.64705,Africa,Gabon
2015,GHA,Agricultural & Foods,267838.506096,Africa,Ghana
2015,GHA,Art & Collectibles,2626.243355,Africa,Ghana
2015,GHA,Base Metals,10850.554463,Africa,Ghana
2015,GHA,Chemical & Pharmaceutical,3793.554782,Africa,Ghana
2015,GHA,Consumer Goods & Crafts,53279.247009,Africa,Ghana
2015,GHA,Energy & Minerals,9460.31568,Africa,Ghana
2015,GHA,Industrial Equipment & Technology,3937.708965,Africa,Ghana
2015,GHA,Textile & Apparel Manufacturing,11323.38165,Africa,Ghana
2015,GIN,Agricultural & Foods,4985.201514,Africa,Guinea
2015,GIN,Art & Collectibles,59.424104,Africa,Guinea
2015,GIN,Base Metals,251.257413,Africa,Guinea
2015,GIN,Chemical & Pharmaceutical,730.568658,Africa,Guinea
2015,GIN,Consumer Goods & Crafts,1823.951712,Africa,Guinea
2015,GIN,Energy & Minerals,157755.599914,Africa,Guinea
2015,GIN,Industrial Equipment & Technology,5314.855096,Africa,Guinea
2015,GIN,Textile & Apparel Manufacturing,41.366542,Africa,Guinea
2015,GMB,Agricultural & Foods,92.148001,Africa,Gambia
2015,GMB,Art & Collectibles,16.625842,Africa,Gambia
2015,GMB,Base Metals,113.824599,Africa,Gambia
2015,GMB,Chemical & Pharmaceutical,206.512794,Africa,Gambia
2015,GMB,Consumer Goods & Crafts,243.150317,Africa,Gambia
2015,GMB,Industrial Equipment & Technology,346.26554,Africa,Gambia
2015,GMB,Textile & Apparel Manufacturing,40.281207,Africa,Gambia
2015,GNB,Art & Collectibles,4.492082,Africa,Guinea-Bissau
2015,GNB,Base Metals,14.107587,Africa,Guinea-Bissau
2015,GNB,Industrial Equipment & Technology,7.794183,Africa,Guinea-Bissau
2015,GNQ,Agricultural & Foods,8.752799,Africa,Equatorial Guinea
2015,GNQ,Chemical & Pharmaceutical,121176.520393,Africa,Equatorial Guinea
2015,GNQ,Consumer Goods & Crafts,140.922735,Africa,Equatorial Guinea
2015,GNQ,Energy & Minerals,106853.715027,Africa,Equatorial Guinea
2015,GNQ,Industrial Equipment & Technology,176.221675,Africa,Equatorial Guinea
2015,KEN,Agricultural & Foods,32082.264927,Africa,Kenya
2015,KEN,Art & Collectibles,1553.639585,Africa,Kenya
2015,KEN,Base Metals,47710.555137,Africa,Kenya
2015,KEN,Chemical & Pharmaceutical,8488.351771,Africa,Kenya
2015,KEN,Consumer Goods & Crafts,9413.389831,Africa,Kenya
2015,KEN,Energy & Minerals,23606.46104,Africa,Kenya
2015,KEN,Industrial Equipment & Technology,65435.450745,Africa,Kenya
2015,KEN,Textile & Apparel Manufacturing,470199.084665,Africa,Kenya
2015,LBR,Agricultural & Foods,696.763338,Africa,Liberia
2015,LBR,Art & Collectibles,16.029903,Africa,Liberia
2015,LBR,Base Metals,10.970925,Africa,Liberia
2015,LBR,Chemical & Pharmaceutical,57835.321075,Africa,Liberia
2015,LBR,Consumer Goods & Crafts,3665.810237,Africa,Liberia
2015,LBR,Energy & Minerals,20.721223,Africa,Liberia
2015,LBR,Industrial Equipment & Technology,478.048077,Africa,Liberia
2015,LBR,Textile & Apparel Manufacturing,13.057887,Africa,Liberia
2015,LBY,Art & Collectibles,28.671672,Africa,Libya
2015,LBY,Base Metals,17.717217,Africa,Libya
2015,LBY,Chemical & Pharmaceutical,20484.77129,Africa,Libya
2015,LBY,Consumer Goods & Crafts,9.754625,Africa,Libya
2015,LBY,Energy & Minerals,120878.032292,Africa,Libya
2015,LBY,Industrial Equipment & Technology,2.592492,Africa,Libya
2015,LBY,Textile & Apparel Manufacturing,0.243394,Africa,Libya
2015,LSO,Chemical & Pharmaceutical,184.340913,Africa,Lesotho
2015,LSO,Consumer Goods & Crafts,37260.252592,Africa,Lesotho
2015,LSO,Industrial Equipment & Technology,645.218824,Africa,Lesotho
2015,LSO,Textile & Apparel Manufacturing,306114.40689,Africa,Lesotho
2015,MAR,Agricultural & Foods,153624.484616,Africa,Morocco
2015,MAR,Art & Collectibles,2075.568858,Africa,Morocco
2015,MAR,Base Metals,76457.062918,Africa,Morocco
2015,MAR,Chemical & Pharmaceutical,361471.218834,Africa,Morocco
2015,MAR,Consumer Goods & Crafts,24009.492516,Africa,Morocco
2015,MAR,Energy & Minerals,219468.183554,Africa,Morocco
2015,MAR,Industrial Equipment & Technology,275562.271418,Africa,Morocco
2015,MAR,Textile & Apparel Manufacturing,182242.867628,Africa,Morocco
2015,MDG,Agricultural & Foods,6791.388036,Africa,Madagascar
2015,MDG,Art & Collectibles,1273.958798,Africa,Madagascar
2015,MDG,Base Metals,135842.571394,Africa,Madagascar
2015,MDG,Chemical & Pharmaceutical,3358.264187,Africa,Madagascar
2015,MDG,Consumer Goods & Crafts,18533.717293,Africa,Madagascar
2015,MDG,Energy & Minerals,2279.910429,Africa,Madagascar
2015,MDG,Industrial Equipment & Technology,133424.417011,Africa,Madagascar
2015,MDG,Textile & Apparel Manufacturing,66532.042172,Africa,Madagascar
2015,MLI,Agricultural & Foods,1151.550495,Africa,Mali
2015,MLI,Art & Collectibles,996.39202,Africa,Mali
2015,MLI,Base Metals,620.70358,Africa,Mali
2015,MLI,Chemical & Pharmaceutical,9.129231,Africa,Mali
2015,MLI,Consumer Goods & Crafts,366.660125,Africa,Mali
2015,MLI,Industrial Equipment & Technology,1276.177287,Africa,Mali
2015,MLI,Textile & Apparel Manufacturing,155.848063,Africa,Mali
2015,MOZ,Agricultural & Foods,11033.537781,Africa,Mozambique
2015,MOZ,Art & Collectibles,42.173737,Africa,Mozambique
2015,MOZ,Base Metals,24988.076855,Africa,Mozambique
2015,MOZ,Chemical & Pharmaceutical,128.656027,Africa,Mozambique
2015,MOZ,Consumer Goods & Crafts,24796.598245,Africa,Mozambique
2015,MOZ,Energy & Minerals,50015.751356,Africa,Mozambique
2015,MOZ,Industrial Equipment & Technology,15804.637749,Africa,Mozambique
2015,MOZ,Textile & Apparel Manufacturing,86.599385,Africa,Mozambique
2015,MRT,Agricultural & Foods,479.306001,Africa,Mauritania
2015,MRT,Chemical & Pharmaceutical,478.245209,Africa,Mauritania
2015,MRT,Consumer Goods & Crafts,69.446073,Africa,Mauritania
2015,MRT,Energy & Minerals,15.164431,Africa,Mauritania
2015,MRT,Industrial Equipment & Technology,201.921868,Africa,Mauritania
2015,MRT,Textile & Apparel Manufacturing,18.748225,Africa,Mauritania
2015,MUS,Agricultural & Foods,46943.411329,Africa,Mauritius
2015,MUS,Art & Collectibles,83.797168,Africa,Mauritius
2015,MUS,Base Metals,519.175733,Africa,Mauritius
2015,MUS,Chemical & Pharmaceutical,6245.022223,Africa,Mauritius
2015,MUS,Consumer Goods & Crafts,86698.691539,Africa,Mauritius
2015,MUS,Industrial Equipment & Technology,20543.80059,Africa,Mauritius
2015,MUS,Textile & Apparel Manufacturing,219895.884642,Africa,Mauritius
2015,MWI,Agricultural & Foods,36818.866145,Africa,Malawi
2015,MWI,Art & Collectibles,0.763418,Africa,Malawi
2015,MWI,Base Metals,11293.839657,Africa,Malawi
2015,MWI,Chemical & Pharmaceutical,93.350312,Africa,Malawi
2015,MWI,Consumer Goods & Crafts,612.157857,Africa,Malawi
2015,MWI,Energy & Minerals,220.664116,Africa,Malawi
2015,MWI,Industrial Equipment & Technology,12121.474435,Africa,Malawi
2015,MWI,Textile & Apparel Manufacturing,14963.156776,Africa,Malawi
2015,NAM,Agricultural & Foods,182.760328,Africa,Namibia
2015,NAM,Art & Collectibles,234.803714,Africa,Namibia
2015,NAM,Base Metals,164.432326,Africa,Namibia
2015,NAM,Chemical & Pharmaceutical,421.629593,Africa,Namibia
2015,NAM,Consumer Goods & Crafts,45682.403528,Africa,Namibia
2015,NAM,Energy & Minerals,42980.846419,Africa,Namibia
2015,NAM,Industrial Equipment & Technology,3270.595683,Africa,Namibia
2015,NAM,Textile & Apparel Manufacturing,833.493202,Africa,Namibia
2015,NER,Agricultural & Foods,455.576724,Africa,Niger
2015,NER,Art & Collectibles,45.159778,Africa,Niger
2015,NER,Base Metals,49.117868,Africa,Niger
2015,NER,Chemical & Pharmaceutical,69.638347,Africa,Niger
2015,NER,Consumer Goods & Crafts,105.539677,Africa,Niger
2015,NER,Energy & Minerals,141129.526749,Africa,Niger
2015,NER,Industrial Equipment & Technology,32164.702207,Africa,Niger
2015,NER,Textile & Apparel Manufacturing,1959.186162,Africa,Niger
2015,NGA,Agricultural & Foods,9748.061244,Africa,Nigeria
2015,NGA,Art & Collectibles,2869.568412,Africa,Nigeria
2015,NGA,Base Metals,1145.93953,Africa,Nigeria
2015,NGA,Chemical & Pharmaceutical,5030.043451,Africa,Nigeria
2015,NGA,Consumer Goods & Crafts,4745.149152,Africa,Nigeria
2015,NGA,Energy & Minerals,681910.622256,Africa,Nigeria
2015,NGA,Industrial Equipment & Technology,215338.252103,Africa,Nigeria
2015,NGA,Textile & Apparel Manufacturing,2269.86873,Africa,Nigeria
2015,RWA,Agricultural & Foods,4367.294564,Africa,Rwanda
2015,RWA,Art & Collectibles,291.728396,Africa,Rwanda
2015,RWA,Base Metals,277.237118,Africa,Rwanda
2015,RWA,Chemical & Pharmaceutical,117.281413,Africa,Rwanda
2015,RWA,Consumer Goods & Crafts,1340.937938,Africa,Rwanda
2015,RWA,Energy & Minerals,11348.074382,Africa,Rwanda
2015,RWA,Industrial Equipment & Technology,25503.820592,Africa,Rwanda
2015,RWA,Textile & Apparel Manufacturing,492.587622,Africa,Rwanda
2015,SDN,Agricultural & Foods,7986.19208,Africa,Sudan
2015,SDN,Industrial Equipment & Technology,49.899965,Africa,Sudan
2015,SEN,Agricultural & Foods,2076.720553,Africa,Senegal
2015,SEN,Art & Collectibles,318.905574,Africa,Senegal
2015,SEN,Base Metals,677.392633,Africa,Senegal
2015,SEN,Chemical & Pharmaceutical,2828.932934,Africa,Senegal
2015,SEN,Consumer Goods & Crafts,1505.430831,Africa,Senegal
2015,SEN,Energy & Minerals,47686.365401,Africa,Senegal
2015,SEN,Industrial Equipment & Technology,3041.184486,Africa,Senegal
2015,SEN,Textile & Apparel Manufacturing,37768.453654,Africa,Senegal
2015,SLE,Agricultural & Foods,545.63024,Africa,Sierra Leone
2015,SLE,Art & Collectibles,74.061783,Africa,Sierra Leone
2015,SLE,Base Metals,172.598037,Africa,Sierra Leone
2015,SLE,Chemical & Pharmaceutical,870.318914,Africa,Sierra Leone
2015,SLE,Consumer Goods & Crafts,3581.734906,Africa,Sierra Leone
2015,SLE,Energy & Minerals,19935.377078,Africa,Sierra Leone
2015,SLE,Industrial Equipment & Technology,3384.604364,Africa,Sierra Leone
2015,SLE,Textile & Apparel Manufacturing,124.528199,Africa,Sierra Leone
2015,SOM,Agricultural & Foods,1078.224324,Africa,Somalia
2015,SOM,Art & Collectibles,11.255547,Africa,Somalia
2015,SOM,Consumer Goods & Crafts,7.034365,Africa,Somalia
2015,SOM,Industrial Equipment & Technology,46.928121,Africa,Somalia
2015,SOM,Textile & Apparel Manufacturing,8.974055,Africa,Somalia
2015,SSD,Agricultural & Foods,1.618483,Africa,South Sudan
2015,SSD,Chemical & Pharmaceutical,7.612345,Africa,South Sudan
2015,SSD,Industrial Equipment & Technology,20.701971,Africa,South Sudan
2015,STP,Agricultural & Foods,175.220045,Africa,Sao Tome and Principe
2015,STP,Base Metals,40.718929,Africa,Sao Tome and Principe
2015,STP,Consumer Goods & Crafts,29.502845,Africa,Sao Tome and Principe
2015,STP,Industrial Equipment & Technology,1454.601544,Africa,Sao Tome and Principe
2015,SWZ,Agricultural & Foods,15107.51018,Africa,Eswatini
2015,SWZ,Art & Collectibles,227.522692,Africa,Eswatini
2015,SWZ,Base Metals,277.546552,Africa,Eswatini
2015,SWZ,Chemical & Pharmaceutical,299.311756,Africa,Eswatini
2015,SWZ,Consumer Goods & Crafts,259.765415,Africa,Eswatini
2015,SWZ,Energy & Minerals,0.004046,Africa,Eswatini
2015,SWZ,Industrial Equipment & Technology,2611.802192,Africa,Eswatini
2015,SWZ,Textile & Apparel Manufacturing,3486.820224,Africa,Eswatini
2015,SYC,Agricultural & Foods,0.848066,Africa,Seychelles
2015,SYC,Art & Collectibles,4.410605,Africa,Seychelles
2015,SYC,Base Metals,335.438142,Africa,Seychelles
2015,SYC,Chemical & Pharmaceutical,672.826725,Africa,Seychelles
2015,SYC,Consumer Goods & Crafts,1512.056748,Africa,Seychelles
2015,SYC,Energy & Minerals,14.276692,Africa,Seychelles
2015,SYC,Industrial Equipment & Technology,9263.813133,Africa,Seychelles
2015,SYC,Textile & Apparel Manufacturing,169.530194,Africa,Seychelles
2015,TCD,Agricultural & Foods,12806.875097,Africa,Chad
2015,TCD,Art & Collectibles,15228.108,Africa,Chad
2015,TCD,Consumer Goods & Crafts,18.143604,Africa,Chad
2015,TCD,Energy & Minerals,1530237.895481,Africa,Chad
2015,TCD,Industrial Equipment & Technology,33.210738,Africa,Chad
2015,TCD,Textile & Apparel Manufacturing,1.021287,Africa,Chad
2015,TGO,Agricultural & Foods,1424.844336,Africa,Togo
2015,TGO,Art & Collectibles,341.664387,Africa,Togo
2015,TGO,Base Metals,2709.498682,Africa,Togo
2015,TGO,Chemical & Pharmaceutical,1297.356828,Africa,Togo
2015,TGO,Consumer Goods & Crafts,486.089725,Africa,Togo
2015,TGO,Energy & Minerals,1451.359745,Africa,Togo
2015,TGO,Industrial Equipment & Technology,325.381435,Africa,Togo
2015,TGO,Textile & Apparel Manufacturing,9454.576119,Africa,Togo
2015,TUN,Agricultural & Foods,208894.031446,Africa,Tunisia
2015,TUN,Art & Collectibles,462.061673,Africa,Tunisia
2015,TUN,Base Metals,43866.047863,Africa,Tunisia
2015,TUN,Chemical & Pharmaceutical,3932.775381,Africa,Tunisia
2015,TUN,Consumer Goods & Crafts,28339.957226,Africa,Tunisia
2015,TUN,Energy & Minerals,34217.626169,Africa,Tunisia
2015,TUN,Industrial Equipment & Technology,170109.977342,Africa,Tunisia
2015,TUN,Textile & Apparel Manufacturing,74435.565662,Africa,Tunisia
2015,TZA,Agricultural & Foods,18022.691691,Africa,Tanzania
2015,TZA,Art & Collectibles,546.210608,Africa,Tanzania
2015,TZA,Base Metals,4274.16589,Africa,Tanzania
2015,TZA,Chemical & Pharmaceutical,1632.2965,Africa,Tanzania
2015,TZA,Consumer Goods & Crafts,24991.863181,Africa,Tanzania
2015,TZA,Energy & Minerals,843.784655,Africa,Tanzania
2015,TZA,Industrial Equipment & Technology,32448.225622,Africa,Tanzania
2015,TZA,Textile & Apparel Manufacturing,28659.281146,Africa,Tanzania
2015,UGA,Agricultural & Foods,1547.428766,Africa,Uganda
2015,UGA,Art & Collectibles,103.085802,Africa,Uganda
2015,UGA,Base Metals,1095.089565,Africa,Uganda
2015,UGA,Chemical & Pharmaceutical,11467.819153,Africa,Uganda
2015,UGA,Consumer Goods & Crafts,861.795841,Africa,Uganda
2015,UGA,Energy & Minerals,382.373716,Africa,Uganda
2015,UGA,Industrial Equipment & Technology,43395.322058,Africa,Uganda
2015,UGA,Textile & Apparel Manufacturing,1957.866561,Africa,Uganda
2015,ZAF,Agricultural & Foods,153391.293974,Africa,South Africa
2015,ZAF,Art & Collectibles,40638.758121,Africa,South Africa
2015,ZAF,Base Metals,1218056.945176,Africa,South Africa
2015,ZAF,Chemical & Pharmaceutical,621848.942941,Africa,South Africa
2015,ZAF,Consumer Goods & Crafts,2415764.343093,Africa,South Africa
2015,ZAF,Energy & Minerals,772438.116986,Africa,South Africa
2015,ZAF,Industrial Equipment & Technology,2422983.875111,Africa,South Africa
2015,ZAF,Textile & Apparel Manufacturing,46723.915027,Africa,South Africa
2015,ZMB,Agricultural & Foods,335.416119,Africa,Zambia
2015,ZMB,Art & Collectibles,64.975791,Africa,Zambia
2015,ZMB,Base Metals,10482.12893,Africa,Zambia
2015,ZMB,Chemical & Pharmaceutical,32.420276,Africa,Zambia
2015,ZMB,Consumer Goods & Crafts,31713.447905,Africa,Zambia
2015,ZMB,Energy & Minerals,38.894962,Africa,Zambia
2015,ZMB,Industrial Equipment & Technology,716.67036,Africa,Zambia
2015,ZMB,Textile & Apparel Manufacturing,32.745557,Africa,Zambia
2015,ZWE,Agricultural & Foods,23078.778137,Africa,Zimbabwe
2015,ZWE,Art & Collectibles,2757.455391,Africa,Zimbabwe
2015,ZWE,Base Metals,64954.901022,Africa,Zimbabwe
2015,ZWE,Chemical & Pharmaceutical,107.177828,Africa,Zimbabwe
2015,ZWE,Consumer Goods & Crafts,2915.946851,Africa,Zimbabwe
2015,ZWE,Energy & Minerals,1033.078574,Africa,Zimbabwe
2015,ZWE,Industrial Equipment & Technology,4577.290894,Africa,Zimbabwe
2015,ZWE,Textile & Apparel Manufacturing,673.999609,Africa,Zimbabwe
2016,AGO,Agricultural & Foods,3.028126,Africa,Angola
2016,AGO,Art & Collectibles,17.981703,Africa,Angola
2016,AGO,Base Metals,16656.570117,Africa,Angola
2016,AGO,Chemical & Pharmaceutical,1296.560753,Africa,Angola
2016,AGO,Consumer Goods & Crafts,225215.094199,Africa,Angola
2016,AGO,Energy & Minerals,2465874.939746,Africa,Angola
2016,AGO,Industrial Equipment & Technology,66385.573589,Africa,Angola
2016,AGO,Textile & Apparel Manufacturing,47.173101,Africa,Angola
2016,BDI,Art & Collectibles,22.082925,Africa,Burundi
2016,BDI,Chemical & Pharmaceutical,13.710252,Africa,Burundi
2016,BDI,Consumer Goods & Crafts,22.389923,Africa,Burundi
2016,BDI,Energy & Minerals,1845.064995,Africa,Burundi
2016,BDI,Industrial Equipment & Technology,8896.05287,Africa,Burundi
2016,BDI,Textile & Apparel Manufacturing,49.327602,Africa,Burundi
2016,BEN,Agricultural & Foods,201.018697,Africa,Benin
2016,BEN,Art & Collectibles,34.314463,Africa,Benin
2016,BEN,Base Metals,11316.655631,Africa,Benin
2016,BEN,Chemical & Pharmaceutical,168.728972,Africa,Benin
2016,BEN,Consumer Goods & Crafts,255.832942,Africa,Benin
2016,BEN,Energy & Minerals,666.620378,Africa,Benin
2016,BEN,Industrial Equipment & Technology,488.713633,Africa,Benin
2016,BEN,Textile & Apparel Manufacturing,19.324919,Africa,Benin
2016,BFA,Agricultural & Foods,381.541433,Africa,Burkina Faso
2016,BFA,Art & Collectibles,27.623927,Africa,Burkina Faso
2016,BFA,Base Metals,2803.350447,Africa,Burkina Faso
2016,BFA,Chemical & Pharmaceutical,4.004797,Africa,Burkina Faso
2016,BFA,Consumer Goods & Crafts,55.441371,Africa,Burkina Faso
2016,BFA,Energy & Minerals,84.187445,Africa,Burkina Faso
2016,BFA,Industrial Equipment & Technology,783.745206,Africa,Burkina Faso
2016,BFA,Textile & Apparel Manufacturing,97.008576,Africa,Burkina Faso
2016,BWA,Agricultural & Foods,0.369335,Africa,Botswana
2016,BWA,Art & Collectibles,51.210884,Africa,Botswana
2016,BWA,Base Metals,31.052865,Africa,Botswana
2016,BWA,Chemical & Pharmaceutical,222.744034,Africa,Botswana
2016,BWA,Consumer Goods & Crafts,392949.83935,Africa,Botswana
2016,BWA,Energy & Minerals,5.492126,Africa,Botswana
2016,BWA,Industrial Equipment & Technology,4495.824702,Africa,Botswana
2016,BWA,Textile & Apparel Manufacturing,10322.261728,Africa,Botswana
2016,CAF,Agricultural & Foods,543.766274,Africa,Central African Republic
2016,CAF,Art & Collectibles,57.643055,Africa,Central African Republic
2016,CAF,Base Metals,72.417602,Africa,Central African Republic
2016,CAF,Chemical & Pharmaceutical,50.342992,Africa,Central African Republic
2016,CAF,Consumer Goods & Crafts,234.665622,Africa,Central African Republic
2016,CAF,Industrial Equipment & Technology,198.018939,Africa,Central African Republic
2016,CIV,Agricultural & Foods,1288755.483343,Africa,Côte d'Ivoire
2016,CIV,Art & Collectibles,18174.669497,Africa,Côte d'Ivoire
2016,CIV,Base Metals,25117.593671,Africa,Côte d'Ivoire
2016,CIV,Chemical & Pharmaceutical,92724.988165,Africa,Côte d'Ivoire
2016,CIV,Consumer Goods & Crafts,8449.268287,Africa,Côte d'Ivoire
2016,CIV,Energy & Minerals,15016.650762,Africa,Côte d'Ivoire
2016,CIV,Industrial Equipment & Technology,5326.281965,Africa,Côte d'Ivoire
2016,CIV,Textile & Apparel Manufacturing,1924.005574,Africa,Côte d'Ivoire
2016,CMR,Agricultural & Foods,31098.630715,Africa,Cameroon
2016,CMR,Art & Collectibles,6744.406207,Africa,Cameroon
2016,CMR,Base Metals,867.498665,Africa,Cameroon
2016,CMR,Chemical & Pharmaceutical,13246.451291,Africa,Cameroon
2016,CMR,Consumer Goods & Crafts,35993.840273,Africa,Cameroon
2016,CMR,Energy & Minerals,119782.164396,Africa,Cameroon
2016,CMR,Industrial Equipment & Technology,13967.132109,Africa,Cameroon
2016,CMR,Textile & Apparel Manufacturing,837.321725,Africa,Cameroon
2016,COD,Agricultural & Foods,6751.369085,Africa,DR Congo
2016,COD,Art & Collectibles,10651.076647,Africa,DR Congo
2016,COD,Base Metals,137587.812592,Africa,DR Congo
2016,COD,Chemical & Pharmaceutical,609.4681,Africa,DR Congo
2016,COD,Consumer Goods & Crafts,18765.438468,Africa,DR Congo
2016,COD,Energy & Minerals,58169.799551,Africa,DR Congo
2016,COD,Industrial Equipment & Technology,4269.413063,Africa,DR Congo
2016,COD,Textile & Apparel Manufacturing,156.099847,Africa,DR Congo
2016,COG,Agricultural & Foods,2145.446557,Africa,Congo Republic
2016,COG,Art & Collectibles,1569.11171,Africa,Congo Republic
2016,COG,Base Metals,5777.842447,Africa,Congo Republic
2016,COG,Chemical & Pharmaceutical,37.262805,Africa,Congo Republic
2016,COG,Consumer Goods & Crafts,25701.544715,Africa,Congo Republic
2016,COG,Energy & Minerals,145904.357463,Africa,Congo Republic
2016,COG,Industrial Equipment & Technology,10690.993508,Africa,Congo Republic
2016,COG,Textile & Apparel Manufacturing,10.596195,Africa,Congo Republic
2016,COM,Art & Collectibles,9.362186,Africa,Comoros
2016,COM,Base Metals,23.308356,Africa,Comoros
2016,COM,Chemical & Pharmaceutical,4.036434,Africa,Comoros
2016,COM,Consumer Goods & Crafts,18.133531,Africa,Comoros
2016,COM,Industrial Equipment & Technology,3019.589236,Africa,Comoros
2016,COM,Textile & Apparel Manufacturing,39.49621,Africa,Comoros
2016,CPV,Agricultural & Foods,1215.123976,Africa,Cabo Verde
2016,CPV,Base Metals,203.828622,Africa,Cabo Verde
2016,CPV,Chemical & Pharmaceutical,73.698663,Africa,Cabo Verde
2016,CPV,Consumer Goods & Crafts,1010.057447,Africa,Cabo Verde
2016,CPV,Energy & Minerals,20.316649,Africa,Cabo Verde
2016,CPV,Industrial Equipment & Technology,1936.866496,Africa,Cabo Verde
2016,CPV,Textile & Apparel Manufacturing,293.192857,Africa,Cabo Verde
2016,DJI,Agricultural & Foods,94.75616,Africa,Djibouti
2016,DJI,Base Metals,2.750346,Africa,Djibouti
2016,DJI,Chemical & Pharmaceutical,45.295137,Africa,Djibouti
2016,DJI,Consumer Goods & Crafts,3.912919,Africa,Djibouti
2016,DJI,Industrial Equipment & Technology,825.735787,Africa,Djibouti
2016,DJI,Textile & Apparel Manufacturing,152.01611,Africa,Djibouti
2016,DZA,Agricultural & Foods,11.023154,Africa,Algeria
2016,DZA,Art & Collectibles,268.652165,Africa,Algeria
2016,DZA,Base Metals,3416.116896,Africa,Algeria
2016,DZA,Chemical & Pharmaceutical,147340.627153,Africa,Algeria
2016,DZA,Consumer Goods & Crafts,8966.148179,Africa,Algeria
2016,DZA,Energy & Minerals,4530102.514844,Africa,Algeria
2016,DZA,Industrial Equipment & Technology,3171.284312,Africa,Algeria
2016,DZA,Textile & Apparel Manufacturing,33.50238,Africa,Algeria
2016,EGY,Agricultural & Foods,53696.964722,Africa,Egypt
2016,EGY,Art & Collectibles,41553.796604,Africa,Egypt
2016,EGY,Base Metals,34988.450268,Africa,Egypt
2016,EGY,Chemical & Pharmaceutical,68750.921997,Africa,Egypt
2016,EGY,Consumer Goods & Crafts,77747.533196,Africa,Egypt
2016,EGY,Energy & Minerals,212817.368355,Africa,Egypt
2016,EGY,Industrial Equipment & Technology,29865.103903,Africa,Egypt
2016,EGY,Textile & Apparel Manufacturing,753102.885204,Africa,Egypt
2016,ERI,Agricultural & Foods,,Africa,Eritrea
2016,ERI,Art & Collectibles,,Africa,Eritrea
2016,ERI,Base Metals,,Africa,Eritrea
2016,ERI,Consumer Goods & Crafts,,Africa,Eritrea
2016,ERI,Industrial Equipment & Technology,,Africa,Eritrea
2016,ERI,Textile & Apparel Manufacturing,,Africa,Eritrea
2016,ETH,Agricultural & Foods,42361.528568,Africa,Ethiopia
2016,ETH,Art & Collectibles,1532.435757,Africa,Ethiopia
2016,ETH,Base Metals,256.28517,Africa,Ethiopia
2016,ETH,Chemical & Pharmaceutical,194.205672,Africa,Ethiopia
2016,ETH,Consumer Goods & Crafts,14347.805035,Africa,Ethiopia
2016,ETH,Energy & Minerals,0.002193,Africa,Ethiopia
2016,ETH,Industrial Equipment & Technology,115655.473254,Africa,Ethiopia
2016,ETH,Textile & Apparel Manufacturing,82077.360398,Africa,Ethiopia
2016,GAB,Agricultural & Foods,3.897269,Africa,Gabon
2016,GAB,Art & Collectibles,4441.331059,Africa,Gabon
2016,GAB,Base Metals,1941.2905,Africa,Gabon
2016,GAB,Chemical & Pharmaceutical,10184.064603,Africa,Gabon
2016,GAB,Consumer Goods & Crafts,11143.272047,Africa,Gabon
2016,GAB,Energy & Minerals,118067.602908,Africa,Gabon
2016,GAB,Industrial Equipment & Technology,104429.031632,Africa,Gabon
2016,GAB,Textile & Apparel Manufacturing,159.28653,Africa,Gabon
2016,GHA,Agricultural & Foods,244766.464331,Africa,Ghana
2016,GHA,Art & Collectibles,1345.408413,Africa,Ghana
2016,GHA,Base Metals,8864.60315,Africa,Ghana
2016,GHA,Chemical & Pharmaceutical,2753.048939,Africa,Ghana
2016,GHA,Consumer Goods & Crafts,41921.770284,Africa,Ghana
2016,GHA,Energy & Minerals,28373.286088,Africa,Ghana
2016,GHA,Industrial Equipment & Technology,8420.301741,Africa,Ghana
2016,GHA,Textile & Apparel Manufacturing,7032.604677,Africa,Ghana
2016,GIN,Agricultural & Foods,4068.126148,Africa,Guinea
2016,GIN,Art & Collectibles,464.934368,Africa,Guinea
2016,GIN,Base Metals,1282.177039,Africa,Guinea
2016,GIN,Chemical & Pharmaceutical,2709.409712,Africa,Guinea
2016,GIN,Consumer Goods & Crafts,2979.266539,Africa,Guinea
2016,GIN,Energy & Minerals,6057.899522,Africa,Guinea
2016,GIN,Industrial Equipment & Technology,5923.585305,Africa,Guinea
2016,GIN,Textile & Apparel Manufacturing,141.126532,Africa,Guinea
2016,GMB,Agricultural & Foods,18.609779,Africa,Gambia
2016,GMB,Art & Collectibles,80.38916,Africa,Gambia
2016,GMB,Base Metals,3.193161,Africa,Gambia
2016,GMB,Chemical & Pharmaceutical,147.036659,Africa,Gambia
2016,GMB,Consumer Goods & Crafts,63.177005,Africa,Gambia
2016,GMB,Energy & Minerals,33.892665,Africa,Gambia
2016,GMB,Industrial Equipment & Technology,84.297028,Africa,Gambia
2016,GMB,Textile & Apparel Manufacturing,7.732425,Africa,Gambia
2016,GNB,Art & Collectibles,112.5729,Africa,Guinea-Bissau
2016,GNB,Industrial Equipment & Technology,15.36713,Africa,Guinea-Bissau
2016,GNQ,Agricultural & Foods,45.237455,Africa,Equatorial Guinea
2016,GNQ,Art & Collectibles,80.556751,Africa,Equatorial Guinea
2016,GNQ,Base Metals,21.949975,Africa,Equatorial Guinea
2016,GNQ,Chemical & Pharmaceutical,102150.856678,Africa,Equatorial Guinea
2016,GNQ,Consumer Goods & Crafts,2843.310781,Africa,Equatorial Guinea
2016,GNQ,Energy & Minerals,189415.384495,Africa,Equatorial Guinea
2016,GNQ,Industrial Equipment & Technology,10.343467,Africa,Equatorial Guinea
2016,KEN,Agricultural & Foods,29672.085792,Africa,Kenya
2016,KEN,Art & Collectibles,866.154949,Africa,Kenya
2016,KEN,Base Metals,44815.249257,Africa,Kenya
2016,KEN,Chemical & Pharmaceutical,5039.94039,Africa,Kenya
2016,KEN,Consumer Goods & Crafts,9188.01334,Africa,Kenya
2016,KEN,Energy & Minerals,30059.295205,Africa,Kenya
2016,KEN,Industrial Equipment & Technology,61862.06966,Africa,Kenya
2016,KEN,Textile & Apparel Manufacturing,424418.480365,Africa,Kenya
2016,LBR,Agricultural & Foods,868.44439,Africa,Liberia
2016,LBR,Art & Collectibles,174.415709,Africa,Liberia
2016,LBR,Base Metals,169.066882,Africa,Liberia
2016,LBR,Chemical & Pharmaceutical,54619.040904,Africa,Liberia
2016,LBR,Consumer Goods & Crafts,1237.413523,Africa,Liberia
2016,LBR,Industrial Equipment & Technology,44.996083,Africa,Liberia
2016,LBR,Textile & Apparel Manufacturing,33.982471,Africa,Liberia
2016,LBY,Chemical & Pharmaceutical,12777.165222,Africa,Libya
2016,LBY,Energy & Minerals,577719.942191,Africa,Libya
2016,LBY,Industrial Equipment & Technology,25.608603,Africa,Libya
2016,LBY,Textile & Apparel Manufacturing,0.933634,Africa,Libya
2016,LSO,Agricultural & Foods,14.702965,Africa,Lesotho
2016,LSO,Art & Collectibles,9.46736,Africa,Lesotho
2016,LSO,Base Metals,0.593237,Africa,Lesotho
2016,LSO,Chemical & Pharmaceutical,423.153415,Africa,Lesotho
2016,LSO,Consumer Goods & Crafts,15575.848434,Africa,Lesotho
2016,LSO,Industrial Equipment & Technology,933.22066,Africa,Lesotho
2016,LSO,Textile & Apparel Manufacturing,347063.115294,Africa,Lesotho
2016,MAR,Agricultural & Foods,157299.47661,Africa,Morocco
2016,MAR,Art & Collectibles,2421.339461,Africa,Morocco
2016,MAR,Base Metals,84361.820721,Africa,Morocco
2016,MAR,Chemical & Pharmaceutical,442288.825875,Africa,Morocco
2016,MAR,Consumer Goods & Crafts,26912.58553,Africa,Morocco
2016,MAR,Energy & Minerals,133176.466739,Africa,Morocco
2016,MAR,Industrial Equipment & Technology,255775.427324,Africa,Morocco
2016,MAR,Textile & Apparel Manufacturing,170607.127926,Africa,Morocco
2016,MDG,Agricultural & Foods,9183.306292,Africa,Madagascar
2016,MDG,Art & Collectibles,1448.851407,Africa,Madagascar
2016,MDG,Base Metals,67998.311977,Africa,Madagascar
2016,MDG,Chemical & Pharmaceutical,4535.935645,Africa,Madagascar
2016,MDG,Consumer Goods & Crafts,21928.983017,Africa,Madagascar
2016,MDG,Energy & Minerals,28524.637162,Africa,Madagascar
2016,MDG,Industrial Equipment & Technology,247884.777199,Africa,Madagascar
2016,MDG,Textile & Apparel Manufacturing,126271.077208,Africa,Madagascar
2016,MLI,Agricultural & Foods,1190.515053,Africa,Mali
2016,MLI,Art & Collectibles,2192.183922,Africa,Mali
2016,MLI,Base Metals,184.673422,Africa,Mali
2016,MLI,Chemical & Pharmaceutical,525.354591,Africa,Mali
2016,MLI,Consumer Goods & Crafts,426.902054,Africa,Mali
2016,MLI,Energy & Minerals,59.149458,Africa,Mali
2016,MLI,Industrial Equipment & Technology,8526.874231,Africa,Mali
2016,MLI,Textile & Apparel Manufacturing,276.076207,Africa,Mali
2016,MOZ,Agricultural & Foods,11520.128999,Africa,Mozambique
2016,MOZ,Art & Collectibles,267.419686,Africa,Mozambique
2016,MOZ,Base Metals,51922.376802,Africa,Mozambique
2016,MOZ,Chemical & Pharmaceutical,2404.449238,Africa,Mozambique
2016,MOZ,Consumer Goods & Crafts,43354.872867,Africa,Mozambique
2016,MOZ,Energy & Minerals,59368.231291,Africa,Mozambique
2016,MOZ,Industrial Equipment & Technology,80604.401537,Africa,Mozambique
2016,MOZ,Textile & Apparel Manufacturing,198.671698,Africa,Mozambique
2016,MRT,Agricultural & Foods,689.838223,Africa,Mauritania
2016,MRT,Art & Collectibles,4.939258,Africa,Mauritania
2016,MRT,Base Metals,9.087645,Africa,Mauritania
2016,MRT,Chemical & Pharmaceutical,390.978735,Africa,Mauritania
2016,MRT,Consumer Goods & Crafts,42.521582,Africa,Mauritania
2016,MRT,Energy & Minerals,61624.972808,Africa,Mauritania
2016,MRT,Industrial Equipment & Technology,143.400583,Africa,Mauritania
2016,MRT,Textile & Apparel Manufacturing,56.138313,Africa,Mauritania
2016,MUS,Agricultural & Foods,51164.414484,Africa,Mauritius
2016,MUS,Art & Collectibles,35.723255,Africa,Mauritius
2016,MUS,Base Metals,105.825228,Africa,Mauritius
2016,MUS,Chemical & Pharmaceutical,6491.15514,Africa,Mauritius
2016,MUS,Consumer Goods & Crafts,47724.279274,Africa,Mauritius
2016,MUS,Industrial Equipment & Technology,20701.420594,Africa,Mauritius
2016,MUS,Textile & Apparel Manufacturing,198031.539517,Africa,Mauritius
2016,MWI,Agricultural & Foods,59406.01748,Africa,Malawi
2016,MWI,Art & Collectibles,11.94171,Africa,Malawi
2016,MWI,Base Metals,8334.714507,Africa,Malawi
2016,MWI,Chemical & Pharmaceutical,64.281022,Africa,Malawi
2016,MWI,Consumer Goods & Crafts,402.064094,Africa,Malawi
2016,MWI,Energy & Minerals,33.980711,Africa,Malawi
2016,MWI,Industrial Equipment & Technology,28627.198812,Africa,Malawi
2016,MWI,Textile & Apparel Manufacturing,3646.484235,Africa,Malawi
2016,NAM,Agricultural & Foods,328.556267,Africa,Namibia
2016,NAM,Art & Collectibles,252.768074,Africa,Namibia
2016,NAM,Base Metals,6558.383674,Africa,Namibia
2016,NAM,Chemical & Pharmaceutical,167.021877,Africa,Namibia
2016,NAM,Consumer Goods & Crafts,47450.167766,Africa,Namibia
2016,NAM,Energy & Minerals,48298.93629,Africa,Namibia
2016,NAM,Industrial Equipment & Technology,8043.85123,Africa,Namibia
2016,NAM,Textile & Apparel Manufacturing,249.470722,Africa,Namibia
2016,NER,Agricultural & Foods,222.008791,Africa,Niger
2016,NER,Art & Collectibles,63.13958,Africa,Niger
2016,NER,Base Metals,164.692157,Africa,Niger
2016,NER,Chemical & Pharmaceutical,512.295485,Africa,Niger
2016,NER,Consumer Goods & Crafts,219.828676,Africa,Niger
2016,NER,Energy & Minerals,24176.962859,Africa,Niger
2016,NER,Industrial Equipment & Technology,17494.73653,Africa,Niger
2016,NER,Textile & Apparel Manufacturing,27.467508,Africa,Niger
2016,NGA,Agricultural & Foods,8372.26109,Africa,Nigeria
2016,NGA,Art & Collectibles,1042.710015,Africa,Nigeria
2016,NGA,Base Metals,2213.009262,Africa,Nigeria
2016,NGA,Chemical & Pharmaceutical,6319.187586,Africa,Nigeria
2016,NGA,Consumer Goods & Crafts,3247.498366,Africa,Nigeria
2016,NGA,Energy & Minerals,1739774.140042,Africa,Nigeria
2016,NGA,Industrial Equipment & Technology,758.927028,Africa,Nigeria
2016,NGA,Textile & Apparel Manufacturing,3130.842998,Africa,Nigeria
2016,RWA,Agricultural & Foods,4649.547771,Africa,Rwanda
2016,RWA,Art & Collectibles,618.805091,Africa,Rwanda
2016,RWA,Base Metals,289.525387,Africa,Rwanda
2016,RWA,Chemical & Pharmaceutical,128.049525,Africa,Rwanda
2016,RWA,Consumer Goods & Crafts,2914.430911,Africa,Rwanda
2016,RWA,Energy & Minerals,1601.921169,Africa,Rwanda
2016,RWA,Industrial Equipment & Technology,19326.377261,Africa,Rwanda
2016,RWA,Textile & Apparel Manufacturing,1264.963896,Africa,Rwanda
2016,SDN,Agricultural & Foods,8885.337647,Africa,Sudan
2016,SDN,Art & Collectibles,3678.543509,Africa,Sudan
2016,SDN,Base Metals,6.906257,Africa,Sudan
2016,SDN,Chemical & Pharmaceutical,0.000816,Africa,Sudan
2016,SDN,Consumer Goods & Crafts,0.001632,Africa,Sudan
2016,SDN,Energy & Minerals,0.000816,Africa,Sudan
2016,SDN,Industrial Equipment & Technology,21.562671,Africa,Sudan
2016,SEN,Agricultural & Foods,1372.021025,Africa,Senegal
2016,SEN,Art & Collectibles,262.020436,Africa,Senegal
2016,SEN,Base Metals,1421.779716,Africa,Senegal
2016,SEN,Chemical & Pharmaceutical,4166.814051,Africa,Senegal
2016,SEN,Consumer Goods & Crafts,1063.430721,Africa,Senegal
2016,SEN,Energy & Minerals,29947.419285,Africa,Senegal
2016,SEN,Industrial Equipment & Technology,1533.449102,Africa,Senegal
2016,SEN,Textile & Apparel Manufacturing,42719.840832,Africa,Senegal
2016,SLE,Agricultural & Foods,1097.048162,Africa,Sierra Leone
2016,SLE,Art & Collectibles,22.004266,Africa,Sierra Leone
2016,SLE,Base Metals,588.977169,Africa,Sierra Leone
2016,SLE,Chemical & Pharmaceutical,1024.338668,Africa,Sierra Leone
2016,SLE,Consumer Goods & Crafts,2007.382026,Africa,Sierra Leone
2016,SLE,Energy & Minerals,16533.370394,Africa,Sierra Leone
2016,SLE,Industrial Equipment & Technology,5055.652036,Africa,Sierra Leone
2016,SLE,Textile & Apparel Manufacturing,217.214572,Africa,Sierra Leone
2016,SOM,Agricultural & Foods,1247.181775,Africa,Somalia
2016,SOM,Art & Collectibles,4.642656,Africa,Somalia
2016,SOM,Base Metals,2.79562,Africa,Somalia
2016,SOM,Chemical & Pharmaceutical,5.921572,Africa,Somalia
2016,SOM,Consumer Goods & Crafts,1.921587,Africa,Somalia
2016,SOM,Industrial Equipment & Technology,18.631037,Africa,Somalia
2016,SSD,Industrial Equipment & Technology,308.923424,Africa,South Sudan
2016,STP,Agricultural & Foods,141.285275,Africa,Sao Tome and Principe
2016,STP,Base Metals,156.289274,Africa,Sao Tome and Principe
2016,STP,Chemical & Pharmaceutical,48.361363,Africa,Sao Tome and Principe
2016,STP,Industrial Equipment & Technology,620.528713,Africa,Sao Tome and Principe
2016,SWZ,Agricultural & Foods,12887.989471,Africa,Eswatini
2016,SWZ,Art & Collectibles,59.508608,Africa,Eswatini
2016,SWZ,Base Metals,607.203123,Africa,Eswatini
2016,SWZ,Chemical & Pharmaceutical,1302.552655,Africa,Eswatini
2016,SWZ,Consumer Goods & Crafts,452.867666,Africa,Eswatini
2016,SWZ,Industrial Equipment & Technology,2801.966277,Africa,Eswatini
2016,SWZ,Textile & Apparel Manufacturing,5020.464015,Africa,Eswatini
2016,SYC,Agricultural & Foods,1.451173,Africa,Seychelles
2016,SYC,Art & Collectibles,20.228134,Africa,Seychelles
2016,SYC,Base Metals,151.538948,Africa,Seychelles
2016,SYC,Chemical & Pharmaceutical,4011.148449,Africa,Seychelles
2016,SYC,Consumer Goods & Crafts,779.469134,Africa,Seychelles
2016,SYC,Industrial Equipment & Technology,2846.449386,Africa,Seychelles
2016,SYC,Textile & Apparel Manufacturing,545.865313,Africa,Seychelles
2016,TCD,Agricultural & Foods,11848.314493,Africa,Chad
2016,TCD,Consumer Goods & Crafts,23.821715,Africa,Chad
2016,TCD,Energy & Minerals,1164122.57781,Africa,Chad
2016,TCD,Industrial Equipment & Technology,17.427672,Africa,Chad
2016,TCD,Textile & Apparel Manufacturing,1.173738,Africa,Chad
2016,TGO,Agricultural & Foods,2463.040401,Africa,Togo
2016,TGO,Art & Collectibles,38.67804,Africa,Togo
2016,TGO,Base Metals,1502.371764,Africa,Togo
2016,TGO,Chemical & Pharmaceutical,2105.684002,Africa,Togo
2016,TGO,Consumer Goods & Crafts,588.778679,Africa,Togo
2016,TGO,Industrial Equipment & Technology,218.892036,Africa,Togo
2016,TGO,Textile & Apparel Manufacturing,7853.587212,Africa,Togo
2016,TUN,Agricultural & Foods,91930.547192,Africa,Tunisia
2016,TUN,Art & Collectibles,1105.071577,Africa,Tunisia
2016,TUN,Base Metals,40872.23362,Africa,Tunisia
2016,TUN,Chemical & Pharmaceutical,5555.452243,Africa,Tunisia
2016,TUN,Consumer Goods & Crafts,22519.888279,Africa,Tunisia
2016,TUN,Energy & Minerals,48359.635098,Africa,Tunisia
2016,TUN,Industrial Equipment & Technology,167736.10173,Africa,Tunisia
2016,TUN,Textile & Apparel Manufacturing,69315.860545,Africa,Tunisia
2016,TZA,Agricultural & Foods,9699.788253,Africa,Tanzania
2016,TZA,Art & Collectibles,649.039922,Africa,Tanzania
2016,TZA,Base Metals,5832.924662,Africa,Tanzania
2016,TZA,Chemical & Pharmaceutical,2668.392626,Africa,Tanzania
2016,TZA,Consumer Goods & Crafts,73916.588455,Africa,Tanzania
2016,TZA,Energy & Minerals,0.178305,Africa,Tanzania
2016,TZA,Industrial Equipment & Technology,22697.837183,Africa,Tanzania
2016,TZA,Textile & Apparel Manufacturing,39074.266131,Africa,Tanzania
2016,UGA,Agricultural & Foods,7513.025705,Africa,Uganda
2016,UGA,Art & Collectibles,139.811187,Africa,Uganda
2016,UGA,Base Metals,423.487943,Africa,Uganda
2016,UGA,Chemical & Pharmaceutical,13148.976092,Africa,Uganda
2016,UGA,Consumer Goods & Crafts,647.566675,Africa,Uganda
2016,UGA,Energy & Minerals,12.556848,Africa,Uganda
2016,UGA,Industrial Equipment & Technology,39303.132109,Africa,Uganda
2016,UGA,Textile & Apparel Manufacturing,2309.937678,Africa,Uganda
2016,ZAF,Agricultural & Foods,164920.465195,Africa,South Africa
2016,ZAF,Art & Collectibles,42887.229996,Africa,South Africa
2016,ZAF,Base Metals,1216683.240949,Africa,South Africa
2016,ZAF,Chemical & Pharmaceutical,596416.054366,Africa,South Africa
2016,ZAF,Consumer Goods & Crafts,2450112.838102,Africa,South Africa
2016,ZAF,Energy & Minerals,871066.491856,Africa,South Africa
2016,ZAF,Industrial Equipment & Technology,2596162.179659,Africa,South Africa
2016,ZAF,Textile & Apparel Manufacturing,52432.847122,Africa,South Africa
2016,ZMB,Agricultural & Foods,105.856081,Africa,Zambia
2016,ZMB,Art & Collectibles,160.09545,Africa,Zambia
2016,ZMB,Base Metals,23868.374306,Africa,Zambia
2016,ZMB,Chemical & Pharmaceutical,160.895629,Africa,Zambia
2016,ZMB,Consumer Goods & Crafts,17074.051824,Africa,Zambia
2016,ZMB,Energy & Minerals,50.428989,Africa,Zambia
2016,ZMB,Industrial Equipment & Technology,1274.613086,Africa,Zambia
2016,ZMB,Textile & Apparel Manufacturing,79.624866,Africa,Zambia
2016,ZWE,Agricultural & Foods,14034.026602,Africa,Zimbabwe
2016,ZWE,Art & Collectibles,931.182444,Africa,Zimbabwe
2016,ZWE,Base Metals,8583.871288,Africa,Zimbabwe
2016,ZWE,Chemical & Pharmaceutical,143.796881,Africa,Zimbabwe
2016,ZWE,Consumer Goods & Crafts,2547.686869,Africa,Zimbabwe
2016,ZWE,Energy & Minerals,1682.48746,Africa,Zimbabwe
2016,ZWE,Industrial Equipment & Technology,5861.629999,Africa,Zimbabwe
2016,ZWE,Textile & Apparel Manufacturing,848.722207,Africa,Zimbabwe
2017,AGO,Agricultural & Foods,3.612876,Africa,Angola
2017,AGO,Art & Collectibles,20.921673,Africa,Angola
2017,AGO,Base Metals,4204.179158,Africa,Angola
2017,AGO,Chemical & Pharmaceutical,314.569723,Africa,Angola
2017,AGO,Consumer Goods & Crafts,106774.688271,Africa,Angola
2017,AGO,Energy & Minerals,2019289.51077,Africa,Angola
2017,AGO,Industrial Equipment & Technology,26974.135546,Africa,Angola
2017,AGO,Textile & Apparel Manufacturing,46.173478,Africa,Angola
2017,BDI,Art & Collectibles,11.230978,Africa,Burundi
2017,BDI,Consumer Goods & Crafts,12.619473,Africa,Burundi
2017,BDI,Energy & Minerals,4263.672791,Africa,Burundi
2017,BDI,Industrial Equipment & Technology,7623.660179,Africa,Burundi
2017,BDI,Textile & Apparel Manufacturing,5.84058,Africa,Burundi
2017,BEN,Agricultural & Foods,593.028695,Africa,Benin
2017,BEN,Art & Collectibles,28.918827,Africa,Benin
2017,BEN,Base Metals,25664.401728,Africa,Benin
2017,BEN,Chemical & Pharmaceutical,73.183208,Africa,Benin
2017,BEN,Consumer Goods & Crafts,839.937803,Africa,Benin
2017,BEN,Energy & Minerals,6505.794878,Africa,Benin
2017,BEN,Industrial Equipment & Technology,5389.696087,Africa,Benin
2017,BEN,Textile & Apparel Manufacturing,503.068353,Africa,Benin
2017,BFA,Agricultural & Foods,452.410414,Africa,Burkina Faso
2017,BFA,Art & Collectibles,166.264046,Africa,Burkina Faso
2017,BFA,Base Metals,3732.441795,Africa,Burkina Faso
2017,BFA,Chemical & Pharmaceutical,14.588359,Africa,Burkina Faso
2017,BFA,Consumer Goods & Crafts,106.8088,Africa,Burkina Faso
2017,BFA,Energy & Minerals,248.376257,Africa,Burkina Faso
2017,BFA,Industrial Equipment & Technology,953.196016,Africa,Burkina Faso
2017,BFA,Textile & Apparel Manufacturing,144.286147,Africa,Burkina Faso
2017,BWA,Agricultural & Foods,0.030096,Africa,Botswana
2017,BWA,Art & Collectibles,0.799096,Africa,Botswana
2017,BWA,Base Metals,6.989497,Africa,Botswana
2017,BWA,Chemical & Pharmaceutical,136.749229,Africa,Botswana
2017,BWA,Consumer Goods & Crafts,181416.314225,Africa,Botswana
2017,BWA,Energy & Minerals,0.010378,Africa,Botswana
2017,BWA,Industrial Equipment & Technology,2517.795418,Africa,Botswana
2017,BWA,Textile & Apparel Manufacturing,1041.04281,Africa,Botswana
2017,CAF,Agricultural & Foods,29.698215,Africa,Central African Republic
2017,CAF,Art & Collectibles,43.234641,Africa,Central African Republic
2017,CAF,Base Metals,53.516261,Africa,Central African Republic
2017,CAF,Chemical & Pharmaceutical,22.465444,Africa,Central African Republic
2017,CAF,Consumer Goods & Crafts,332.492274,Africa,Central African Republic
2017,CAF,Energy & Minerals,126.201506,Africa,Central African Republic
2017,CAF,Industrial Equipment & Technology,495.860807,Africa,Central African Republic
2017,CAF,Textile & Apparel Manufacturing,1394.875437,Africa,Central African Republic
2017,CIV,Agricultural & Foods,1054262.774211,Africa,Côte d'Ivoire
2017,CIV,Art & Collectibles,3746.800424,Africa,Côte d'Ivoire
2017,CIV,Base Metals,21645.118601,Africa,Côte d'Ivoire
2017,CIV,Chemical & Pharmaceutical,117922.211183,Africa,Côte d'Ivoire
2017,CIV,Consumer Goods & Crafts,9010.434403,Africa,Côte d'Ivoire
2017,CIV,Energy & Minerals,222625.073857,Africa,Côte d'Ivoire
2017,CIV,Industrial Equipment & Technology,13087.820801,Africa,Côte d'Ivoire
2017,CIV,Textile & Apparel Manufacturing,2023.257267,Africa,Côte d'Ivoire
2017,CMR,Agricultural & Foods,27579.661319,Africa,Cameroon
2017,CMR,Art & Collectibles,2891.656687,Africa,Cameroon
2017,CMR,Base Metals,991.019674,Africa,Cameroon
2017,CMR,Chemical & Pharmaceutical,18212.199359,Africa,Cameroon
2017,CMR,Consumer Goods & Crafts,39009.979762,Africa,Cameroon
2017,CMR,Energy & Minerals,39479.313899,Africa,Cameroon
2017,CMR,Industrial Equipment & Technology,14167.969939,Africa,Cameroon
2017,CMR,Textile & Apparel Manufacturing,1052.052316,Africa,Cameroon
2017,COD,Agricultural & Foods,7722.204966,Africa,DR Congo
2017,COD,Art & Collectibles,13628.895316,Africa,DR Congo
2017,COD,Base Metals,67895.300562,Africa,DR Congo
2017,COD,Chemical & Pharmaceutical,480.065177,Africa,DR Congo
2017,COD,Consumer Goods & Crafts,16660.176759,Africa,DR Congo
2017,COD,Energy & Minerals,10338.115341,Africa,DR Congo
2017,COD,Industrial Equipment & Technology,5602.18895,Africa,DR Congo
2017,COD,Textile & Apparel Manufacturing,84.415202,Africa,DR Congo
2017,COG,Agricultural & Foods,1624.758896,Africa,Congo Republic
2017,COG,Art & Collectibles,1971.238665,Africa,Congo Republic
2017,COG,Base Metals,19330.566983,Africa,Congo Republic
2017,COG,Chemical & Pharmaceutical,193.229441,Africa,Congo Republic
2017,COG,Consumer Goods & Crafts,21672.443345,Africa,Congo Republic
2017,COG,Energy & Minerals,135943.661311,Africa,Congo Republic
2017,COG,Industrial Equipment & Technology,233044.000178,Africa,Congo Republic
2017,COG,Textile & Apparel Manufacturing,21.98121,Africa,Congo Republic
2017,COM,Art & Collectibles,6.748522,Africa,Comoros
2017,COM,Chemical & Pharmaceutical,165.716745,Africa,Comoros
2017,COM,Consumer Goods & Crafts,62.350174,Africa,Comoros
2017,COM,Industrial Equipment & Technology,5494.620114,Africa,Comoros
2017,COM,Textile & Apparel Manufacturing,7.119633,Africa,Comoros
2017,CPV,Agricultural & Foods,1777.774496,Africa,Cabo Verde
2017,CPV,Base Metals,87.437548,Africa,Cabo Verde
2017,CPV,Chemical & Pharmaceutical,330.78485,Africa,Cabo Verde
2017,CPV,Consumer Goods & Crafts,355.220965,Africa,Cabo Verde
2017,CPV,Industrial Equipment & Technology,1179.912244,Africa,Cabo Verde
2017,CPV,Textile & Apparel Manufacturing,148.730271,Africa,Cabo Verde
2017,DJI,Agricultural & Foods,83.002847,Africa,Djibouti
2017,DJI,Base Metals,68.01029,Africa,Djibouti
2017,DJI,Chemical & Pharmaceutical,65.649974,Africa,Djibouti
2017,DJI,Consumer Goods & Crafts,123.032954,Africa,Djibouti
2017,DJI,Energy & Minerals,14.557959,Africa,Djibouti
2017,DJI,Industrial Equipment & Technology,2725.016627,Africa,Djibouti
2017,DJI,Textile & Apparel Manufacturing,1317.397908,Africa,Djibouti
2017,DZA,Agricultural & Foods,34.893416,Africa,Algeria
2017,DZA,Art & Collectibles,132.73935,Africa,Algeria
2017,DZA,Base Metals,6027.187011,Africa,Algeria
2017,DZA,Chemical & Pharmaceutical,90981.001232,Africa,Algeria
2017,DZA,Consumer Goods & Crafts,192.23705,Africa,Algeria
2017,DZA,Energy & Minerals,4678955.351956,Africa,Algeria
2017,DZA,Industrial Equipment & Technology,3962.634162,Africa,Algeria
2017,DZA,Textile & Apparel Manufacturing,12.919163,Africa,Algeria
2017,EGY,Agricultural & Foods,91780.718383,Africa,Egypt
2017,EGY,Art & Collectibles,37128.891326,Africa,Egypt
2017,EGY,Base Metals,163874.417885,Africa,Egypt
2017,EGY,Chemical & Pharmaceutical,169040.008485,Africa,Egypt
2017,EGY,Consumer Goods & Crafts,108824.518634,Africa,Egypt
2017,EGY,Energy & Minerals,302537.30037,Africa,Egypt
2017,EGY,Industrial Equipment & Technology,32825.826385,Africa,Egypt
2017,EGY,Textile & Apparel Manufacturing,1217873.665168,Africa,Egypt
2017,ERI,Agricultural & Foods,,Africa,Eritrea
2017,ERI,Base Metals,,Africa,Eritrea
2017,ERI,Chemical & Pharmaceutical,,Africa,Eritrea
2017,ERI,Consumer Goods & Crafts,,Africa,Eritrea
2017,ERI,Industrial Equipment & Technology,,Africa,Eritrea
2017,ERI,Textile & Apparel Manufacturing,,Africa,Eritrea
2017,ETH,Agricultural & Foods,27032.708027,Africa,Ethiopia
2017,ETH,Art & Collectibles,674.904519,Africa,Ethiopia
2017,ETH,Base Metals,305.540656,Africa,Ethiopia
2017,ETH,Chemical & Pharmaceutical,90.773202,Africa,Ethiopia
2017,ETH,Consumer Goods & Crafts,12502.958298,Africa,Ethiopia
2017,ETH,Industrial Equipment & Technology,170718.475127,Africa,Ethiopia
2017,ETH,Textile & Apparel Manufacturing,117688.20159,Africa,Ethiopia
2017,GAB,Agricultural & Foods,3.658707,Africa,Gabon
2017,GAB,Art & Collectibles,3640.539845,Africa,Gabon
2017,GAB,Base Metals,2016.226494,Africa,Gabon
2017,GAB,Chemical & Pharmaceutical,12887.667899,Africa,Gabon
2017,GAB,Consumer Goods & Crafts,7196.165975,Africa,Gabon
2017,GAB,Energy & Minerals,231445.68527,Africa,Gabon
2017,GAB,Industrial Equipment & Technology,494533.762257,Africa,Gabon
2017,GAB,Textile & Apparel Manufacturing,132.510097,Africa,Gabon
2017,GHA,Agricultural & Foods,248598.387002,Africa,Ghana
2017,GHA,Art & Collectibles,2466.358958,Africa,Ghana
2017,GHA,Base Metals,9777.331898,Africa,Ghana
2017,GHA,Chemical & Pharmaceutical,21314.661048,Africa,Ghana
2017,GHA,Consumer Goods & Crafts,42252.259513,Africa,Ghana
2017,GHA,Energy & Minerals,450238.547194,Africa,Ghana
2017,GHA,Industrial Equipment & Technology,2097.106508,Africa,Ghana
2017,GHA,Textile & Apparel Manufacturing,14927.354103,Africa,Ghana
2017,GIN,Agricultural & Foods,940.480836,Africa,Guinea
2017,GIN,Art & Collectibles,466.246554,Africa,Guinea
2017,GIN,Base Metals,957.956411,Africa,Guinea
2017,GIN,Chemical & Pharmaceutical,1270.216592,Africa,Guinea
2017,GIN,Consumer Goods & Crafts,29383.757876,Africa,Guinea
2017,GIN,Industrial Equipment & Technology,910.418781,Africa,Guinea
2017,GIN,Textile & Apparel Manufacturing,160.93047,Africa,Guinea
2017,GMB,Agricultural & Foods,149.778285,Africa,Gambia
2017,GMB,Art & Collectibles,2.932717,Africa,Gambia
2017,GMB,Base Metals,51.08069,Africa,Gambia
2017,GMB,Chemical & Pharmaceutical,219.340391,Africa,Gambia
2017,GMB,Consumer Goods & Crafts,84.075729,Africa,Gambia
2017,GMB,Industrial Equipment & Technology,497.622643,Africa,Gambia
2017,GMB,Textile & Apparel Manufacturing,84.755632,Africa,Gambia
2017,GNB,Consumer Goods & Crafts,8.8419,Africa,Guinea-Bissau
2017,GNB,Industrial Equipment & Technology,8.87612,Africa,Guinea-Bissau
2017,GNQ,Art & Collectibles,128.283971,Africa,Equatorial Guinea
2017,GNQ,Chemical & Pharmaceutical,151605.817895,Africa,Equatorial Guinea
2017,GNQ,Consumer Goods & Crafts,665.444159,Africa,Equatorial Guinea
2017,GNQ,Energy & Minerals,304646.116637,Africa,Equatorial Guinea
2017,GNQ,Industrial Equipment & Technology,59.760804,Africa,Equatorial Guinea
2017,KEN,Agricultural & Foods,20066.881672,Africa,Kenya
2017,KEN,Art & Collectibles,972.578933,Africa,Kenya
2017,KEN,Base Metals,59629.613296,Africa,Kenya
2017,KEN,Chemical & Pharmaceutical,5560.927988,Africa,Kenya
2017,KEN,Consumer Goods & Crafts,8412.177356,Africa,Kenya
2017,KEN,Energy & Minerals,27249.753258,Africa,Kenya
2017,KEN,Industrial Equipment & Technology,79749.660926,Africa,Kenya
2017,KEN,Textile & Apparel Manufacturing,403275.799715,Africa,Kenya
2017,LBR,Agricultural & Foods,672.018278,Africa,Liberia
2017,LBR,Art & Collectibles,1809.161841,Africa,Liberia
2017,LBR,Base Metals,326.746585,Africa,Liberia
2017,LBR,Chemical & Pharmaceutical,81531.094986,Africa,Liberia
2017,LBR,Consumer Goods & Crafts,3384.777317,Africa,Liberia
2017,LBR,Energy & Minerals,9.877381,Africa,Liberia
2017,LBR,Industrial Equipment & Technology,359.777843,Africa,Liberia
2017,LBR,Textile & Apparel Manufacturing,559.639226,Africa,Liberia
2017,LBY,Art & Collectibles,28.983978,Africa,Libya
2017,LBY,Chemical & Pharmaceutical,12068.818078,Africa,Libya
2017,LBY,Energy & Minerals,622926.384023,Africa,Libya
2017,LBY,Industrial Equipment & Technology,7.813834,Africa,Libya
2017,LBY,Textile & Apparel Manufacturing,0.919418,Africa,Libya
2017,LSO,Agricultural & Foods,152.622201,Africa,Lesotho
2017,LSO,Base Metals,4.348881,Africa,Lesotho
2017,LSO,Chemical & Pharmaceutical,432.839559,Africa,Lesotho
2017,LSO,Consumer Goods & Crafts,16335.903693,Africa,Lesotho
2017,LSO,Industrial Equipment & Technology,1212.857994,Africa,Lesotho
2017,LSO,Textile & Apparel Manufacturing,305121.152349,Africa,Lesotho
2017,MAR,Agricultural & Foods,137601.551284,Africa,Morocco
2017,MAR,Art & Collectibles,2968.390282,Africa,Morocco
2017,MAR,Base Metals,133578.260972,Africa,Morocco
2017,MAR,Chemical & Pharmaceutical,606514.875972,Africa,Morocco
2017,MAR,Consumer Goods & Crafts,30887.371897,Africa,Morocco
2017,MAR,Energy & Minerals,156830.427284,Africa,Morocco
2017,MAR,Industrial Equipment & Technology,239147.133671,Africa,Morocco
2017,MAR,Textile & Apparel Manufacturing,174338.490959,Africa,Morocco
2017,MDG,Agricultural & Foods,15960.957072,Africa,Madagascar
2017,MDG,Art & Collectibles,1113.734848,Africa,Madagascar
2017,MDG,Base Metals,102678.001653,Africa,Madagascar
2017,MDG,Chemical & Pharmaceutical,5160.339554,Africa,Madagascar
2017,MDG,Consumer Goods & Crafts,24081.671296,Africa,Madagascar
2017,MDG,Energy & Minerals,43842.734784,Africa,Madagascar
2017,MDG,Industrial Equipment & Technology,425779.980146,Africa,Madagascar
2017,MDG,Textile & Apparel Manufacturing,173459.746057,Africa,Madagascar
2017,MLI,Agricultural & Foods,546.29599,Africa,Mali
2017,MLI,Art & Collectibles,761.315078,Africa,Mali
2017,MLI,Base Metals,74.449877,Africa,Mali
2017,MLI,Chemical & Pharmaceutical,749.722624,Africa,Mali
2017,MLI,Consumer Goods & Crafts,955.333757,Africa,Mali
2017,MLI,Energy & Minerals,6.92557,Africa,Mali
2017,MLI,Industrial Equipment & Technology,10855.078791,Africa,Mali
2017,MLI,Textile & Apparel Manufacturing,258.347271,Africa,Mali
2017,MOZ,Agricultural & Foods,15142.372623,Africa,Mozambique
2017,MOZ,Art & Collectibles,48.924042,Africa,Mozambique
2017,MOZ,Base Metals,38266.075455,Africa,Mozambique
2017,MOZ,Chemical & Pharmaceutical,5075.746944,Africa,Mozambique
2017,MOZ,Consumer Goods & Crafts,92518.108759,Africa,Mozambique
2017,MOZ,Energy & Minerals,70868.694725,Africa,Mozambique
2017,MOZ,Industrial Equipment & Technology,59612.461967,Africa,Mozambique
2017,MOZ,Textile & Apparel Manufacturing,194.443313,Africa,Mozambique
2017,MRT,Agricultural & Foods,838.134414,Africa,Mauritania
2017,MRT,Art & Collectibles,10.573685,Africa,Mauritania
2017,MRT,Base Metals,62.870628,Africa,Mauritania
2017,MRT,Chemical & Pharmaceutical,4550.582069,Africa,Mauritania
2017,MRT,Consumer Goods & Crafts,0.488092,Africa,Mauritania
2017,MRT,Energy & Minerals,69337.641821,Africa,Mauritania
2017,MRT,Industrial Equipment & Technology,79.395843,Africa,Mauritania
2017,MRT,Textile & Apparel Manufacturing,3.005811,Africa,Mauritania
2017,MUS,Agricultural & Foods,48733.850581,Africa,Mauritius
2017,MUS,Art & Collectibles,44.443864,Africa,Mauritius
2017,MUS,Base Metals,34.28943,Africa,Mauritius
2017,MUS,Chemical & Pharmaceutical,7005.249246,Africa,Mauritius
2017,MUS,Consumer Goods & Crafts,45636.540642,Africa,Mauritius
2017,MUS,Energy & Minerals,13.962227,Africa,Mauritius
2017,MUS,Industrial Equipment & Technology,24421.573767,Africa,Mauritius
2017,MUS,Textile & Apparel Manufacturing,144637.579721,Africa,Mauritius
2017,MWI,Agricultural & Foods,41036.124696,Africa,Malawi
2017,MWI,Art & Collectibles,18.824721,Africa,Malawi
2017,MWI,Base Metals,7034.745062,Africa,Malawi
2017,MWI,Chemical & Pharmaceutical,9.777668,Africa,Malawi
2017,MWI,Consumer Goods & Crafts,126.82026,Africa,Malawi
2017,MWI,Energy & Minerals,0.311108,Africa,Malawi
2017,MWI,Industrial Equipment & Technology,23593.317338,Africa,Malawi
2017,MWI,Textile & Apparel Manufacturing,534.104587,Africa,Malawi
2017,NAM,Agricultural & Foods,332.345884,Africa,Namibia
2017,NAM,Art & Collectibles,465.743071,Africa,Namibia
2017,NAM,Base Metals,694.449279,Africa,Namibia
2017,NAM,Chemical & Pharmaceutical,233.08971,Africa,Namibia
2017,NAM,Consumer Goods & Crafts,70875.636012,Africa,Namibia
2017,NAM,Energy & Minerals,37874.507951,Africa,Namibia
2017,NAM,Industrial Equipment & Technology,3811.045108,Africa,Namibia
2017,NAM,Textile & Apparel Manufacturing,167.914529,Africa,Namibia
2017,NER,Agricultural & Foods,382.669787,Africa,Niger
2017,NER,Art & Collectibles,187.402336,Africa,Niger
2017,NER,Base Metals,267.783191,Africa,Niger
2017,NER,Chemical & Pharmaceutical,261.922701,Africa,Niger
2017,NER,Consumer Goods & Crafts,278.721906,Africa,Niger
2017,NER,Energy & Minerals,44108.89084,Africa,Niger
2017,NER,Industrial Equipment & Technology,18684.441564,Africa,Niger
2017,NER,Textile & Apparel Manufacturing,69.088174,Africa,Niger
2017,NGA,Agricultural & Foods,22765.359845,Africa,Nigeria
2017,NGA,Art & Collectibles,4667.699231,Africa,Nigeria
2017,NGA,Base Metals,6252.013737,Africa,Nigeria
2017,NGA,Chemical & Pharmaceutical,13644.74951,Africa,Nigeria
2017,NGA,Consumer Goods & Crafts,2775.444445,Africa,Nigeria
2017,NGA,Energy & Minerals,3206329.413608,Africa,Nigeria
2017,NGA,Industrial Equipment & Technology,6646.529203,Africa,Nigeria
2017,NGA,Textile & Apparel Manufacturing,4569.809681,Africa,Nigeria
2017,RWA,Agricultural & Foods,2207.614952,Africa,Rwanda
2017,RWA,Art & Collectibles,369.727743,Africa,Rwanda
2017,RWA,Base Metals,465.415495,Africa,Rwanda
2017,RWA,Chemical & Pharmaceutical,160.426848,Africa,Rwanda
2017,RWA,Consumer Goods & Crafts,2419.366908,Africa,Rwanda
2017,RWA,Energy & Minerals,27048.510195,Africa,Rwanda
2017,RWA,Industrial Equipment & Technology,22280.557624,Africa,Rwanda
2017,RWA,Textile & Apparel Manufacturing,1858.806728,Africa,Rwanda
2017,SDN,Agricultural & Foods,15453.007984,Africa,Sudan
2017,SDN,Base Metals,144.85417,Africa,Sudan
2017,SDN,Chemical & Pharmaceutical,0.170224,Africa,Sudan
2017,SDN,Consumer Goods & Crafts,19.575773,Africa,Sudan
2017,SDN,Energy & Minerals,1.342152,Africa,Sudan
2017,SEN,Agricultural & Foods,7540.558008,Africa,Senegal
2017,SEN,Art & Collectibles,177.486956,Africa,Senegal
2017,SEN,Base Metals,8709.462483,Africa,Senegal
2017,SEN,Chemical & Pharmaceutical,3803.321414,Africa,Senegal
2017,SEN,Consumer Goods & Crafts,760.018546,Africa,Senegal
2017,SEN,Energy & Minerals,28445.795327,Africa,Senegal
2017,SEN,Industrial Equipment & Technology,1499.496479,Africa,Senegal
2017,SEN,Textile & Apparel Manufacturing,62166.034459,Africa,Senegal
2017,SLE,Agricultural & Foods,491.294846,Africa,Sierra Leone
2017,SLE,Art & Collectibles,14.709405,Africa,Sierra Leone
2017,SLE,Base Metals,1045.077103,Africa,Sierra Leone
2017,SLE,Chemical & Pharmaceutical,1015.574255,Africa,Sierra Leone
2017,SLE,Consumer Goods & Crafts,13713.824517,Africa,Sierra Leone
2017,SLE,Energy & Minerals,6993.634361,Africa,Sierra Leone
2017,SLE,Industrial Equipment & Technology,5019.395109,Africa,Sierra Leone
2017,SLE,Textile & Apparel Manufacturing,464.456824,Africa,Sierra Leone
2017,SOM,Agricultural & Foods,734.114961,Africa,Somalia
2017,SOM,Chemical & Pharmaceutical,43.585779,Africa,Somalia
2017,SOM,Consumer Goods & Crafts,26.22609,Africa,Somalia
2017,SOM,Industrial Equipment & Technology,449.422099,Africa,Somalia
2017,SOM,Textile & Apparel Manufacturing,0.409664,Africa,Somalia
2017,SSD,Agricultural & Foods,6.015246,Africa,South Sudan
2017,SSD,Base Metals,20.639933,Africa,South Sudan
2017,SSD,Industrial Equipment & Technology,645.321278,Africa,South Sudan
2017,STP,Agricultural & Foods,325.003722,Africa,Sao Tome and Principe
2017,STP,Base Metals,8.693645,Africa,Sao Tome and Principe
2017,STP,Chemical & Pharmaceutical,23.00081,Africa,Sao Tome and Principe
2017,STP,Consumer Goods & Crafts,27.489377,Africa,Sao Tome and Principe
2017,STP,Industrial Equipment & Technology,850.359508,Africa,Sao Tome and Principe
2017,STP,Textile & Apparel Manufacturing,72.45604,Africa,Sao Tome and Principe
2017,SWZ,Agricultural & Foods,12529.486324,Africa,Eswatini
2017,SWZ,Art & Collectibles,23.941296,Africa,Eswatini
2017,SWZ,Base Metals,449.390459,Africa,Eswatini
2017,SWZ,Chemical & Pharmaceutical,604.529039,Africa,Eswatini
2017,SWZ,Consumer Goods & Crafts,1418.667916,Africa,Eswatini
2017,SWZ,Energy & Minerals,57.311669,Africa,Eswatini
2017,SWZ,Industrial Equipment & Technology,3406.527986,Africa,Eswatini
2017,SWZ,Textile & Apparel Manufacturing,561.620234,Africa,Eswatini
2017,SYC,Agricultural & Foods,2046.381176,Africa,Seychelles
2017,SYC,Art & Collectibles,26.801415,Africa,Seychelles
2017,SYC,Base Metals,1134.71827,Africa,Seychelles
2017,SYC,Chemical & Pharmaceutical,8805.306286,Africa,Seychelles
2017,SYC,Consumer Goods & Crafts,771.103947,Africa,Seychelles
2017,SYC,Energy & Minerals,107.668065,Africa,Seychelles
2017,SYC,Industrial Equipment & Technology,6298.818668,Africa,Seychelles
2017,SYC,Textile & Apparel Manufacturing,278.77982,Africa,Seychelles
2017,TCD,Agricultural & Foods,12908.589154,Africa,Chad
2017,TCD,Art & Collectibles,4.221057,Africa,Chad
2017,TCD,Chemical & Pharmaceutical,4.173536,Africa,Chad
2017,TCD,Consumer Goods & Crafts,10.634022,Africa,Chad
2017,TCD,Energy & Minerals,630946.516537,Africa,Chad
2017,TCD,Industrial Equipment & Technology,155.73359,Africa,Chad
2017,TGO,Agricultural & Foods,2814.667148,Africa,Togo
2017,TGO,Base Metals,2886.001513,Africa,Togo
2017,TGO,Chemical & Pharmaceutical,1508.312771,Africa,Togo
2017,TGO,Consumer Goods & Crafts,425.374023,Africa,Togo
2017,TGO,Industrial Equipment & Technology,254.947554,Africa,Togo
2017,TGO,Textile & Apparel Manufacturing,10342.525614,Africa,Togo
2017,TUN,Agricultural & Foods,82880.831184,Africa,Tunisia
2017,TUN,Art & Collectibles,3032.479964,Africa,Tunisia
2017,TUN,Base Metals,46367.181735,Africa,Tunisia
2017,TUN,Chemical & Pharmaceutical,6712.75411,Africa,Tunisia
2017,TUN,Consumer Goods & Crafts,24389.885897,Africa,Tunisia
2017,TUN,Energy & Minerals,93140.629081,Africa,Tunisia
2017,TUN,Industrial Equipment & Technology,212767.60826,Africa,Tunisia
2017,TUN,Textile & Apparel Manufacturing,82799.456693,Africa,Tunisia
2017,TZA,Agricultural & Foods,11807.036359,Africa,Tanzania
2017,TZA,Art & Collectibles,517.455685,Africa,Tanzania
2017,TZA,Base Metals,5571.979942,Africa,Tanzania
2017,TZA,Chemical & Pharmaceutical,5964.321284,Africa,Tanzania
2017,TZA,Consumer Goods & Crafts,35025.146697,Africa,Tanzania
2017,TZA,Energy & Minerals,995.251319,Africa,Tanzania
2017,TZA,Industrial Equipment & Technology,24668.465316,Africa,Tanzania
2017,TZA,Textile & Apparel Manufacturing,44644.04752,Africa,Tanzania
2017,UGA,Agricultural & Foods,1610.976613,Africa,Uganda
2017,UGA,Art & Collectibles,53.680606,Africa,Uganda
2017,UGA,Base Metals,259.32084,Africa,Uganda
2017,UGA,Chemical & Pharmaceutical,11989.877032,Africa,Uganda
2017,UGA,Consumer Goods & Crafts,3507.495305,Africa,Uganda
2017,UGA,Energy & Minerals,1329.341088,Africa,Uganda
2017,UGA,Industrial Equipment & Technology,67914.293693,Africa,Uganda
2017,UGA,Textile & Apparel Manufacturing,2321.452105,Africa,Uganda
2017,ZAF,Agricultural & Foods,182502.131374,Africa,South Africa
2017,ZAF,Art & Collectibles,25441.809536,Africa,South Africa
2017,ZAF,Base Metals,1661903.381083,Africa,South Africa
2017,ZAF,Chemical & Pharmaceutical,573828.054034,Africa,South Africa
2017,ZAF,Consumer Goods & Crafts,2760673.801612,Africa,South Africa
2017,ZAF,Energy & Minerals,1108212.414664,Africa,South Africa
2017,ZAF,Industrial Equipment & Technology,1769498.614274,Africa,South Africa
2017,ZAF,Textile & Apparel Manufacturing,41142.187709,Africa,South Africa
2017,ZMB,Agricultural & Foods,693.401742,Africa,Zambia
2017,ZMB,Art & Collectibles,67.046584,Africa,Zambia
2017,ZMB,Base Metals,16839.160316,Africa,Zambia
2017,ZMB,Chemical & Pharmaceutical,320.478945,Africa,Zambia
2017,ZMB,Consumer Goods & Crafts,31957.854347,Africa,Zambia
2017,ZMB,Energy & Minerals,291.374829,Africa,Zambia
2017,ZMB,Industrial Equipment & Technology,1297.50393,Africa,Zambia
2017,ZMB,Textile & Apparel Manufacturing,148.758268,Africa,Zambia
2017,ZWE,Agricultural & Foods,13767.123036,Africa,Zimbabwe
2017,ZWE,Art & Collectibles,1182.104451,Africa,Zimbabwe
2017,ZWE,Base Metals,40787.244615,Africa,Zimbabwe
2017,ZWE,Chemical & Pharmaceutical,294.904637,Africa,Zimbabwe
2017,ZWE,Consumer Goods & Crafts,3538.08225,Africa,Zimbabwe
2017,ZWE,Energy & Minerals,1116.412859,Africa,Zimbabwe
2017,ZWE,Industrial Equipment & Technology,7051.220477,Africa,Zimbabwe
2017,ZWE,Textile & Apparel Manufacturing,1153.405368,Africa,Zimbabwe
2018,AGO,Agricultural & Foods,17.297651,Africa,Angola
2018,AGO,Art & Collectibles,22.656397,Africa,Angola
2018,AGO,Base Metals,2065.98602,Africa,Angola
2018,AGO,Chemical & Pharmaceutical,636.162486,Africa,Angola
2018,AGO,Consumer Goods & Crafts,189457.895827,Africa,Angola
2018,AGO,Energy & Minerals,2470644.047035,Africa,Angola
2018,AGO,Industrial Equipment & Technology,25828.55878,Africa,Angola
2018,AGO,Textile & Apparel Manufacturing,78.729688,Africa,Angola
2018,BDI,Art & Collectibles,2.89167,Africa,Burundi
2018,BDI,Chemical & Pharmaceutical,343.454599,Africa,Burundi
2018,BDI,Consumer Goods & Crafts,22.356973,Africa,Burundi
2018,BDI,Energy & Minerals,9249.394982,Africa,Burundi
2018,BDI,Industrial Equipment & Technology,10000.694539,Africa,Burundi
2018,BDI,Textile & Apparel Manufacturing,5.876396,Africa,Burundi
2018,BEN,Agricultural & Foods,4456.07896,Africa,Benin
2018,BEN,Art & Collectibles,581.314554,Africa,Benin
2018,BEN,Base Metals,20034.724664,Africa,Benin
2018,BEN,Chemical & Pharmaceutical,162.867378,Africa,Benin
2018,BEN,Consumer Goods & Crafts,1841.547676,Africa,Benin
2018,BEN,Energy & Minerals,7489.405415,Africa,Benin
2018,BEN,Industrial Equipment & Technology,3290.501225,Africa,Benin
2018,BEN,Textile & Apparel Manufacturing,414.397604,Africa,Benin
2018,BFA,Agricultural & Foods,157.137596,Africa,Burkina Faso
2018,BFA,Art & Collectibles,332.49396,Africa,Burkina Faso
2018,BFA,Base Metals,3528.022626,Africa,Burkina Faso
2018,BFA,Chemical & Pharmaceutical,1.12613,Africa,Burkina Faso
2018,BFA,Consumer Goods & Crafts,1251.612316,Africa,Burkina Faso
2018,BFA,Energy & Minerals,895.182928,Africa,Burkina Faso
2018,BFA,Industrial Equipment & Technology,3687.509958,Africa,Burkina Faso
2018,BFA,Textile & Apparel Manufacturing,307.360156,Africa,Burkina Faso
2018,BWA,Agricultural & Foods,10.237611,Africa,Botswana
2018,BWA,Art & Collectibles,0.694231,Africa,Botswana
2018,BWA,Base Metals,10.601597,Africa,Botswana
2018,BWA,Chemical & Pharmaceutical,44.408311,Africa,Botswana
2018,BWA,Consumer Goods & Crafts,416222.355334,Africa,Botswana
2018,BWA,Energy & Minerals,0.235159,Africa,Botswana
2018,BWA,Industrial Equipment & Technology,2222.221158,Africa,Botswana
2018,BWA,Textile & Apparel Manufacturing,11.38069,Africa,Botswana
2018,CAF,Agricultural & Foods,5.12554,Africa,Central African Republic
2018,CAF,Art & Collectibles,357.856969,Africa,Central African Republic
2018,CAF,Base Metals,27.503649,Africa,Central African Republic
2018,CAF,Chemical & Pharmaceutical,16.732635,Africa,Central African Republic
2018,CAF,Consumer Goods & Crafts,847.5107,Africa,Central African Republic
2018,CAF,Energy & Minerals,10.616796,Africa,Central African Republic
2018,CAF,Industrial Equipment & Technology,215.546958,Africa,Central African Republic
2018,CAF,Textile & Apparel Manufacturing,1713.889953,Africa,Central African Republic
2018,CIV,Agricultural & Foods,838187.453938,Africa,Côte d'Ivoire
2018,CIV,Art & Collectibles,3134.017454,Africa,Côte d'Ivoire
2018,CIV,Base Metals,29602.023623,Africa,Côte d'Ivoire
2018,CIV,Chemical & Pharmaceutical,115698.10996,Africa,Côte d'Ivoire
2018,CIV,Consumer Goods & Crafts,7665.901902,Africa,Côte d'Ivoire
2018,CIV,Energy & Minerals,390550.877961,Africa,Côte d'Ivoire
2018,CIV,Industrial Equipment & Technology,12255.332515,Africa,Côte d'Ivoire
2018,CIV,Textile & Apparel Manufacturing,2555.796712,Africa,Côte d'Ivoire
2018,CMR,Agricultural & Foods,26361.383909,Africa,Cameroon
2018,CMR,Art & Collectibles,4842.516746,Africa,Cameroon
2018,CMR,Base Metals,1689.656421,Africa,Cameroon
2018,CMR,Chemical & Pharmaceutical,27727.310121,Africa,Cameroon
2018,CMR,Consumer Goods & Crafts,34090.617685,Africa,Cameroon
2018,CMR,Energy & Minerals,158609.115292,Africa,Cameroon
2018,CMR,Industrial Equipment & Technology,15762.89794,Africa,Cameroon
2018,CMR,Textile & Apparel Manufacturing,1573.497884,Africa,Cameroon
2018,COD,Agricultural & Foods,5610.400816,Africa,DR Congo
2018,COD,Art & Collectibles,5749.587245,Africa,DR Congo
2018,COD,Base Metals,24222.606953,Africa,DR Congo
2018,COD,Chemical & Pharmaceutical,169.58749,Africa,DR Congo
2018,COD,Consumer Goods & Crafts,11008.558868,Africa,DR Congo
2018,COD,Energy & Minerals,7105.749158,Africa,DR Congo
2018,COD,Industrial Equipment & Technology,6383.667909,Africa,DR Congo
2018,COD,Textile & Apparel Manufacturing,95.531479,Africa,DR Congo
2018,COG,Agricultural & Foods,1431.407436,Africa,Congo Republic
2018,COG,Art & Collectibles,1108.152995,Africa,Congo Republic
2018,COG,Base Metals,6671.887754,Africa,Congo Republic
2018,COG,Chemical & Pharmaceutical,152.38536,Africa,Congo Republic
2018,COG,Consumer Goods & Crafts,14716.23606,Africa,Congo Republic
2018,COG,Energy & Minerals,413305.489759,Africa,Congo Republic
2018,COG,Industrial Equipment & Technology,37078.530506,Africa,Congo Republic
2018,COG,Textile & Apparel Manufacturing,20.462432,Africa,Congo Republic
2018,COM,Chemical & Pharmaceutical,500.63125,Africa,Comoros
2018,COM,Consumer Goods & Crafts,14.455226,Africa,Comoros
2018,COM,Industrial Equipment & Technology,2731.443089,Africa,Comoros
2018,COM,Textile & Apparel Manufacturing,4.469217,Africa,Comoros
2018,CPV,Agricultural & Foods,2358.687067,Africa,Cabo Verde
2018,CPV,Base Metals,2.267614,Africa,Cabo Verde
2018,CPV,Chemical & Pharmaceutical,170.034378,Africa,Cabo Verde
2018,CPV,Consumer Goods & Crafts,884.628101,Africa,Cabo Verde
2018,CPV,Industrial Equipment & Technology,518.322057,Africa,Cabo Verde
2018,CPV,Textile & Apparel Manufacturing,445.299655,Africa,Cabo Verde
2018,DJI,Agricultural & Foods,25.066849,Africa,Djibouti
2018,DJI,Base Metals,26.872606,Africa,Djibouti
2018,DJI,Chemical & Pharmaceutical,103.573697,Africa,Djibouti
2018,DJI,Consumer Goods & Crafts,180.456639,Africa,Djibouti
2018,DJI,Industrial Equipment & Technology,1725.856423,Africa,Djibouti
2018,DJI,Textile & Apparel Manufacturing,85.700101,Africa,Djibouti
2018,DZA,Agricultural & Foods,180.195351,Africa,Algeria
2018,DZA,Art & Collectibles,547.379238,Africa,Algeria
2018,DZA,Base Metals,31180.115164,Africa,Algeria
2018,DZA,Chemical & Pharmaceutical,138515.220507,Africa,Algeria
2018,DZA,Consumer Goods & Crafts,4074.423669,Africa,Algeria
2018,DZA,Energy & Minerals,5739140.287846,Africa,Algeria
2018,DZA,Industrial Equipment & Technology,1266.689594,Africa,Algeria
2018,DZA,Textile & Apparel Manufacturing,3.412136,Africa,Algeria
2018,EGY,Agricultural & Foods,110498.010507,Africa,Egypt
2018,EGY,Art & Collectibles,33978.008203,Africa,Egypt
2018,EGY,Base Metals,258246.867467,Africa,Egypt
2018,EGY,Chemical & Pharmaceutical,144839.299152,Africa,Egypt
2018,EGY,Consumer Goods & Crafts,124343.880678,Africa,Egypt
2018,EGY,Energy & Minerals,1050262.87375,Africa,Egypt
2018,EGY,Industrial Equipment & Technology,28747.205085,Africa,Egypt
2018,EGY,Textile & Apparel Manufacturing,1260463.574858,Africa,Egypt
2018,ERI,Agricultural & Foods,,Africa,Eritrea
2018,ERI,Art & Collectibles,,Africa,Eritrea
2018,ERI,Base Metals,,Africa,Eritrea
2018,ERI,Chemical & Pharmaceutical,,Africa,Eritrea
2018,ERI,Consumer Goods & Crafts,,Africa,Eritrea
2018,ERI,Industrial Equipment & Technology,,Africa,Eritrea
2018,ETH,Agricultural & Foods,28547.545917,Africa,Ethiopia
2018,ETH,Art & Collectibles,4093.240413,Africa,Ethiopia
2018,ETH,Base Metals,137.302889,Africa,Ethiopia
2018,ETH,Chemical & Pharmaceutical,1604.624673,Africa,Ethiopia
2018,ETH,Consumer Goods & Crafts,12575.31064,Africa,Ethiopia
2018,ETH,Energy & Minerals,0.689311,Africa,Ethiopia
2018,ETH,Industrial Equipment & Technology,213512.208931,Africa,Ethiopia
2018,ETH,Textile & Apparel Manufacturing,194462.587604,Africa,Ethiopia
2018,GAB,Agricultural & Foods,29.047592,Africa,Gabon
2018,GAB,Art & Collectibles,5547.412305,Africa,Gabon
2018,GAB,Base Metals,5648.615724,Africa,Gabon
2018,GAB,Chemical & Pharmaceutical,13049.82851,Africa,Gabon
2018,GAB,Consumer Goods & Crafts,11470.214455,Africa,Gabon
2018,GAB,Energy & Minerals,296169.996673,Africa,Gabon
2018,GAB,Industrial Equipment & Technology,270947.439621,Africa,Gabon
2018,GAB,Textile & Apparel Manufacturing,23.762611,Africa,Gabon
2018,GHA,Agricultural & Foods,182705.391887,Africa,Ghana
2018,GHA,Art & Collectibles,1305.025441,Africa,Ghana
2018,GHA,Base Metals,10234.824197,Africa,Ghana
2018,GHA,Chemical & Pharmaceutical,25715.846589,Africa,Ghana
2018,GHA,Consumer Goods & Crafts,46147.495125,Africa,Ghana
2018,GHA,Energy & Minerals,319812.577437,Africa,Ghana
2018,GHA,Industrial Equipment & Technology,3468.057561,Africa,Ghana
2018,GHA,Textile & Apparel Manufacturing,22667.898308,Africa,Ghana
2018,GIN,Agricultural & Foods,1373.927961,Africa,Guinea
2018,GIN,Art & Collectibles,79.614786,Africa,Guinea
2018,GIN,Base Metals,1459.679601,Africa,Guinea
2018,GIN,Chemical & Pharmaceutical,1212.505374,Africa,Guinea
2018,GIN,Consumer Goods & Crafts,2702.779617,Africa,Guinea
2018,GIN,Energy & Minerals,7.188546,Africa,Guinea
2018,GIN,Industrial Equipment & Technology,833.730867,Africa,Guinea
2018,GIN,Textile & Apparel Manufacturing,19.62957,Africa,Guinea
2018,GMB,Agricultural & Foods,79.442129,Africa,Gambia
2018,GMB,Art & Collectibles,21.880201,Africa,Gambia
2018,GMB,Base Metals,3.016155,Africa,Gambia
2018,GMB,Chemical & Pharmaceutical,296.606394,Africa,Gambia
2018,GMB,Consumer Goods & Crafts,49.915843,Africa,Gambia
2018,GMB,Industrial Equipment & Technology,197.132113,Africa,Gambia
2018,GMB,Textile & Apparel Manufacturing,72.706993,Africa,Gambia
2018,GNB,Base Metals,166.919218,Africa,Guinea-Bissau
2018,GNB,Industrial Equipment & Technology,23.62524,Africa,Guinea-Bissau
2018,GNQ,Chemical & Pharmaceutical,141926.227019,Africa,Equatorial Guinea
2018,GNQ,Consumer Goods & Crafts,102.518119,Africa,Equatorial Guinea
2018,GNQ,Energy & Minerals,502137.095166,Africa,Equatorial Guinea
2018,GNQ,Industrial Equipment & Technology,14.862395,Africa,Equatorial Guinea
2018,KEN,Agricultural & Foods,16331.662202,Africa,Kenya
2018,KEN,Art & Collectibles,878.015893,Africa,Kenya
2018,KEN,Base Metals,66328.203681,Africa,Kenya
2018,KEN,Chemical & Pharmaceutical,11665.996009,Africa,Kenya
2018,KEN,Consumer Goods & Crafts,7009.198353,Africa,Kenya
2018,KEN,Energy & Minerals,13996.850359,Africa,Kenya
2018,KEN,Industrial Equipment & Technology,74017.460301,Africa,Kenya
2018,KEN,Textile & Apparel Manufacturing,430195.607702,Africa,Kenya
2018,LBR,Agricultural & Foods,1550.319785,Africa,Liberia
2018,LBR,Art & Collectibles,2330.304546,Africa,Liberia
2018,LBR,Base Metals,20.953638,Africa,Liberia
2018,LBR,Chemical & Pharmaceutical,78252.488829,Africa,Liberia
2018,LBR,Consumer Goods & Crafts,3517.170339,Africa,Liberia
2018,LBR,Energy & Minerals,17.668566,Africa,Liberia
2018,LBR,Industrial Equipment & Technology,379.476146,Africa,Liberia
2018,LBR,Textile & Apparel Manufacturing,1802.352737,Africa,Liberia
2018,LBY,Art & Collectibles,111.934428,Africa,Libya
2018,LBY,Chemical & Pharmaceutical,8931.763012,Africa,Libya
2018,LBY,Consumer Goods & Crafts,9.560233,Africa,Libya
2018,LBY,Energy & Minerals,742791.18146,Africa,Libya
2018,LBY,Industrial Equipment & Technology,46.56385,Africa,Libya
2018,LBY,Textile & Apparel Manufacturing,1.438292,Africa,Libya
2018,LSO,Agricultural & Foods,203.728734,Africa,Lesotho
2018,LSO,Art & Collectibles,9.917136,Africa,Lesotho
2018,LSO,Base Metals,14.526508,Africa,Lesotho
2018,LSO,Chemical & Pharmaceutical,237.721001,Africa,Lesotho
2018,LSO,Consumer Goods & Crafts,97675.03538,Africa,Lesotho
2018,LSO,Industrial Equipment & Technology,1958.610009,Africa,Lesotho
2018,LSO,Textile & Apparel Manufacturing,309800.542794,Africa,Lesotho
2018,MAR,Agricultural & Foods,164473.133791,Africa,Morocco
2018,MAR,Art & Collectibles,4228.127577,Africa,Morocco
2018,MAR,Base Metals,154817.902087,Africa,Morocco
2018,MAR,Chemical & Pharmaceutical,917001.244503,Africa,Morocco
2018,MAR,Consumer Goods & Crafts,33632.322625,Africa,Morocco
2018,MAR,Energy & Minerals,126209.376722,Africa,Morocco
2018,MAR,Industrial Equipment & Technology,248679.750673,Africa,Morocco
2018,MAR,Textile & Apparel Manufacturing,176286.068935,Africa,Morocco
2018,MDG,Agricultural & Foods,6273.46911,Africa,Madagascar
2018,MDG,Art & Collectibles,1399.779114,Africa,Madagascar
2018,MDG,Base Metals,99849.50393,Africa,Madagascar
2018,MDG,Chemical & Pharmaceutical,10485.20268,Africa,Madagascar
2018,MDG,Consumer Goods & Crafts,21978.026306,Africa,Madagascar
2018,MDG,Energy & Minerals,44046.701988,Africa,Madagascar
2018,MDG,Industrial Equipment & Technology,538560.590117,Africa,Madagascar
2018,MDG,Textile & Apparel Manufacturing,214482.40948,Africa,Madagascar
2018,MLI,Agricultural & Foods,687.651494,Africa,Mali
2018,MLI,Art & Collectibles,2646.588865,Africa,Mali
2018,MLI,Base Metals,211.229345,Africa,Mali
2018,MLI,Chemical & Pharmaceutical,5015.56555,Africa,Mali
2018,MLI,Consumer Goods & Crafts,220.383745,Africa,Mali
2018,MLI,Energy & Minerals,1.730287,Africa,Mali
2018,MLI,Industrial Equipment & Technology,17090.658816,Africa,Mali
2018,MLI,Textile & Apparel Manufacturing,250.658393,Africa,Mali
2018,MOZ,Agricultural & Foods,15735.598515,Africa,Mozambique
2018,MOZ,Art & Collectibles,107.316686,Africa,Mozambique
2018,MOZ,Base Metals,28655.504674,Africa,Mozambique
2018,MOZ,Chemical & Pharmaceutical,6486.327751,Africa,Mozambique
2018,MOZ,Consumer Goods & Crafts,59251.726827,Africa,Mozambique
2018,MOZ,Energy & Minerals,40740.007722,Africa,Mozambique
2018,MOZ,Industrial Equipment & Technology,19969.205025,Africa,Mozambique
2018,MOZ,Textile & Apparel Manufacturing,91.680841,Africa,Mozambique
2018,MRT,Agricultural & Foods,973.763412,Africa,Mauritania
2018,MRT,Art & Collectibles,51.706496,Africa,Mauritania
2018,MRT,Base Metals,17.700308,Africa,Mauritania
2018,MRT,Chemical & Pharmaceutical,5245.09649,Africa,Mauritania
2018,MRT,Consumer Goods & Crafts,1005.154461,Africa,Mauritania
2018,MRT,Industrial Equipment & Technology,325.272497,Africa,Mauritania
2018,MRT,Textile & Apparel Manufacturing,28.739525,Africa,Mauritania
2018,MUS,Agricultural & Foods,64100.019291,Africa,Mauritius
2018,MUS,Art & Collectibles,22.908707,Africa,Mauritius
2018,MUS,Base Metals,290.611897,Africa,Mauritius
2018,MUS,Chemical & Pharmaceutical,16768.229239,Africa,Mauritius
2018,MUS,Consumer Goods & Crafts,59588.377019,Africa,Mauritius
2018,MUS,Energy & Minerals,363.707364,Africa,Mauritius
2018,MUS,Industrial Equipment & Technology,27673.294959,Africa,Mauritius
2018,MUS,Textile & Apparel Manufacturing,140153.862985,Africa,Mauritius
2018,MWI,Agricultural & Foods,33739.077816,Africa,Malawi
2018,MWI,Art & Collectibles,3.608865,Africa,Malawi
2018,MWI,Base Metals,9592.852733,Africa,Malawi
2018,MWI,Chemical & Pharmaceutical,40.160396,Africa,Malawi
2018,MWI,Consumer Goods & Crafts,358.813722,Africa,Malawi
2018,MWI,Energy & Minerals,9.697032,Africa,Malawi
2018,MWI,Industrial Equipment & Technology,16915.012753,Africa,Malawi
2018,MWI,Textile & Apparel Manufacturing,2048.845849,Africa,Malawi
2018,NAM,Agricultural & Foods,634.367723,Africa,Namibia
2018,NAM,Art & Collectibles,291.047963,Africa,Namibia
2018,NAM,Base Metals,3377.33236,Africa,Namibia
2018,NAM,Chemical & Pharmaceutical,863.098214,Africa,Namibia
2018,NAM,Consumer Goods & Crafts,92494.563647,Africa,Namibia
2018,NAM,Energy & Minerals,13834.131452,Africa,Namibia
2018,NAM,Industrial Equipment & Technology,2574.328617,Africa,Namibia
2018,NAM,Textile & Apparel Manufacturing,315.303245,Africa,Namibia
2018,NER,Agricultural & Foods,442.020294,Africa,Niger
2018,NER,Art & Collectibles,3406.555698,Africa,Niger
2018,NER,Base Metals,1412.714659,Africa,Niger
2018,NER,Chemical & Pharmaceutical,160.100009,Africa,Niger
2018,NER,Consumer Goods & Crafts,333.393239,Africa,Niger
2018,NER,Energy & Minerals,20543.713328,Africa,Niger
2018,NER,Industrial Equipment & Technology,9947.430211,Africa,Niger
2018,NER,Textile & Apparel Manufacturing,625.532323,Africa,Niger
2018,NGA,Agricultural & Foods,16895.197553,Africa,Nigeria
2018,NGA,Art & Collectibles,3186.274354,Africa,Nigeria
2018,NGA,Base Metals,5043.60172,Africa,Nigeria
2018,NGA,Chemical & Pharmaceutical,23896.658899,Africa,Nigeria
2018,NGA,Consumer Goods & Crafts,5802.191591,Africa,Nigeria
2018,NGA,Energy & Minerals,2210449.053135,Africa,Nigeria
2018,NGA,Industrial Equipment & Technology,856.043947,Africa,Nigeria
2018,NGA,Textile & Apparel Manufacturing,5630.681554,Africa,Nigeria
2018,RWA,Agricultural & Foods,2662.324763,Africa,Rwanda
2018,RWA,Art & Collectibles,173.802923,Africa,Rwanda
2018,RWA,Base Metals,825.209166,Africa,Rwanda
2018,RWA,Chemical & Pharmaceutical,139.345685,Africa,Rwanda
2018,RWA,Consumer Goods & Crafts,2812.091859,Africa,Rwanda
2018,RWA,Energy & Minerals,34343.91861,Africa,Rwanda
2018,RWA,Industrial Equipment & Technology,35593.731659,Africa,Rwanda
2018,RWA,Textile & Apparel Manufacturing,3445.387736,Africa,Rwanda
2018,SDN,Agricultural & Foods,26244.983979,Africa,Sudan
2018,SDN,Art & Collectibles,0.001552,Africa,Sudan
2018,SDN,Chemical & Pharmaceutical,3.104654,Africa,Sudan
2018,SDN,Consumer Goods & Crafts,4971.390161,Africa,Sudan
2018,SDN,Energy & Minerals,0.866198,Africa,Sudan
2018,SDN,Industrial Equipment & Technology,18.345398,Africa,Sudan
2018,SEN,Agricultural & Foods,35555.530471,Africa,Senegal
2018,SEN,Art & Collectibles,431.439294,Africa,Senegal
2018,SEN,Base Metals,414.32576,Africa,Senegal
2018,SEN,Chemical & Pharmaceutical,25433.815672,Africa,Senegal
2018,SEN,Consumer Goods & Crafts,1646.261805,Africa,Senegal
2018,SEN,Energy & Minerals,38016.447879,Africa,Senegal
2018,SEN,Industrial Equipment & Technology,2689.760893,Africa,Senegal
2018,SEN,Textile & Apparel Manufacturing,66147.841993,Africa,Senegal
2018,SLE,Agricultural & Foods,742.155303,Africa,Sierra Leone
2018,SLE,Art & Collectibles,6.049844,Africa,Sierra Leone
2018,SLE,Base Metals,348.650656,Africa,Sierra Leone
2018,SLE,Chemical & Pharmaceutical,1784.137619,Africa,Sierra Leone
2018,SLE,Consumer Goods & Crafts,5081.604657,Africa,Sierra Leone
2018,SLE,Energy & Minerals,12827.986179,Africa,Sierra Leone
2018,SLE,Industrial Equipment & Technology,27059.756608,Africa,Sierra Leone
2018,SLE,Textile & Apparel Manufacturing,616.929927,Africa,Sierra Leone
2018,SOM,Agricultural & Foods,305.617707,Africa,Somalia
2018,SOM,Art & Collectibles,3.211387,Africa,Somalia
2018,SOM,Chemical & Pharmaceutical,1114.65958,Africa,Somalia
2018,SOM,Industrial Equipment & Technology,309.537823,Africa,Somalia
2018,SOM,Textile & Apparel Manufacturing,25.973787,Africa,Somalia
2018,SSD,Agricultural & Foods,5.564253,Africa,South Sudan
2018,SSD,Base Metals,8.369143,Africa,South Sudan
2018,SSD,Consumer Goods & Crafts,25.507044,Africa,South Sudan
2018,STP,Agricultural & Foods,95.133787,Africa,Sao Tome and Principe
2018,STP,Art & Collectibles,5.135376,Africa,Sao Tome and Principe
2018,STP,Base Metals,12.523527,Africa,Sao Tome and Principe
2018,STP,Chemical & Pharmaceutical,37.625863,Africa,Sao Tome and Principe
2018,STP,Consumer Goods & Crafts,74.726539,Africa,Sao Tome and Principe
2018,STP,Energy & Minerals,49.28066,Africa,Sao Tome and Principe
2018,STP,Industrial Equipment & Technology,1052.238837,Africa,Sao Tome and Principe
2018,STP,Textile & Apparel Manufacturing,5.210403,Africa,Sao Tome and Principe
2018,SWZ,Agricultural & Foods,7578.238897,Africa,Eswatini
2018,SWZ,Art & Collectibles,16.054812,Africa,Eswatini
2018,SWZ,Base Metals,379.068682,Africa,Eswatini
2018,SWZ,Chemical & Pharmaceutical,1046.016164,Africa,Eswatini
2018,SWZ,Consumer Goods & Crafts,1046.113246,Africa,Eswatini
2018,SWZ,Industrial Equipment & Technology,1762.650546,Africa,Eswatini
2018,SWZ,Textile & Apparel Manufacturing,1156.244995,Africa,Eswatini
2018,SYC,Agricultural & Foods,2490.419735,Africa,Seychelles
2018,SYC,Art & Collectibles,13.158242,Africa,Seychelles
2018,SYC,Base Metals,448.448064,Africa,Seychelles
2018,SYC,Chemical & Pharmaceutical,5659.919633,Africa,Seychelles
2018,SYC,Consumer Goods & Crafts,1306.386553,Africa,Seychelles
2018,SYC,Energy & Minerals,124.28039,Africa,Seychelles
2018,SYC,Industrial Equipment & Technology,1950.639044,Africa,Seychelles
2018,SYC,Textile & Apparel Manufacturing,336.247998,Africa,Seychelles
2018,TCD,Agricultural & Foods,8313.375591,Africa,Chad
2018,TCD,Base Metals,2.923005,Africa,Chad
2018,TCD,Chemical & Pharmaceutical,1.258805,Africa,Chad
2018,TCD,Consumer Goods & Crafts,6.379254,Africa,Chad
2018,TCD,Energy & Minerals,531038.091152,Africa,Chad
2018,TCD,Industrial Equipment & Technology,1197.532863,Africa,Chad
2018,TGO,Agricultural & Foods,2109.583505,Africa,Togo
2018,TGO,Art & Collectibles,36.831379,Africa,Togo
2018,TGO,Base Metals,1270.349101,Africa,Togo
2018,TGO,Chemical & Pharmaceutical,2088.883759,Africa,Togo
2018,TGO,Consumer Goods & Crafts,243.122691,Africa,Togo
2018,TGO,Energy & Minerals,4.768428,Africa,Togo
2018,TGO,Industrial Equipment & Technology,564.622853,Africa,Togo
2018,TGO,Textile & Apparel Manufacturing,7529.626717,Africa,Togo
2018,TUN,Agricultural & Foods,223513.917292,Africa,Tunisia
2018,TUN,Art & Collectibles,1832.15818,Africa,Tunisia
2018,TUN,Base Metals,67445.167943,Africa,Tunisia
2018,TUN,Chemical & Pharmaceutical,5542.961389,Africa,Tunisia
2018,TUN,Consumer Goods & Crafts,31641.036778,Africa,Tunisia
2018,TUN,Energy & Minerals,137809.310707,Africa,Tunisia
2018,TUN,Industrial Equipment & Technology,200256.265601,Africa,Tunisia
2018,TUN,Textile & Apparel Manufacturing,96749.44534,Africa,Tunisia
2018,TZA,Agricultural & Foods,12883.473572,Africa,Tanzania
2018,TZA,Art & Collectibles,704.548765,Africa,Tanzania
2018,TZA,Base Metals,77748.57836,Africa,Tanzania
2018,TZA,Chemical & Pharmaceutical,17675.445866,Africa,Tanzania
2018,TZA,Consumer Goods & Crafts,25824.097989,Africa,Tanzania
2018,TZA,Energy & Minerals,785.209848,Africa,Tanzania
2018,TZA,Industrial Equipment & Technology,31912.606283,Africa,Tanzania
2018,TZA,Textile & Apparel Manufacturing,44877.9365,Africa,Tanzania
2018,UGA,Agricultural & Foods,2227.428638,Africa,Uganda
2018,UGA,Art & Collectibles,86.308524,Africa,Uganda
2018,UGA,Base Metals,100.35447,Africa,Uganda
2018,UGA,Chemical & Pharmaceutical,6744.724522,Africa,Uganda
2018,UGA,Consumer Goods & Crafts,3359.303753,Africa,Uganda
2018,UGA,Energy & Minerals,2416.036262,Africa,Uganda
2018,UGA,Industrial Equipment & Technology,63566.855152,Africa,Uganda
2018,UGA,Textile & Apparel Manufacturing,3710.567084,Africa,Uganda
2018,ZAF,Agricultural & Foods,160897.139253,Africa,South Africa
2018,ZAF,Art & Collectibles,41596.393196,Africa,South Africa
2018,ZAF,Base Metals,1710328.307194,Africa,South Africa
2018,ZAF,Chemical & Pharmaceutical,622829.798641,Africa,South Africa
2018,ZAF,Consumer Goods & Crafts,3301732.126793,Africa,South Africa
2018,ZAF,Energy & Minerals,1087972.154458,Africa,South Africa
2018,ZAF,Industrial Equipment & Technology,1109641.258351,Africa,South Africa
2018,ZAF,Textile & Apparel Manufacturing,36819.270328,Africa,South Africa
2018,ZMB,Agricultural & Foods,587.678843,Africa,Zambia
2018,ZMB,Art & Collectibles,79.983189,Africa,Zambia
2018,ZMB,Base Metals,105604.682998,Africa,Zambia
2018,ZMB,Chemical & Pharmaceutical,116.374204,Africa,Zambia
2018,ZMB,Consumer Goods & Crafts,46711.660152,Africa,Zambia
2018,ZMB,Energy & Minerals,1713.066276,Africa,Zambia
2018,ZMB,Industrial Equipment & Technology,2487.160143,Africa,Zambia
2018,ZMB,Textile & Apparel Manufacturing,100.867267,Africa,Zambia
2018,ZWE,Agricultural & Foods,9049.285244,Africa,Zimbabwe
2018,ZWE,Art & Collectibles,552.806391,Africa,Zimbabwe
2018,ZWE,Base Metals,49822.189842,Africa,Zimbabwe
2018,ZWE,Chemical & Pharmaceutical,39.392859,Africa,Zimbabwe
2018,ZWE,Consumer Goods & Crafts,1604.862656,Africa,Zimbabwe
2018,ZWE,Energy & Minerals,302.243631,Africa,Zimbabwe
2018,ZWE,Industrial Equipment & Technology,5194.440223,Africa,Zimbabwe
2018,ZWE,Textile & Apparel Manufacturing,957.461525,Africa,Zimbabwe
2019,AGO,Agricultural & Foods,2.726202,Africa,Angola
2019,AGO,Art & Collectibles,22.599601,Africa,Angola
2019,AGO,Base Metals,2964.875882,Africa,Angola
2019,AGO,Chemical & Pharmaceutical,106.210838,Africa,Angola
2019,AGO,Consumer Goods & Crafts,64691.866237,Africa,Angola
2019,AGO,Energy & Minerals,1065230.509568,Africa,Angola
2019,AGO,Industrial Equipment & Technology,54639.813773,Africa,Angola
2019,AGO,Textile & Apparel Manufacturing,48.942091,Africa,Angola
2019,BDI,Agricultural & Foods,131.782294,Africa,Burundi
2019,BDI,Art & Collectibles,42.883557,Africa,Burundi
2019,BDI,Base Metals,0.291181,Africa,Burundi
2019,BDI,Chemical & Pharmaceutical,6.497336,Africa,Burundi
2019,BDI,Consumer Goods & Crafts,31.68593,Africa,Burundi
2019,BDI,Energy & Minerals,2028.100756,Africa,Burundi
2019,BDI,Industrial Equipment & Technology,12507.692086,Africa,Burundi
2019,BDI,Textile & Apparel Manufacturing,3.200138,Africa,Burundi
2019,BEN,Agricultural & Foods,5651.283555,Africa,Benin
2019,BEN,Art & Collectibles,76.500788,Africa,Benin
2019,BEN,Base Metals,8696.9988,Africa,Benin
2019,BEN,Chemical & Pharmaceutical,44.895388,Africa,Benin
2019,BEN,Consumer Goods & Crafts,318.38051,Africa,Benin
2019,BEN,Energy & Minerals,2125.030682,Africa,Benin
2019,BEN,Industrial Equipment & Technology,223.279585,Africa,Benin
2019,BEN,Textile & Apparel Manufacturing,142.808906,Africa,Benin
2019,BFA,Agricultural & Foods,324.358083,Africa,Burkina Faso
2019,BFA,Art & Collectibles,219.854257,Africa,Burkina Faso
2019,BFA,Base Metals,6051.935425,Africa,Burkina Faso
2019,BFA,Chemical & Pharmaceutical,0.099686,Africa,Burkina Faso
2019,BFA,Consumer Goods & Crafts,486.00266,Africa,Burkina Faso
2019,BFA,Energy & Minerals,1245.874019,Africa,Burkina Faso
2019,BFA,Industrial Equipment & Technology,657.045388,Africa,Burkina Faso
2019,BFA,Textile & Apparel Manufacturing,90.114147,Africa,Burkina Faso
2019,BWA,Agricultural & Foods,38.750295,Africa,Botswana
2019,BWA,Art & Collectibles,9.346108,Africa,Botswana
2019,BWA,Base Metals,19.39073,Africa,Botswana
2019,BWA,Chemical & Pharmaceutical,90.132935,Africa,Botswana
2019,BWA,Consumer Goods & Crafts,290003.526061,Africa,Botswana
2019,BWA,Energy & Minerals,0.270808,Africa,Botswana
2019,BWA,Industrial Equipment & Technology,2289.494553,Africa,Botswana
2019,BWA,Textile & Apparel Manufacturing,11.958548,Africa,Botswana
2019,CAF,Agricultural & Foods,435.925518,Africa,Central African Republic
2019,CAF,Art & Collectibles,37.731691,Africa,Central African Republic
2019,CAF,Base Metals,94.80449,Africa,Central African Republic
2019,CAF,Chemical & Pharmaceutical,24.006608,Africa,Central African Republic
2019,CAF,Consumer Goods & Crafts,2945.896686,Africa,Central African Republic
2019,CAF,Industrial Equipment & Technology,175.135542,Africa,Central African Republic
2019,CAF,Textile & Apparel Manufacturing,204.051146,Africa,Central African Republic
2019,CIV,Agricultural & Foods,812058.863124,Africa,Côte d'Ivoire
2019,CIV,Art & Collectibles,3647.424573,Africa,Côte d'Ivoire
2019,CIV,Base Metals,27056.821793,Africa,Côte d'Ivoire
2019,CIV,Chemical & Pharmaceutical,113318.318776,Africa,Côte d'Ivoire
2019,CIV,Consumer Goods & Crafts,6598.847481,Africa,Côte d'Ivoire
2019,CIV,Energy & Minerals,137215.473012,Africa,Côte d'Ivoire
2019,CIV,Industrial Equipment & Technology,6585.59567,Africa,Côte d'Ivoire
2019,CIV,Textile & Apparel Manufacturing,475.12294,Africa,Côte d'Ivoire
2019,CMR,Agricultural & Foods,30166.825491,Africa,Cameroon
2019,CMR,Art & Collectibles,1522.621386,Africa,Cameroon
2019,CMR,Base Metals,634.742635,Africa,Cameroon
2019,CMR,Chemical & Pharmaceutical,16299.799377,Africa,Cameroon
2019,CMR,Consumer Goods & Crafts,44040.903612,Africa,Cameroon
2019,CMR,Energy & Minerals,292622.184661,Africa,Cameroon
2019,CMR,Industrial Equipment & Technology,6034.812659,Africa,Cameroon
2019,CMR,Textile & Apparel Manufacturing,1203.917373,Africa,Cameroon
2019,COD,Agricultural & Foods,7979.936849,Africa,DR Congo
2019,COD,Art & Collectibles,5832.76233,Africa,DR Congo
2019,COD,Base Metals,8.018751,Africa,DR Congo
2019,COD,Chemical & Pharmaceutical,390.031485,Africa,DR Congo
2019,COD,Consumer Goods & Crafts,6388.138843,Africa,DR Congo
2019,COD,Energy & Minerals,362.341488,Africa,DR Congo
2019,COD,Industrial Equipment & Technology,6619.803933,Africa,DR Congo
2019,COD,Textile & Apparel Manufacturing,131.154586,Africa,DR Congo
2019,COG,Agricultural & Foods,1970.629689,Africa,Congo Republic
2019,COG,Art & Collectibles,2522.978009,Africa,Congo Republic
2019,COG,Base Metals,146.371473,Africa,Congo Republic
2019,COG,Chemical & Pharmaceutical,61.05154,Africa,Congo Republic
2019,COG,Consumer Goods & Crafts,17163.0582,Africa,Congo Republic
2019,COG,Energy & Minerals,588858.300931,Africa,Congo Republic
2019,COG,Industrial Equipment & Technology,3084.445004,Africa,Congo Republic
2019,COG,Textile & Apparel Manufacturing,34.928252,Africa,Congo Republic
2019,COM,Art & Collectibles,9.155894,Africa,Comoros
2019,COM,Chemical & Pharmaceutical,1356.048437,Africa,Comoros
2019,COM,Energy & Minerals,0.381041,Africa,Comoros
2019,COM,Industrial Equipment & Technology,895.042716,Africa,Comoros
2019,COM,Textile & Apparel Manufacturing,1.004463,Africa,Comoros
2019,CPV,Agricultural & Foods,2850.601388,Africa,Cabo Verde
2019,CPV,Base Metals,5.758771,Africa,Cabo Verde
2019,CPV,Chemical & Pharmaceutical,129.93837,Africa,Cabo Verde
2019,CPV,Consumer Goods & Crafts,711.24166,Africa,Cabo Verde
2019,CPV,Industrial Equipment & Technology,1399.892739,Africa,Cabo Verde
2019,CPV,Textile & Apparel Manufacturing,19.911496,Africa,Cabo Verde
2019,DJI,Agricultural & Foods,59.761452,Africa,Djibouti
2019,DJI,Art & Collectibles,5.296672,Africa,Djibouti
2019,DJI,Chemical & Pharmaceutical,104.478789,Africa,Djibouti
2019,DJI,Consumer Goods & Crafts,182.096262,Africa,Djibouti
2019,DJI,Industrial Equipment & Technology,2252.195152,Africa,Djibouti
2019,DJI,Textile & Apparel Manufacturing,176.553972,Africa,Djibouti
2019,DZA,Agricultural & Foods,38.46805,Africa,Algeria
2019,DZA,Art & Collectibles,33.352692,Africa,Algeria
2019,DZA,Base Metals,69291.978951,Africa,Algeria
2019,DZA,Chemical & Pharmaceutical,151437.314893,Africa,Algeria
2019,DZA,Consumer Goods & Crafts,218.751301,Africa,Algeria
2019,DZA,Energy & Minerals,2988269.430293,Africa,Algeria
2019,DZA,Industrial Equipment & Technology,1497.99855,Africa,Algeria
2019,DZA,Textile & Apparel Manufacturing,2.228898,Africa,Algeria
2019,EGY,Agricultural & Foods,121903.716325,Africa,Egypt
2019,EGY,Art & Collectibles,129042.052928,Africa,Egypt
2019,EGY,Base Metals,200539.08296,Africa,Egypt
2019,EGY,Chemical & Pharmaceutical,220207.93553,Africa,Egypt
2019,EGY,Consumer Goods & Crafts,132279.118142,Africa,Egypt
2019,EGY,Energy & Minerals,1340197.033614,Africa,Egypt
2019,EGY,Industrial Equipment & Technology,35312.596494,Africa,Egypt
2019,EGY,Textile & Apparel Manufacturing,1255040.440245,Africa,Egypt
2019,ERI,Agricultural & Foods,,Africa,Eritrea
2019,ERI,Chemical & Pharmaceutical,,Africa,Eritrea
2019,ERI,Consumer Goods & Crafts,,Africa,Eritrea
2019,ERI,Industrial Equipment & Technology,,Africa,Eritrea
2019,ETH,Agricultural & Foods,23341.400696,Africa,Ethiopia
2019,ETH,Art & Collectibles,1091.306814,Africa,Ethiopia
2019,ETH,Base Metals,113.70639,Africa,Ethiopia
2019,ETH,Chemical & Pharmaceutical,1354.466972,Africa,Ethiopia
2019,ETH,Consumer Goods & Crafts,15593.354184,Africa,Ethiopia
2019,ETH,Energy & Minerals,3.142056,Africa,Ethiopia
2019,ETH,Industrial Equipment & Technology,227928.095827,Africa,Ethiopia
2019,ETH,Textile & Apparel Manufacturing,307336.694583,Africa,Ethiopia
2019,GAB,Agricultural & Foods,347.142465,Africa,Gabon
2019,GAB,Art & Collectibles,5144.178646,Africa,Gabon
2019,GAB,Base Metals,632.802113,Africa,Gabon
2019,GAB,Chemical & Pharmaceutical,6620.677789,Africa,Gabon
2019,GAB,Consumer Goods & Crafts,12133.737391,Africa,Gabon
2019,GAB,Energy & Minerals,169051.982871,Africa,Gabon
2019,GAB,Industrial Equipment & Technology,39646.832941,Africa,Gabon
2019,GAB,Textile & Apparel Manufacturing,97.737183,Africa,Gabon
2019,GHA,Agricultural & Foods,250797.794156,Africa,Ghana
2019,GHA,Art & Collectibles,4325.181446,Africa,Ghana
2019,GHA,Base Metals,6680.455039,Africa,Ghana
2019,GHA,Chemical & Pharmaceutical,27392.18938,Africa,Ghana
2019,GHA,Consumer Goods & Crafts,41928.441042,Africa,Ghana
2019,GHA,Energy & Minerals,645587.145415,Africa,Ghana
2019,GHA,Industrial Equipment & Technology,2527.23388,Africa,Ghana
2019,GHA,Textile & Apparel Manufacturing,19431.311798,Africa,Ghana
2019,GIN,Agricultural & Foods,222.367827,Africa,Guinea
2019,GIN,Art & Collectibles,24.640274,Africa,Guinea
2019,GIN,Base Metals,1634.788804,Africa,Guinea
2019,GIN,Chemical & Pharmaceutical,1464.658747,Africa,Guinea
2019,GIN,Consumer Goods & Crafts,1997.519634,Africa,Guinea
2019,GIN,Energy & Minerals,2696.381598,Africa,Guinea
2019,GIN,Industrial Equipment & Technology,1449.695897,Africa,Guinea
2019,GIN,Textile & Apparel Manufacturing,29.44837,Africa,Guinea
2019,GMB,Agricultural & Foods,222.800839,Africa,Gambia
2019,GMB,Art & Collectibles,10.672367,Africa,Gambia
2019,GMB,Base Metals,20.466911,Africa,Gambia
2019,GMB,Chemical & Pharmaceutical,220.213179,Africa,Gambia
2019,GMB,Consumer Goods & Crafts,26.057705,Africa,Gambia
2019,GMB,Industrial Equipment & Technology,74.448761,Africa,Gambia
2019,GMB,Textile & Apparel Manufacturing,114.309806,Africa,Gambia
2019,GNB,Base Metals,2036.255435,Africa,Guinea-Bissau
2019,GNB,Industrial Equipment & Technology,173.916503,Africa,Guinea-Bissau
2019,GNQ,Art & Collectibles,5.555617,Africa,Equatorial Guinea
2019,GNQ,Base Metals,2.71921,Africa,Equatorial Guinea
2019,GNQ,Chemical & Pharmaceutical,117743.593883,Africa,Equatorial Guinea
2019,GNQ,Energy & Minerals,289211.515481,Africa,Equatorial Guinea
2019,GNQ,Industrial Equipment & Technology,39.159228,Africa,Equatorial Guinea
2019,GNQ,Textile & Apparel Manufacturing,1.295087,Africa,Equatorial Guinea
2019,KEN,Agricultural & Foods,12519.276418,Africa,Kenya
2019,KEN,Art & Collectibles,974.799633,Africa,Kenya
2019,KEN,Base Metals,50390.731221,Africa,Kenya
2019,KEN,Chemical & Pharmaceutical,13488.646082,Africa,Kenya
2019,KEN,Consumer Goods & Crafts,8281.06666,Africa,Kenya
2019,KEN,Energy & Minerals,67516.913022,Africa,Kenya
2019,KEN,Industrial Equipment & Technology,40126.596717,Africa,Kenya
2019,KEN,Textile & Apparel Manufacturing,427712.824537,Africa,Kenya
2019,LBR,Agricultural & Foods,1333.664915,Africa,Liberia
2019,LBR,Art & Collectibles,484.803752,Africa,Liberia
2019,LBR,Base Metals,13.449637,Africa,Liberia
2019,LBR,Chemical & Pharmaceutical,96046.475506,Africa,Liberia
2019,LBR,Consumer Goods & Crafts,4451.492175,Africa,Liberia
2019,LBR,Energy & Minerals,33.262285,Africa,Liberia
2019,LBR,Industrial Equipment & Technology,1396.76366,Africa,Liberia
2019,LBR,Textile & Apparel Manufacturing,3081.885461,Africa,Liberia
2019,LBY,Art & Collectibles,111.46998,Africa,Libya
2019,LBY,Chemical & Pharmaceutical,12350.332855,Africa,Libya
2019,LBY,Consumer Goods & Crafts,11.1304,Africa,Libya
2019,LBY,Energy & Minerals,615763.166755,Africa,Libya
2019,LBY,Industrial Equipment & Technology,103.888513,Africa,Libya
2019,LBY,Textile & Apparel Manufacturing,0.638265,Africa,Libya
2019,LSO,Agricultural & Foods,81.86322,Africa,Lesotho
2019,LSO,Art & Collectibles,0.028999,Africa,Lesotho
2019,LSO,Base Metals,0.352127,Africa,Lesotho
2019,LSO,Chemical & Pharmaceutical,292.066229,Africa,Lesotho
2019,LSO,Consumer Goods & Crafts,19317.414548,Africa,Lesotho
2019,LSO,Industrial Equipment & Technology,2683.54852,Africa,Lesotho
2019,LSO,Textile & Apparel Manufacturing,325956.590877,Africa,Lesotho
2019,MAR,Agricultural & Foods,188597.667408,Africa,Morocco
2019,MAR,Art & Collectibles,2828.378423,Africa,Morocco
2019,MAR,Base Metals,148925.612624,Africa,Morocco
2019,MAR,Chemical & Pharmaceutical,879131.928856,Africa,Morocco
2019,MAR,Consumer Goods & Crafts,35264.41348,Africa,Morocco
2019,MAR,Energy & Minerals,111035.55547,Africa,Morocco
2019,MAR,Industrial Equipment & Technology,247111.010035,Africa,Morocco
2019,MAR,Textile & Apparel Manufacturing,188112.894848,Africa,Morocco
2019,MDG,Agricultural & Foods,5674.693091,Africa,Madagascar
2019,MDG,Art & Collectibles,879.221306,Africa,Madagascar
2019,MDG,Base Metals,69929.884664,Africa,Madagascar
2019,MDG,Chemical & Pharmaceutical,11637.234296,Africa,Madagascar
2019,MDG,Consumer Goods & Crafts,35979.726686,Africa,Madagascar
2019,MDG,Energy & Minerals,65093.585449,Africa,Madagascar
2019,MDG,Industrial Equipment & Technology,429117.886577,Africa,Madagascar
2019,MDG,Textile & Apparel Manufacturing,273149.331825,Africa,Madagascar
2019,MLI,Agricultural & Foods,766.106286,Africa,Mali
2019,MLI,Art & Collectibles,2325.748125,Africa,Mali
2019,MLI,Base Metals,68.915613,Africa,Mali
2019,MLI,Chemical & Pharmaceutical,5104.365467,Africa,Mali
2019,MLI,Consumer Goods & Crafts,918.8333,Africa,Mali
2019,MLI,Energy & Minerals,4.777386,Africa,Mali
2019,MLI,Industrial Equipment & Technology,7204.028164,Africa,Mali
2019,MLI,Textile & Apparel Manufacturing,222.115313,Africa,Mali
2019,MOZ,Agricultural & Foods,13952.31495,Africa,Mozambique
2019,MOZ,Art & Collectibles,677.476977,Africa,Mozambique
2019,MOZ,Base Metals,22237.949781,Africa,Mozambique
2019,MOZ,Chemical & Pharmaceutical,8194.423837,Africa,Mozambique
2019,MOZ,Consumer Goods & Crafts,82643.968655,Africa,Mozambique
2019,MOZ,Energy & Minerals,60763.489768,Africa,Mozambique
2019,MOZ,Industrial Equipment & Technology,4178.813411,Africa,Mozambique
2019,MOZ,Textile & Apparel Manufacturing,157.653837,Africa,Mozambique
2019,MRT,Agricultural & Foods,973.790975,Africa,Mauritania
2019,MRT,Art & Collectibles,2.899323,Africa,Mauritania
2019,MRT,Chemical & Pharmaceutical,2115.06542,Africa,Mauritania
2019,MRT,Consumer Goods & Crafts,716.913234,Africa,Mauritania
2019,MRT,Energy & Minerals,0.214298,Africa,Mauritania
2019,MRT,Industrial Equipment & Technology,244.8954,Africa,Mauritania
2019,MRT,Textile & Apparel Manufacturing,39.959091,Africa,Mauritania
2019,MUS,Agricultural & Foods,62045.075108,Africa,Mauritius
2019,MUS,Art & Collectibles,561.543584,Africa,Mauritius
2019,MUS,Base Metals,79.472886,Africa,Mauritius
2019,MUS,Chemical & Pharmaceutical,20238.48113,Africa,Mauritius
2019,MUS,Consumer Goods & Crafts,75340.385845,Africa,Mauritius
2019,MUS,Energy & Minerals,6027.04174,Africa,Mauritius
2019,MUS,Industrial Equipment & Technology,18658.396422,Africa,Mauritius
2019,MUS,Textile & Apparel Manufacturing,138300.366357,Africa,Mauritius
2019,MWI,Agricultural & Foods,44155.283576,Africa,Malawi
2019,MWI,Art & Collectibles,3.010723,Africa,Malawi
2019,MWI,Base Metals,12026.490825,Africa,Malawi
2019,MWI,Chemical & Pharmaceutical,0.970358,Africa,Malawi
2019,MWI,Consumer Goods & Crafts,207.017183,Africa,Malawi
2019,MWI,Energy & Minerals,0.194459,Africa,Malawi
2019,MWI,Industrial Equipment & Technology,18593.329988,Africa,Malawi
2019,MWI,Textile & Apparel Manufacturing,25529.130712,Africa,Malawi
2019,NAM,Agricultural & Foods,1111.667257,Africa,Namibia
2019,NAM,Art & Collectibles,270.374928,Africa,Namibia
2019,NAM,Base Metals,285.977613,Africa,Namibia
2019,NAM,Chemical & Pharmaceutical,1705.391298,Africa,Namibia
2019,NAM,Consumer Goods & Crafts,101698.308117,Africa,Namibia
2019,NAM,Energy & Minerals,19428.860148,Africa,Namibia
2019,NAM,Industrial Equipment & Technology,5585.943598,Africa,Namibia
2019,NAM,Textile & Apparel Manufacturing,402.852571,Africa,Namibia
2019,NER,Art & Collectibles,1486.43082,Africa,Niger
2019,NER,Base Metals,436.259152,Africa,Niger
2019,NER,Chemical & Pharmaceutical,4497.571001,Africa,Niger
2019,NER,Consumer Goods & Crafts,497.451691,Africa,Niger
2019,NER,Energy & Minerals,5.619167,Africa,Niger
2019,NER,Industrial Equipment & Technology,6254.051267,Africa,Niger
2019,NER,Textile & Apparel Manufacturing,46.027517,Africa,Niger
2019,NGA,Agricultural & Foods,16042.675449,Africa,Nigeria
2019,NGA,Art & Collectibles,2647.026207,Africa,Nigeria
2019,NGA,Base Metals,4612.097847,Africa,Nigeria
2019,NGA,Chemical & Pharmaceutical,7873.884728,Africa,Nigeria
2019,NGA,Consumer Goods & Crafts,4341.88934,Africa,Nigeria
2019,NGA,Energy & Minerals,1620725.485705,Africa,Nigeria
2019,NGA,Industrial Equipment & Technology,20182.046177,Africa,Nigeria
2019,NGA,Textile & Apparel Manufacturing,4368.356237,Africa,Nigeria
2019,RWA,Agricultural & Foods,1622.784947,Africa,Rwanda
2019,RWA,Art & Collectibles,491.082284,Africa,Rwanda
2019,RWA,Base Metals,898.085984,Africa,Rwanda
2019,RWA,Chemical & Pharmaceutical,174.241244,Africa,Rwanda
2019,RWA,Consumer Goods & Crafts,3806.629151,Africa,Rwanda
2019,RWA,Energy & Minerals,15848.97221,Africa,Rwanda
2019,RWA,Industrial Equipment & Technology,28388.946597,Africa,Rwanda
2019,RWA,Textile & Apparel Manufacturing,49.075702,Africa,Rwanda
2019,SDN,Agricultural & Foods,12543.665388,Africa,Sudan
2019,SDN,Art & Collectibles,117.315181,Africa,Sudan
2019,SDN,Consumer Goods & Crafts,90.827626,Africa,Sudan
2019,SDN,Energy & Minerals,23908.207434,Africa,Sudan
2019,SDN,Industrial Equipment & Technology,16.043033,Africa,Sudan
2019,SEN,Agricultural & Foods,62105.947127,Africa,Senegal
2019,SEN,Art & Collectibles,584.749115,Africa,Senegal
2019,SEN,Base Metals,138.385616,Africa,Senegal
2019,SEN,Chemical & Pharmaceutical,2483.298532,Africa,Senegal
2019,SEN,Consumer Goods & Crafts,1204.464554,Africa,Senegal
2019,SEN,Energy & Minerals,51293.719535,Africa,Senegal
2019,SEN,Industrial Equipment & Technology,3025.630929,Africa,Senegal
2019,SEN,Textile & Apparel Manufacturing,48401.811368,Africa,Senegal
2019,SLE,Agricultural & Foods,944.77903,Africa,Sierra Leone
2019,SLE,Art & Collectibles,102.164192,Africa,Sierra Leone
2019,SLE,Base Metals,348.3808,Africa,Sierra Leone
2019,SLE,Chemical & Pharmaceutical,1034.945091,Africa,Sierra Leone
2019,SLE,Consumer Goods & Crafts,10215.772802,Africa,Sierra Leone
2019,SLE,Energy & Minerals,5.057267,Africa,Sierra Leone
2019,SLE,Industrial Equipment & Technology,10679.486237,Africa,Sierra Leone
2019,SLE,Textile & Apparel Manufacturing,804.685776,Africa,Sierra Leone
2019,SOM,Agricultural & Foods,472.606527,Africa,Somalia
2019,SOM,Art & Collectibles,3.135313,Africa,Somalia
2019,SOM,Base Metals,17.54372,Africa,Somalia
2019,SOM,Chemical & Pharmaceutical,464.407344,Africa,Somalia
2019,SOM,Consumer Goods & Crafts,283.275948,Africa,Somalia
2019,SOM,Industrial Equipment & Technology,90.899028,Africa,Somalia
2019,SOM,Textile & Apparel Manufacturing,5.863362,Africa,Somalia
2019,SSD,Base Metals,7.413771,Africa,South Sudan
2019,SSD,Energy & Minerals,113611.036838,Africa,South Sudan
2019,SSD,Industrial Equipment & Technology,3.824744,Africa,South Sudan
2019,STP,Agricultural & Foods,108.232097,Africa,Sao Tome and Principe
2019,STP,Base Metals,9.561457,Africa,Sao Tome and Principe
2019,STP,Chemical & Pharmaceutical,46.537667,Africa,Sao Tome and Principe
2019,STP,Consumer Goods & Crafts,116.269264,Africa,Sao Tome and Principe
2019,STP,Industrial Equipment & Technology,1643.754143,Africa,Sao Tome and Principe
2019,STP,Textile & Apparel Manufacturing,45.8317,Africa,Sao Tome and Principe
2019,SWZ,Agricultural & Foods,16779.558917,Africa,Eswatini
2019,SWZ,Art & Collectibles,12.845338,Africa,Eswatini
2019,SWZ,Base Metals,253.990946,Africa,Eswatini
2019,SWZ,Chemical & Pharmaceutical,279.751556,Africa,Eswatini
2019,SWZ,Consumer Goods & Crafts,486.260887,Africa,Eswatini
2019,SWZ,Industrial Equipment & Technology,3035.677355,Africa,Eswatini
2019,SWZ,Textile & Apparel Manufacturing,544.190691,Africa,Eswatini
2019,SYC,Agricultural & Foods,1904.594786,Africa,Seychelles
2019,SYC,Art & Collectibles,29.998832,Africa,Seychelles
2019,SYC,Base Metals,81.127473,Africa,Seychelles
2019,SYC,Chemical & Pharmaceutical,8639.66034,Africa,Seychelles
2019,SYC,Consumer Goods & Crafts,1098.520305,Africa,Seychelles
2019,SYC,Industrial Equipment & Technology,4033.209006,Africa,Seychelles
2019,SYC,Textile & Apparel Manufacturing,303.87556,Africa,Seychelles
2019,TCD,Agricultural & Foods,5680.401063,Africa,Chad
2019,TCD,Base Metals,4.158029,Africa,Chad
2019,TCD,Chemical & Pharmaceutical,33.425298,Africa,Chad
2019,TCD,Consumer Goods & Crafts,54.359928,Africa,Chad
2019,TCD,Energy & Minerals,153622.674298,Africa,Chad
2019,TCD,Industrial Equipment & Technology,1154.732486,Africa,Chad
2019,TGO,Agricultural & Foods,3667.535962,Africa,Togo
2019,TGO,Art & Collectibles,22.644235,Africa,Togo
2019,TGO,Base Metals,475.221926,Africa,Togo
2019,TGO,Chemical & Pharmaceutical,1332.901993,Africa,Togo
2019,TGO,Consumer Goods & Crafts,1105.673229,Africa,Togo
2019,TGO,Energy & Minerals,6.592416,Africa,Togo
2019,TGO,Industrial Equipment & Technology,325.880026,Africa,Togo
2019,TGO,Textile & Apparel Manufacturing,10008.542855,Africa,Togo
2019,TUN,Agricultural & Foods,129704.849093,Africa,Tunisia
2019,TUN,Art & Collectibles,2131.492192,Africa,Tunisia
2019,TUN,Base Metals,46678.984996,Africa,Tunisia
2019,TUN,Chemical & Pharmaceutical,11104.70963,Africa,Tunisia
2019,TUN,Consumer Goods & Crafts,38709.74019,Africa,Tunisia
2019,TUN,Energy & Minerals,10115.576337,Africa,Tunisia
2019,TUN,Industrial Equipment & Technology,221199.296055,Africa,Tunisia
2019,TUN,Textile & Apparel Manufacturing,111951.045571,Africa,Tunisia
2019,TZA,Agricultural & Foods,17721.567629,Africa,Tanzania
2019,TZA,Art & Collectibles,1292.439652,Africa,Tanzania
2019,TZA,Base Metals,4704.124876,Africa,Tanzania
2019,TZA,Chemical & Pharmaceutical,5864.56955,Africa,Tanzania
2019,TZA,Consumer Goods & Crafts,44462.791693,Africa,Tanzania
2019,TZA,Energy & Minerals,0.16527,Africa,Tanzania
2019,TZA,Industrial Equipment & Technology,14334.983392,Africa,Tanzania
2019,TZA,Textile & Apparel Manufacturing,59113.128144,Africa,Tanzania
2019,UGA,Agricultural & Foods,1776.377291,Africa,Uganda
2019,UGA,Art & Collectibles,2355.72415,Africa,Uganda
2019,UGA,Base Metals,598.391841,Africa,Uganda
2019,UGA,Chemical & Pharmaceutical,6201.491232,Africa,Uganda
2019,UGA,Consumer Goods & Crafts,3394.768328,Africa,Uganda
2019,UGA,Energy & Minerals,4252.522992,Africa,Uganda
2019,UGA,Industrial Equipment & Technology,68313.012463,Africa,Uganda
2019,UGA,Textile & Apparel Manufacturing,2974.80394,Africa,Uganda
2019,ZAF,Agricultural & Foods,179135.822809,Africa,South Africa
2019,ZAF,Art & Collectibles,39804.627316,Africa,South Africa
2019,ZAF,Base Metals,1390654.526041,Africa,South Africa
2019,ZAF,Chemical & Pharmaceutical,642360.430902,Africa,South Africa
2019,ZAF,Consumer Goods & Crafts,3255961.771337,Africa,South Africa
2019,ZAF,Energy & Minerals,1243732.9621,Africa,South Africa
2019,ZAF,Industrial Equipment & Technology,1128057.271485,Africa,South Africa
2019,ZAF,Textile & Apparel Manufacturing,43342.853221,Africa,South Africa
2019,ZMB,Agricultural & Foods,700.830318,Africa,Zambia
2019,ZMB,Art & Collectibles,180.514423,Africa,Zambia
2019,ZMB,Base Metals,4614.512334,Africa,Zambia
2019,ZMB,Chemical & Pharmaceutical,139.590332,Africa,Zambia
2019,ZMB,Consumer Goods & Crafts,65439.343828,Africa,Zambia
2019,ZMB,Energy & Minerals,258.222706,Africa,Zambia
2019,ZMB,Industrial Equipment & Technology,1287.666812,Africa,Zambia
2019,ZMB,Textile & Apparel Manufacturing,45.771783,Africa,Zambia
2019,ZWE,Agricultural & Foods,19164.409591,Africa,Zimbabwe
2019,ZWE,Art & Collectibles,1559.175289,Africa,Zimbabwe
2019,ZWE,Base Metals,21861.438093,Africa,Zimbabwe
2019,ZWE,Chemical & Pharmaceutical,51.82368,Africa,Zimbabwe
2019,ZWE,Consumer Goods & Crafts,2137.749361,Africa,Zimbabwe
2019,ZWE,Energy & Minerals,309.688134,Africa,Zimbabwe
2019,ZWE,Industrial Equipment & Technology,5963.196043,Africa,Zimbabwe
2019,ZWE,Textile & Apparel Manufacturing,1750.399052,Africa,Zimbabwe
2020,AGO,Agricultural & Foods,0.782943,Africa,Angola
2020,AGO,Art & Collectibles,24.076282,Africa,Angola
2020,AGO,Base Metals,4391.003842,Africa,Angola
2020,AGO,Chemical & Pharmaceutical,291.427194,Africa,Angola
2020,AGO,Consumer Goods & Crafts,10564.625652,Africa,Angola
2020,AGO,Energy & Minerals,748020.376019,Africa,Angola
2020,AGO,Industrial Equipment & Technology,70161.509172,Africa,Angola
2020,AGO,Textile & Apparel Manufacturing,332.488536,Africa,Angola
2020,BDI,Agricultural & Foods,9.576392,Africa,Burundi
2020,BDI,Art & Collectibles,3.661767,Africa,Burundi
2020,BDI,Base Metals,0.577513,Africa,Burundi
2020,BDI,Chemical & Pharmaceutical,1.129917,Africa,Burundi
2020,BDI,Consumer Goods & Crafts,56.940821,Africa,Burundi
2020,BDI,Energy & Minerals,81.075002,Africa,Burundi
2020,BDI,Industrial Equipment & Technology,6102.012645,Africa,Burundi
2020,BDI,Textile & Apparel Manufacturing,87.257459,Africa,Burundi
2020,BEN,Agricultural & Foods,3392.616735,Africa,Benin
2020,BEN,Art & Collectibles,185.725778,Africa,Benin
2020,BEN,Base Metals,4297.636651,Africa,Benin
2020,BEN,Chemical & Pharmaceutical,40.523406,Africa,Benin
2020,BEN,Consumer Goods & Crafts,397.529109,Africa,Benin
2020,BEN,Energy & Minerals,5726.547646,Africa,Benin
2020,BEN,Industrial Equipment & Technology,79.518044,Africa,Benin
2020,BEN,Textile & Apparel Manufacturing,293.343225,Africa,Benin
2020,BFA,Agricultural & Foods,516.234637,Africa,Burkina Faso
2020,BFA,Art & Collectibles,244.011484,Africa,Burkina Faso
2020,BFA,Base Metals,4088.260352,Africa,Burkina Faso
2020,BFA,Chemical & Pharmaceutical,4.446621,Africa,Burkina Faso
2020,BFA,Consumer Goods & Crafts,113.116369,Africa,Burkina Faso
2020,BFA,Energy & Minerals,884.213217,Africa,Burkina Faso
2020,BFA,Industrial Equipment & Technology,1295.309538,Africa,Burkina Faso
2020,BFA,Textile & Apparel Manufacturing,3421.405423,Africa,Burkina Faso
2020,BWA,Agricultural & Foods,116.447794,Africa,Botswana
2020,BWA,Art & Collectibles,15.151167,Africa,Botswana
2020,BWA,Base Metals,0.104203,Africa,Botswana
2020,BWA,Chemical & Pharmaceutical,24.88047,Africa,Botswana
2020,BWA,Consumer Goods & Crafts,163042.011884,Africa,Botswana
2020,BWA,Energy & Minerals,0.034003,Africa,Botswana
2020,BWA,Industrial Equipment & Technology,1122.469727,Africa,Botswana
2020,BWA,Textile & Apparel Manufacturing,5.652209,Africa,Botswana
2020,CAF,Agricultural & Foods,75.645135,Africa,Central African Republic
2020,CAF,Art & Collectibles,18.421611,Africa,Central African Republic
2020,CAF,Chemical & Pharmaceutical,34.835012,Africa,Central African Republic
2020,CAF,Consumer Goods & Crafts,916.883652,Africa,Central African Republic
2020,CIV,Agricultural & Foods,929620.014826,Africa,Côte d'Ivoire
2020,CIV,Art & Collectibles,2441.166006,Africa,Côte d'Ivoire
2020,CIV,Base Metals,17123.409092,Africa,Côte d'Ivoire
2020,CIV,Chemical & Pharmaceutical,97619.967981,Africa,Côte d'Ivoire
2020,CIV,Consumer Goods & Crafts,3009.875327,Africa,Côte d'Ivoire
2020,CIV,Energy & Minerals,5.731184,Africa,Côte d'Ivoire
2020,CIV,Industrial Equipment & Technology,779.88389,Africa,Côte d'Ivoire
2020,CIV,Textile & Apparel Manufacturing,188.806331,Africa,Côte d'Ivoire
2020,CMR,Agricultural & Foods,49135.900293,Africa,Cameroon
2020,CMR,Art & Collectibles,896.916887,Africa,Cameroon
2020,CMR,Base Metals,568.263029,Africa,Cameroon
2020,CMR,Chemical & Pharmaceutical,16785.31906,Africa,Cameroon
2020,CMR,Consumer Goods & Crafts,49600.44613,Africa,Cameroon
2020,CMR,Energy & Minerals,391428.199663,Africa,Cameroon
2020,CMR,Industrial Equipment & Technology,5393.599025,Africa,Cameroon
2020,CMR,Textile & Apparel Manufacturing,465.604443,Africa,Cameroon
2020,COD,Agricultural & Foods,17739.975139,Africa,DR Congo
2020,COD,Art & Collectibles,598.175753,Africa,DR Congo
2020,COD,Base Metals,981.004651,Africa,DR Congo
2020,COD,Chemical & Pharmaceutical,110.858974,Africa,DR Congo
2020,COD,Consumer Goods & Crafts,6186.123421,Africa,DR Congo
2020,COD,Energy & Minerals,6200.450095,Africa,DR Congo
2020,COD,Industrial Equipment & Technology,5732.499424,Africa,DR Congo
2020,COD,Textile & Apparel Manufacturing,204.835964,Africa,DR Congo
2020,COG,Agricultural & Foods,6244.272134,Africa,Congo Republic
2020,COG,Art & Collectibles,2117.745595,Africa,Congo Republic
2020,COG,Base Metals,2898.095134,Africa,Congo Republic
2020,COG,Chemical & Pharmaceutical,72.718753,Africa,Congo Republic
2020,COG,Consumer Goods & Crafts,15654.051367,Africa,Congo Republic
2020,COG,Energy & Minerals,135456.953137,Africa,Congo Republic
2020,COG,Industrial Equipment & Technology,2473.140081,Africa,Congo Republic
2020,COG,Textile & Apparel Manufacturing,10.213072,Africa,Congo Republic
2020,COM,Art & Collectibles,3.300798,Africa,Comoros
2020,COM,Chemical & Pharmaceutical,471.014851,Africa,Comoros
2020,COM,Industrial Equipment & Technology,1403.913938,Africa,Comoros
2020,COM,Textile & Apparel Manufacturing,36.480994,Africa,Comoros
2020,CPV,Agricultural & Foods,3690.177852,Africa,Cabo Verde
2020,CPV,Art & Collectibles,8.072958,Africa,Cabo Verde
2020,CPV,Base Metals,7.704061,Africa,Cabo Verde
2020,CPV,Chemical & Pharmaceutical,87.822018,Africa,Cabo Verde
2020,CPV,Consumer Goods & Crafts,120.997063,Africa,Cabo Verde
2020,CPV,Industrial Equipment & Technology,1396.063532,Africa,Cabo Verde
2020,CPV,Textile & Apparel Manufacturing,55.036186,Africa,Cabo Verde
2020,DJI,Agricultural & Foods,554.275222,Africa,Djibouti
2020,DJI,Chemical & Pharmaceutical,248.014647,Africa,Djibouti
2020,DJI,Consumer Goods & Crafts,283.522601,Africa,Djibouti
2020,DJI,Energy & Minerals,10.631124,Africa,Djibouti
2020,DJI,Industrial Equipment & Technology,1085.206181,Africa,Djibouti
2020,DJI,Textile & Apparel Manufacturing,134.351091,Africa,Djibouti
2020,DZA,Agricultural & Foods,83.29616,Africa,Algeria
2020,DZA,Art & Collectibles,30.351038,Africa,Algeria
2020,DZA,Base Metals,20634.867781,Africa,Algeria
2020,DZA,Chemical & Pharmaceutical,116245.376424,Africa,Algeria
2020,DZA,Consumer Goods & Crafts,194.080054,Africa,Algeria
2020,DZA,Energy & Minerals,557402.049983,Africa,Algeria
2020,DZA,Industrial Equipment & Technology,923.135326,Africa,Algeria
2020,EGY,Agricultural & Foods,139713.049155,Africa,Egypt
2020,EGY,Art & Collectibles,6629.477981,Africa,Egypt
2020,EGY,Base Metals,69195.509513,Africa,Egypt
2020,EGY,Chemical & Pharmaceutical,198698.230715,Africa,Egypt
2020,EGY,Consumer Goods & Crafts,218048.989203,Africa,Egypt
2020,EGY,Energy & Minerals,503496.931068,Africa,Egypt
2020,EGY,Industrial Equipment & Technology,30000.213813,Africa,Egypt
2020,EGY,Textile & Apparel Manufacturing,960780.044032,Africa,Egypt
2020,ERI,Agricultural & Foods,,Africa,Eritrea
2020,ERI,Art & Collectibles,,Africa,Eritrea
2020,ERI,Base Metals,,Africa,Eritrea
2020,ERI,Chemical & Pharmaceutical,,Africa,Eritrea
2020,ERI,Consumer Goods & Crafts,,Africa,Eritrea
2020,ERI,Industrial Equipment & Technology,,Africa,Eritrea
2020,ERI,Textile & Apparel Manufacturing,,Africa,Eritrea
2020,ETH,Agricultural & Foods,29347.058858,Africa,Ethiopia
2020,ETH,Art & Collectibles,890.350822,Africa,Ethiopia
2020,ETH,Base Metals,103.74024,Africa,Ethiopia
2020,ETH,Chemical & Pharmaceutical,2854.016673,Africa,Ethiopia
2020,ETH,Consumer Goods & Crafts,16683.246437,Africa,Ethiopia
2020,ETH,Energy & Minerals,14.57943,Africa,Ethiopia
2020,ETH,Industrial Equipment & Technology,185705.231978,Africa,Ethiopia
2020,ETH,Textile & Apparel Manufacturing,296986.728902,Africa,Ethiopia
2020,GAB,Agricultural & Foods,6.579445,Africa,Gabon
2020,GAB,Art & Collectibles,1418.589053,Africa,Gabon
2020,GAB,Base Metals,1227.353967,Africa,Gabon
2020,GAB,Chemical & Pharmaceutical,2542.685287,Africa,Gabon
2020,GAB,Consumer Goods & Crafts,20382.278297,Africa,Gabon
2020,GAB,Energy & Minerals,144991.078664,Africa,Gabon
2020,GAB,Industrial Equipment & Technology,70075.032596,Africa,Gabon
2020,GAB,Textile & Apparel Manufacturing,159.922529,Africa,Gabon
2020,GHA,Agricultural & Foods,216934.108306,Africa,Ghana
2020,GHA,Art & Collectibles,1491.660217,Africa,Ghana
2020,GHA,Base Metals,6093.147801,Africa,Ghana
2020,GHA,Chemical & Pharmaceutical,21279.430678,Africa,Ghana
2020,GHA,Consumer Goods & Crafts,33930.792266,Africa,Ghana
2020,GHA,Energy & Minerals,451626.3362,Africa,Ghana
2020,GHA,Industrial Equipment & Technology,1225.233553,Africa,Ghana
2020,GHA,Textile & Apparel Manufacturing,11330.48403,Africa,Ghana
2020,GIN,Agricultural & Foods,876.447079,Africa,Guinea
2020,GIN,Art & Collectibles,21.614166,Africa,Guinea
2020,GIN,Base Metals,1885.219404,Africa,Guinea
2020,GIN,Chemical & Pharmaceutical,1770.39988,Africa,Guinea
2020,GIN,Consumer Goods & Crafts,550.954083,Africa,Guinea
2020,GIN,Energy & Minerals,3780.752322,Africa,Guinea
2020,GIN,Industrial Equipment & Technology,1896.567328,Africa,Guinea
2020,GIN,Textile & Apparel Manufacturing,94.604036,Africa,Guinea
2020,GMB,Agricultural & Foods,364.345965,Africa,Gambia
2020,GMB,Chemical & Pharmaceutical,511.980563,Africa,Gambia
2020,GMB,Consumer Goods & Crafts,48.246027,Africa,Gambia
2020,GMB,Industrial Equipment & Technology,213.267208,Africa,Gambia
2020,GMB,Textile & Apparel Manufacturing,3.775739,Africa,Gambia
2020,GNB,Art & Collectibles,2.773932,Africa,Guinea-Bissau
2020,GNB,Base Metals,528.205445,Africa,Guinea-Bissau
2020,GNB,Consumer Goods & Crafts,416.617402,Africa,Guinea-Bissau
2020,GNB,Industrial Equipment & Technology,135.59088,Africa,Guinea-Bissau
2020,GNQ,Chemical & Pharmaceutical,62068.411613,Africa,Equatorial Guinea
2020,GNQ,Consumer Goods & Crafts,73.059819,Africa,Equatorial Guinea
2020,GNQ,Energy & Minerals,104666.031163,Africa,Equatorial Guinea
2020,GNQ,Industrial Equipment & Technology,353.876145,Africa,Equatorial Guinea
2020,KEN,Agricultural & Foods,17887.696432,Africa,Kenya
2020,KEN,Art & Collectibles,1198.687888,Africa,Kenya
2020,KEN,Base Metals,36679.994164,Africa,Kenya
2020,KEN,Chemical & Pharmaceutical,13847.988684,Africa,Kenya
2020,KEN,Consumer Goods & Crafts,7667.455204,Africa,Kenya
2020,KEN,Energy & Minerals,40151.830706,Africa,Kenya
2020,KEN,Industrial Equipment & Technology,52767.254821,Africa,Kenya
2020,KEN,Textile & Apparel Manufacturing,359130.286921,Africa,Kenya
2020,LBR,Agricultural & Foods,1718.331805,Africa,Liberia
2020,LBR,Art & Collectibles,14.297897,Africa,Liberia
2020,LBR,Base Metals,6.911811,Africa,Liberia
2020,LBR,Chemical & Pharmaceutical,61352.939157,Africa,Liberia
2020,LBR,Consumer Goods & Crafts,404.872342,Africa,Liberia
2020,LBR,Energy & Minerals,46.896786,Africa,Liberia
2020,LBR,Industrial Equipment & Technology,430.282212,Africa,Liberia
2020,LBR,Textile & Apparel Manufacturing,1919.977735,Africa,Liberia
2020,LBY,Art & Collectibles,57.265673,Africa,Libya
2020,LBY,Base Metals,2.513045,Africa,Libya
2020,LBY,Chemical & Pharmaceutical,3421.369736,Africa,Libya
2020,LBY,Consumer Goods & Crafts,13.867323,Africa,Libya
2020,LBY,Energy & Minerals,173113.070299,Africa,Libya
2020,LBY,Industrial Equipment & Technology,60.737415,Africa,Libya
2020,LSO,Agricultural & Foods,38.295835,Africa,Lesotho
2020,LSO,Art & Collectibles,2.977678,Africa,Lesotho
2020,LSO,Base Metals,0.01576,Africa,Lesotho
2020,LSO,Chemical & Pharmaceutical,105.480606,Africa,Lesotho
2020,LSO,Consumer Goods & Crafts,47907.822312,Africa,Lesotho
2020,LSO,Industrial Equipment & Technology,2041.758061,Africa,Lesotho
2020,LSO,Textile & Apparel Manufacturing,256705.587203,Africa,Lesotho
2020,MAR,Agricultural & Foods,216076.785136,Africa,Morocco
2020,MAR,Art & Collectibles,2220.426743,Africa,Morocco
2020,MAR,Base Metals,128456.710645,Africa,Morocco
2020,MAR,Chemical & Pharmaceutical,333497.090806,Africa,Morocco
2020,MAR,Consumer Goods & Crafts,35999.857435,Africa,Morocco
2020,MAR,Energy & Minerals,77904.688961,Africa,Morocco
2020,MAR,Industrial Equipment & Technology,385544.685433,Africa,Morocco
2020,MAR,Textile & Apparel Manufacturing,143121.183929,Africa,Morocco
2020,MDG,Agricultural & Foods,5378.087258,Africa,Madagascar
2020,MDG,Art & Collectibles,940.234225,Africa,Madagascar
2020,MDG,Base Metals,15365.56287,Africa,Madagascar
2020,MDG,Chemical & Pharmaceutical,12173.452104,Africa,Madagascar
2020,MDG,Consumer Goods & Crafts,28828.152948,Africa,Madagascar
2020,MDG,Energy & Minerals,63321.437265,Africa,Madagascar
2020,MDG,Industrial Equipment & Technology,321131.62033,Africa,Madagascar
2020,MDG,Textile & Apparel Manufacturing,228713.376005,Africa,Madagascar
2020,MLI,Agricultural & Foods,498.71913,Africa,Mali
2020,MLI,Art & Collectibles,377.094699,Africa,Mali
2020,MLI,Base Metals,158.529771,Africa,Mali
2020,MLI,Chemical & Pharmaceutical,3727.018537,Africa,Mali
2020,MLI,Consumer Goods & Crafts,426.93713,Africa,Mali
2020,MLI,Energy & Minerals,11.655876,Africa,Mali
2020,MLI,Industrial Equipment & Technology,7541.510393,Africa,Mali
2020,MLI,Textile & Apparel Manufacturing,159.163255,Africa,Mali
2020,MOZ,Agricultural & Foods,20018.809062,Africa,Mozambique
2020,MOZ,Art & Collectibles,39.819409,Africa,Mozambique
2020,MOZ,Base Metals,14365.551881,Africa,Mozambique
2020,MOZ,Chemical & Pharmaceutical,4075.019379,Africa,Mozambique
2020,MOZ,Consumer Goods & Crafts,51067.676338,Africa,Mozambique
2020,MOZ,Energy & Minerals,81582.238129,Africa,Mozambique
2020,MOZ,Industrial Equipment & Technology,3137.019623,Africa,Mozambique
2020,MOZ,Textile & Apparel Manufacturing,75.762052,Africa,Mozambique
2020,MRT,Agricultural & Foods,1081.675886,Africa,Mauritania
2020,MRT,Art & Collectibles,16.23866,Africa,Mauritania
2020,MRT,Base Metals,23.622578,Africa,Mauritania
2020,MRT,Chemical & Pharmaceutical,3722.258863,Africa,Mauritania
2020,MRT,Consumer Goods & Crafts,187.462972,Africa,Mauritania
2020,MRT,Energy & Minerals,16.37063,Africa,Mauritania
2020,MRT,Industrial Equipment & Technology,523.356746,Africa,Mauritania
2020,MRT,Textile & Apparel Manufacturing,526.022747,Africa,Mauritania
2020,MUS,Agricultural & Foods,74717.816175,Africa,Mauritius
2020,MUS,Art & Collectibles,183.738995,Africa,Mauritius
2020,MUS,Base Metals,23.141738,Africa,Mauritius
2020,MUS,Chemical & Pharmaceutical,15053.120527,Africa,Mauritius
2020,MUS,Consumer Goods & Crafts,46557.547518,Africa,Mauritius
2020,MUS,Energy & Minerals,6479.333489,Africa,Mauritius
2020,MUS,Industrial Equipment & Technology,25978.714299,Africa,Mauritius
2020,MUS,Textile & Apparel Manufacturing,96263.549959,Africa,Mauritius
2020,MWI,Agricultural & Foods,20000.599071,Africa,Malawi
2020,MWI,Art & Collectibles,6.957983,Africa,Malawi
2020,MWI,Base Metals,7755.517539,Africa,Malawi
2020,MWI,Chemical & Pharmaceutical,7.404742,Africa,Malawi
2020,MWI,Consumer Goods & Crafts,241.73599,Africa,Malawi
2020,MWI,Energy & Minerals,0.133755,Africa,Malawi
2020,MWI,Industrial Equipment & Technology,11397.356835,Africa,Malawi
2020,MWI,Textile & Apparel Manufacturing,3263.846223,Africa,Malawi
2020,NAM,Agricultural & Foods,4622.275997,Africa,Namibia
2020,NAM,Art & Collectibles,537.15997,Africa,Namibia
2020,NAM,Base Metals,105.716057,Africa,Namibia
2020,NAM,Chemical & Pharmaceutical,1892.151876,Africa,Namibia
2020,NAM,Consumer Goods & Crafts,82066.548568,Africa,Namibia
2020,NAM,Energy & Minerals,83.491974,Africa,Namibia
2020,NAM,Industrial Equipment & Technology,3328.47615,Africa,Namibia
2020,NAM,Textile & Apparel Manufacturing,236.921241,Africa,Namibia
2020,NER,Agricultural & Foods,48.346968,Africa,Niger
2020,NER,Art & Collectibles,35.766475,Africa,Niger
2020,NER,Base Metals,49.481016,Africa,Niger
2020,NER,Chemical & Pharmaceutical,562.567834,Africa,Niger
2020,NER,Consumer Goods & Crafts,125.977399,Africa,Niger
2020,NER,Energy & Minerals,120.125667,Africa,Niger
2020,NER,Industrial Equipment & Technology,24237.433636,Africa,Niger
2020,NER,Textile & Apparel Manufacturing,100.202044,Africa,Niger
2020,NGA,Agricultural & Foods,20198.633025,Africa,Nigeria
2020,NGA,Art & Collectibles,3038.103762,Africa,Nigeria
2020,NGA,Base Metals,8810.606394,Africa,Nigeria
2020,NGA,Chemical & Pharmaceutical,6195.6148,Africa,Nigeria
2020,NGA,Consumer Goods & Crafts,4496.371187,Africa,Nigeria
2020,NGA,Energy & Minerals,584405.407812,Africa,Nigeria
2020,NGA,Industrial Equipment & Technology,3112.282612,Africa,Nigeria
2020,NGA,Textile & Apparel Manufacturing,3314.878779,Africa,Nigeria
2020,RWA,Agricultural & Foods,2987.977583,Africa,Rwanda
2020,RWA,Art & Collectibles,336.968343,Africa,Rwanda
2020,RWA,Base Metals,708.535883,Africa,Rwanda
2020,RWA,Chemical & Pharmaceutical,137.480697,Africa,Rwanda
2020,RWA,Consumer Goods & Crafts,2934.061525,Africa,Rwanda
2020,RWA,Energy & Minerals,1967.835772,Africa,Rwanda
2020,RWA,Industrial Equipment & Technology,26177.193936,Africa,Rwanda
2020,RWA,Textile & Apparel Manufacturing,207.760508,Africa,Rwanda
2020,SDN,Agricultural & Foods,14973.295683,Africa,Sudan
2020,SDN,Art & Collectibles,15.084327,Africa,Sudan
2020,SDN,Chemical & Pharmaceutical,1.167289,Africa,Sudan
2020,SDN,Energy & Minerals,104297.289297,Africa,Sudan
2020,SDN,Industrial Equipment & Technology,10.824208,Africa,Sudan
2020,SEN,Agricultural & Foods,51896.361762,Africa,Senegal
2020,SEN,Art & Collectibles,218.293754,Africa,Senegal
2020,SEN,Base Metals,308.126323,Africa,Senegal
2020,SEN,Chemical & Pharmaceutical,1208.527893,Africa,Senegal
2020,SEN,Consumer Goods & Crafts,3080.348618,Africa,Senegal
2020,SEN,Energy & Minerals,20161.228845,Africa,Senegal
2020,SEN,Industrial Equipment & Technology,2575.490629,Africa,Senegal
2020,SEN,Textile & Apparel Manufacturing,60300.231988,Africa,Senegal
2020,SLE,Agricultural & Foods,1234.507605,Africa,Sierra Leone
2020,SLE,Art & Collectibles,29.911482,Africa,Sierra Leone
2020,SLE,Base Metals,28.567641,Africa,Sierra Leone
2020,SLE,Chemical & Pharmaceutical,1617.815222,Africa,Sierra Leone
2020,SLE,Consumer Goods & Crafts,8657.30688,Africa,Sierra Leone
2020,SLE,Energy & Minerals,8710.722846,Africa,Sierra Leone
2020,SLE,Industrial Equipment & Technology,6545.494506,Africa,Sierra Leone
2020,SLE,Textile & Apparel Manufacturing,305.397103,Africa,Sierra Leone
2020,SOM,Agricultural & Foods,176.404844,Africa,Somalia
2020,SOM,Art & Collectibles,30.718806,Africa,Somalia
2020,SOM,Base Metals,39.780787,Africa,Somalia
2020,SOM,Chemical & Pharmaceutical,80.656884,Africa,Somalia
2020,SOM,Consumer Goods & Crafts,51.227757,Africa,Somalia
2020,SOM,Industrial Equipment & Technology,230.222961,Africa,Somalia
2020,SOM,Textile & Apparel Manufacturing,1.080641,Africa,Somalia
2020,SSD,Base Metals,108.772718,Africa,South Sudan
2020,SSD,Chemical & Pharmaceutical,3.572629,Africa,South Sudan
2020,SSD,Industrial Equipment & Technology,13.678195,Africa,South Sudan
2020,STP,Agricultural & Foods,24.795958,Africa,Sao Tome and Principe
2020,STP,Chemical & Pharmaceutical,26.216569,Africa,Sao Tome and Principe
2020,STP,Consumer Goods & Crafts,14.545707,Africa,Sao Tome and Principe
2020,STP,Industrial Equipment & Technology,1027.778937,Africa,Sao Tome and Principe
2020,SWZ,Agricultural & Foods,21536.971622,Africa,Eswatini
2020,SWZ,Art & Collectibles,9.411883,Africa,Eswatini
2020,SWZ,Base Metals,133.050041,Africa,Eswatini
2020,SWZ,Chemical & Pharmaceutical,330.341839,Africa,Eswatini
2020,SWZ,Consumer Goods & Crafts,422.541467,Africa,Eswatini
2020,SWZ,Energy & Minerals,0.002104,Africa,Eswatini
2020,SWZ,Industrial Equipment & Technology,971.265298,Africa,Eswatini
2020,SWZ,Textile & Apparel Manufacturing,2001.702879,Africa,Eswatini
2020,SYC,Agricultural & Foods,1250.143003,Africa,Seychelles
2020,SYC,Art & Collectibles,3.357359,Africa,Seychelles
2020,SYC,Base Metals,141.33356,Africa,Seychelles
2020,SYC,Chemical & Pharmaceutical,11370.00936,Africa,Seychelles
2020,SYC,Consumer Goods & Crafts,578.326576,Africa,Seychelles
2020,SYC,Energy & Minerals,1.368955,Africa,Seychelles
2020,SYC,Industrial Equipment & Technology,1440.27358,Africa,Seychelles
2020,SYC,Textile & Apparel Manufacturing,479.844933,Africa,Seychelles
2020,TCD,Agricultural & Foods,4064.191894,Africa,Chad
2020,TCD,Art & Collectibles,6.369243,Africa,Chad
2020,TCD,Chemical & Pharmaceutical,30.869612,Africa,Chad
2020,TCD,Consumer Goods & Crafts,16.135257,Africa,Chad
2020,TCD,Industrial Equipment & Technology,60.594324,Africa,Chad
2020,TCD,Textile & Apparel Manufacturing,1.025194,Africa,Chad
2020,TGO,Agricultural & Foods,13021.35156,Africa,Togo
2020,TGO,Art & Collectibles,112.555965,Africa,Togo
2020,TGO,Chemical & Pharmaceutical,1441.462122,Africa,Togo
2020,TGO,Consumer Goods & Crafts,695.714999,Africa,Togo
2020,TGO,Energy & Minerals,0.055134,Africa,Togo
2020,TGO,Industrial Equipment & Technology,487.280443,Africa,Togo
2020,TGO,Textile & Apparel Manufacturing,9236.932054,Africa,Togo
2020,TUN,Agricultural & Foods,315169.620558,Africa,Tunisia
2020,TUN,Art & Collectibles,405.476265,Africa,Tunisia
2020,TUN,Base Metals,26054.176238,Africa,Tunisia
2020,TUN,Chemical & Pharmaceutical,16798.952162,Africa,Tunisia
2020,TUN,Consumer Goods & Crafts,30146.866875,Africa,Tunisia
2020,TUN,Energy & Minerals,11461.449864,Africa,Tunisia
2020,TUN,Industrial Equipment & Technology,168137.720705,Africa,Tunisia
2020,TUN,Textile & Apparel Manufacturing,68502.613416,Africa,Tunisia
2020,TZA,Agricultural & Foods,25131.353824,Africa,Tanzania
2020,TZA,Art & Collectibles,771.736548,Africa,Tanzania
2020,TZA,Base Metals,2160.561889,Africa,Tanzania
2020,TZA,Chemical & Pharmaceutical,9678.83458,Africa,Tanzania
2020,TZA,Consumer Goods & Crafts,35248.163355,Africa,Tanzania
2020,TZA,Energy & Minerals,0.556912,Africa,Tanzania
2020,TZA,Industrial Equipment & Technology,27253.715899,Africa,Tanzania
2020,TZA,Textile & Apparel Manufacturing,43696.446437,Africa,Tanzania
2020,UGA,Agricultural & Foods,3245.761988,Africa,Uganda
2020,UGA,Art & Collectibles,354.799952,Africa,Uganda
2020,UGA,Base Metals,1248.377985,Africa,Uganda
2020,UGA,Chemical & Pharmaceutical,13012.52223,Africa,Uganda
2020,UGA,Consumer Goods & Crafts,3193.503901,Africa,Uganda
2020,UGA,Energy & Minerals,2023.211131,Africa,Uganda
2020,UGA,Industrial Equipment & Technology,71044.440038,Africa,Uganda
2020,UGA,Textile & Apparel Manufacturing,3364.756861,Africa,Uganda
2020,ZAF,Agricultural & Foods,230810.442611,Africa,South Africa
2020,ZAF,Art & Collectibles,33443.096486,Africa,South Africa
2020,ZAF,Base Metals,1193248.603533,Africa,South Africa
2020,ZAF,Chemical & Pharmaceutical,631862.529175,Africa,South Africa
2020,ZAF,Consumer Goods & Crafts,7993278.315274,Africa,South Africa
2020,ZAF,Energy & Minerals,918916.471206,Africa,South Africa
2020,ZAF,Industrial Equipment & Technology,1275352.975437,Africa,South Africa
2020,ZAF,Textile & Apparel Manufacturing,45675.40224,Africa,South Africa
2020,ZMB,Agricultural & Foods,504.368153,Africa,Zambia
2020,ZMB,Art & Collectibles,76.272371,Africa,Zambia
2020,ZMB,Base Metals,13545.685111,Africa,Zambia
2020,ZMB,Chemical & Pharmaceutical,329.470766,Africa,Zambia
2020,ZMB,Consumer Goods & Crafts,16186.61068,Africa,Zambia
2020,ZMB,Energy & Minerals,958.289679,Africa,Zambia
2020,ZMB,Industrial Equipment & Technology,5372.561281,Africa,Zambia
2020,ZMB,Textile & Apparel Manufacturing,27.089933,Africa,Zambia
2020,ZWE,Agricultural & Foods,19183.930529,Africa,Zimbabwe
2020,ZWE,Art & Collectibles,448.031609,Africa,Zimbabwe
2020,ZWE,Base Metals,9930.655393,Africa,Zimbabwe
2020,ZWE,Chemical & Pharmaceutical,163.858202,Africa,Zimbabwe
2020,ZWE,Consumer Goods & Crafts,1671.04961,Africa,Zimbabwe
2020,ZWE,Energy & Minerals,5.30842,Africa,Zimbabwe
2020,ZWE,Industrial Equipment & Technology,4757.699706,Africa,Zimbabwe
2020,ZWE,Textile & Apparel Manufacturing,1660.264297,Africa,Zimbabwe
2021,AGO,Agricultural & Foods,0.930497,Africa,Angola
2021,AGO,Art & Collectibles,78.3203,Africa,Angola
2021,AGO,Base Metals,6533.603238,Africa,Angola
2021,AGO,Chemical & Pharmaceutical,633.244823,Africa,Angola
2021,AGO,Consumer Goods & Crafts,64702.435367,Africa,Angola
2021,AGO,Energy & Minerals,1398801.288362,Africa,Angola
2021,AGO,Industrial Equipment & Technology,19390.301652,Africa,Angola
2021,AGO,Textile & Apparel Manufacturing,262.159744,Africa,Angola
2021,BDI,Art & Collectibles,67.581383,Africa,Burundi
2021,BDI,Consumer Goods & Crafts,160.905406,Africa,Burundi
2021,BDI,Energy & Minerals,344.128694,Africa,Burundi
2021,BDI,Industrial Equipment & Technology,4707.612139,Africa,Burundi
2021,BDI,Textile & Apparel Manufacturing,60.602079,Africa,Burundi
2021,BEN,Agricultural & Foods,2031.465489,Africa,Benin
2021,BEN,Art & Collectibles,1226.742559,Africa,Benin
2021,BEN,Base Metals,1991.391311,Africa,Benin
2021,BEN,Chemical & Pharmaceutical,40.78204,Africa,Benin
2021,BEN,Consumer Goods & Crafts,1065.925948,Africa,Benin
2021,BEN,Energy & Minerals,35.416087,Africa,Benin
2021,BEN,Industrial Equipment & Technology,271.218062,Africa,Benin
2021,BEN,Textile & Apparel Manufacturing,708.979618,Africa,Benin
2021,BFA,Agricultural & Foods,498.283851,Africa,Burkina Faso
2021,BFA,Art & Collectibles,106.014904,Africa,Burkina Faso
2021,BFA,Base Metals,2757.586816,Africa,Burkina Faso
2021,BFA,Chemical & Pharmaceutical,39.664785,Africa,Burkina Faso
2021,BFA,Consumer Goods & Crafts,142.362077,Africa,Burkina Faso
2021,BFA,Energy & Minerals,768.74152,Africa,Burkina Faso
2021,BFA,Industrial Equipment & Technology,1036.851932,Africa,Burkina Faso
2021,BFA,Textile & Apparel Manufacturing,56517.059751,Africa,Burkina Faso
2021,BWA,Agricultural & Foods,52.713529,Africa,Botswana
2021,BWA,Art & Collectibles,5.038721,Africa,Botswana
2021,BWA,Base Metals,1.566842,Africa,Botswana
2021,BWA,Chemical & Pharmaceutical,45.052326,Africa,Botswana
2021,BWA,Consumer Goods & Crafts,243842.39916,Africa,Botswana
2021,BWA,Industrial Equipment & Technology,3883.201272,Africa,Botswana
2021,BWA,Textile & Apparel Manufacturing,5.529398,Africa,Botswana
2021,CAF,Agricultural & Foods,75.589722,Africa,Central African Republic
2021,CAF,Art & Collectibles,68.038886,Africa,Central African Republic
2021,CAF,Base Metals,3.371635,Africa,Central African Republic
2021,CAF,Chemical & Pharmaceutical,5.477,Africa,Central African Republic
2021,CAF,Consumer Goods & Crafts,332.757509,Africa,Central African Republic
2021,CAF,Industrial Equipment & Technology,21.140102,Africa,Central African Republic
2021,CAF,Textile & Apparel Manufacturing,69.270576,Africa,Central African Republic
2021,CIV,Agricultural & Foods,1110228.672199,Africa,Côte d'Ivoire
2021,CIV,Art & Collectibles,7918.541834,Africa,Côte d'Ivoire
2021,CIV,Base Metals,31161.751204,Africa,Côte d'Ivoire
2021,CIV,Chemical & Pharmaceutical,182538.961641,Africa,Côte d'Ivoire
2021,CIV,Consumer Goods & Crafts,4875.357551,Africa,Côte d'Ivoire
2021,CIV,Energy & Minerals,4475.093976,Africa,Côte d'Ivoire
2021,CIV,Industrial Equipment & Technology,2686.510884,Africa,Côte d'Ivoire
2021,CIV,Textile & Apparel Manufacturing,1041.52218,Africa,Côte d'Ivoire
2021,CMR,Agricultural & Foods,41243.569829,Africa,Cameroon
2021,CMR,Art & Collectibles,289.757167,Africa,Cameroon
2021,CMR,Base Metals,242.482283,Africa,Cameroon
2021,CMR,Chemical & Pharmaceutical,21508.448947,Africa,Cameroon
2021,CMR,Consumer Goods & Crafts,31545.994522,Africa,Cameroon
2021,CMR,Energy & Minerals,128647.117172,Africa,Cameroon
2021,CMR,Industrial Equipment & Technology,4803.157851,Africa,Cameroon
2021,CMR,Textile & Apparel Manufacturing,691.353183,Africa,Cameroon
2021,COD,Agricultural & Foods,29173.429001,Africa,DR Congo
2021,COD,Art & Collectibles,1180.637034,Africa,DR Congo
2021,COD,Base Metals,227516.681681,Africa,DR Congo
2021,COD,Chemical & Pharmaceutical,228.183611,Africa,DR Congo
2021,COD,Consumer Goods & Crafts,6493.276574,Africa,DR Congo
2021,COD,Energy & Minerals,14872.390755,Africa,DR Congo
2021,COD,Industrial Equipment & Technology,1918.401493,Africa,DR Congo
2021,COD,Textile & Apparel Manufacturing,169.830001,Africa,DR Congo
2021,COG,Agricultural & Foods,5376.658452,Africa,Congo Republic
2021,COG,Art & Collectibles,3620.538132,Africa,Congo Republic
2021,COG,Base Metals,456.098588,Africa,Congo Republic
2021,COG,Chemical & Pharmaceutical,46.547068,Africa,Congo Republic
2021,COG,Consumer Goods & Crafts,21645.783607,Africa,Congo Republic
2021,COG,Energy & Minerals,21743.523183,Africa,Congo Republic
2021,COG,Industrial Equipment & Technology,2360.666876,Africa,Congo Republic
2021,COG,Textile & Apparel Manufacturing,18.6536,Africa,Congo Republic
2021,COM,Art & Collectibles,7.263676,Africa,Comoros
2021,COM,Chemical & Pharmaceutical,2279.070454,Africa,Comoros
2021,COM,Consumer Goods & Crafts,149.671351,Africa,Comoros
2021,COM,Industrial Equipment & Technology,4078.464453,Africa,Comoros
2021,COM,Textile & Apparel Manufacturing,36.730159,Africa,Comoros
2021,CPV,Agricultural & Foods,4934.07615,Africa,Cabo Verde
2021,CPV,Art & Collectibles,7.728543,Africa,Cabo Verde
2021,CPV,Base Metals,35.235344,Africa,Cabo Verde
2021,CPV,Chemical & Pharmaceutical,401.456921,Africa,Cabo Verde
2021,CPV,Consumer Goods & Crafts,112.912404,Africa,Cabo Verde
2021,CPV,Energy & Minerals,36.966056,Africa,Cabo Verde
2021,CPV,Industrial Equipment & Technology,1328.223267,Africa,Cabo Verde
2021,CPV,Textile & Apparel Manufacturing,5.201316,Africa,Cabo Verde
2021,DJI,Agricultural & Foods,663.166497,Africa,Djibouti
2021,DJI,Art & Collectibles,17.638203,Africa,Djibouti
2021,DJI,Base Metals,691.22121,Africa,Djibouti
2021,DJI,Chemical & Pharmaceutical,3973.843682,Africa,Djibouti
2021,DJI,Consumer Goods & Crafts,26492.736949,Africa,Djibouti
2021,DJI,Energy & Minerals,116.56348,Africa,Djibouti
2021,DJI,Industrial Equipment & Technology,27936.366691,Africa,Djibouti
2021,DJI,Textile & Apparel Manufacturing,913.261531,Africa,Djibouti
2021,DZA,Agricultural & Foods,729.25249,Africa,Algeria
2021,DZA,Art & Collectibles,1237.570427,Africa,Algeria
2021,DZA,Base Metals,321762.296305,Africa,Algeria
2021,DZA,Chemical & Pharmaceutical,479208.220519,Africa,Algeria
2021,DZA,Consumer Goods & Crafts,2502.129823,Africa,Algeria
2021,DZA,Energy & Minerals,1658636.813093,Africa,Algeria
2021,DZA,Industrial Equipment & Technology,311.677728,Africa,Algeria
2021,DZA,Textile & Apparel Manufacturing,47.504885,Africa,Algeria
2021,EGY,Agricultural & Foods,139244.071133,Africa,Egypt
2021,EGY,Art & Collectibles,20856.688424,Africa,Egypt
2021,EGY,Base Metals,289158.324403,Africa,Egypt
2021,EGY,Chemical & Pharmaceutical,370499.623944,Africa,Egypt
2021,EGY,Consumer Goods & Crafts,165076.123162,Africa,Egypt
2021,EGY,Energy & Minerals,695833.507952,Africa,Egypt
2021,EGY,Industrial Equipment & Technology,45236.185014,Africa,Egypt
2021,EGY,Textile & Apparel Manufacturing,1354221.218162,Africa,Egypt
2021,ERI,Agricultural & Foods,,Africa,Eritrea
2021,ERI,Art & Collectibles,,Africa,Eritrea
2021,ERI,Base Metals,,Africa,Eritrea
2021,ERI,Chemical & Pharmaceutical,,Africa,Eritrea
2021,ERI,Consumer Goods & Crafts,,Africa,Eritrea
2021,ERI,Industrial Equipment & Technology,,Africa,Eritrea
2021,ERI,Textile & Apparel Manufacturing,,Africa,Eritrea
2021,ETH,Agricultural & Foods,56882.79435,Africa,Ethiopia
2021,ETH,Art & Collectibles,6586.591572,Africa,Ethiopia
2021,ETH,Base Metals,123.202625,Africa,Ethiopia
2021,ETH,Chemical & Pharmaceutical,2400.85971,Africa,Ethiopia
2021,ETH,Consumer Goods & Crafts,19312.970989,Africa,Ethiopia
2021,ETH,Energy & Minerals,1.895353,Africa,Ethiopia
2021,ETH,Industrial Equipment & Technology,231025.984936,Africa,Ethiopia
2021,ETH,Textile & Apparel Manufacturing,339899.974254,Africa,Ethiopia
2021,GAB,Agricultural & Foods,1.604527,Africa,Gabon
2021,GAB,Art & Collectibles,16295.659173,Africa,Gabon
2021,GAB,Base Metals,708.40048,Africa,Gabon
2021,GAB,Chemical & Pharmaceutical,3755.340459,Africa,Gabon
2021,GAB,Consumer Goods & Crafts,13787.199319,Africa,Gabon
2021,GAB,Energy & Minerals,86549.100109,Africa,Gabon
2021,GAB,Industrial Equipment & Technology,32908.638591,Africa,Gabon
2021,GAB,Textile & Apparel Manufacturing,82.531732,Africa,Gabon
2021,GHA,Agricultural & Foods,237935.187685,Africa,Ghana
2021,GHA,Art & Collectibles,9859.891414,Africa,Ghana
2021,GHA,Base Metals,19678.585654,Africa,Ghana
2021,GHA,Chemical & Pharmaceutical,33011.553926,Africa,Ghana
2021,GHA,Consumer Goods & Crafts,38325.507014,Africa,Ghana
2021,GHA,Energy & Minerals,1281119.613789,Africa,Ghana
2021,GHA,Industrial Equipment & Technology,3149.253253,Africa,Ghana
2021,GHA,Textile & Apparel Manufacturing,23869.724161,Africa,Ghana
2021,GIN,Agricultural & Foods,909.740137,Africa,Guinea
2021,GIN,Art & Collectibles,1854.38211,Africa,Guinea
2021,GIN,Base Metals,1759.403801,Africa,Guinea
2021,GIN,Chemical & Pharmaceutical,4566.402514,Africa,Guinea
2021,GIN,Consumer Goods & Crafts,732.123729,Africa,Guinea
2021,GIN,Industrial Equipment & Technology,1063.596128,Africa,Guinea
2021,GIN,Textile & Apparel Manufacturing,170.679634,Africa,Guinea
2021,GMB,Agricultural & Foods,716.00176,Africa,Gambia
2021,GMB,Base Metals,29.200003,Africa,Gambia
2021,GMB,Chemical & Pharmaceutical,315.650316,Africa,Gambia
2021,GMB,Consumer Goods & Crafts,85.339678,Africa,Gambia
2021,GMB,Industrial Equipment & Technology,70.182812,Africa,Gambia
2021,GMB,Textile & Apparel Manufacturing,8.375874,Africa,Gambia
2021,GNB,Agricultural & Foods,133.899999,Africa,Guinea-Bissau
2021,GNB,Industrial Equipment & Technology,3.549119,Africa,Guinea-Bissau
2021,GNB,Textile & Apparel Manufacturing,85.635717,Africa,Guinea-Bissau
2021,GNQ,Base Metals,6.369576,Africa,Equatorial Guinea
2021,GNQ,Chemical & Pharmaceutical,108403.982167,Africa,Equatorial Guinea
2021,GNQ,Energy & Minerals,188652.866124,Africa,Equatorial Guinea
2021,GNQ,Industrial Equipment & Technology,32.397526,Africa,Equatorial Guinea
2021,KEN,Agricultural & Foods,21180.861941,Africa,Kenya
2021,KEN,Art & Collectibles,1398.583086,Africa,Kenya
2021,KEN,Base Metals,56945.339053,Africa,Kenya
2021,KEN,Chemical & Pharmaceutical,24786.190478,Africa,Kenya
2021,KEN,Consumer Goods & Crafts,9879.782125,Africa,Kenya
2021,KEN,Energy & Minerals,35789.283974,Africa,Kenya
2021,KEN,Industrial Equipment & Technology,47503.47479,Africa,Kenya
2021,KEN,Textile & Apparel Manufacturing,431096.719684,Africa,Kenya
2021,LBR,Agricultural & Foods,1811.534269,Africa,Liberia
2021,LBR,Base Metals,8.180059,Africa,Liberia
2021,LBR,Chemical & Pharmaceutical,93023.205381,Africa,Liberia
2021,LBR,Consumer Goods & Crafts,623.746779,Africa,Liberia
2021,LBR,Energy & Minerals,95.135872,Africa,Liberia
2021,LBR,Industrial Equipment & Technology,267.237139,Africa,Liberia
2021,LBR,Textile & Apparel Manufacturing,64.034931,Africa,Liberia
2021,LBY,Art & Collectibles,753.536848,Africa,Libya
2021,LBY,Chemical & Pharmaceutical,2.390264,Africa,Libya
2021,LBY,Consumer Goods & Crafts,88.137336,Africa,Libya
2021,LBY,Energy & Minerals,2956916.379098,Africa,Libya
2021,LBY,Industrial Equipment & Technology,120.786962,Africa,Libya
2021,LBY,Textile & Apparel Manufacturing,1.055234,Africa,Libya
2021,LSO,Agricultural & Foods,42.067854,Africa,Lesotho
2021,LSO,Art & Collectibles,3.389001,Africa,Lesotho
2021,LSO,Base Metals,0.246644,Africa,Lesotho
2021,LSO,Chemical & Pharmaceutical,10.231958,Africa,Lesotho
2021,LSO,Consumer Goods & Crafts,34874.021279,Africa,Lesotho
2021,LSO,Industrial Equipment & Technology,2501.121116,Africa,Lesotho
2021,LSO,Textile & Apparel Manufacturing,282887.03577,Africa,Lesotho
2021,MAR,Agricultural & Foods,184452.911077,Africa,Morocco
2021,MAR,Art & Collectibles,4031.388681,Africa,Morocco
2021,MAR,Base Metals,111396.730062,Africa,Morocco
2021,MAR,Chemical & Pharmaceutical,353784.868276,Africa,Morocco
2021,MAR,Consumer Goods & Crafts,52730.013643,Africa,Morocco
2021,MAR,Energy & Minerals,105787.594948,Africa,Morocco
2021,MAR,Industrial Equipment & Technology,433783.531892,Africa,Morocco
2021,MAR,Textile & Apparel Manufacturing,223771.725929,Africa,Morocco
2021,MDG,Agricultural & Foods,6883.807348,Africa,Madagascar
2021,MDG,Art & Collectibles,1192.784847,Africa,Madagascar
2021,MDG,Base Metals,12749.903482,Africa,Madagascar
2021,MDG,Chemical & Pharmaceutical,6586.289212,Africa,Madagascar
2021,MDG,Consumer Goods & Crafts,37846.942704,Africa,Madagascar
2021,MDG,Energy & Minerals,75125.922413,Africa,Madagascar
2021,MDG,Industrial Equipment & Technology,265992.896652,Africa,Madagascar
2021,MDG,Textile & Apparel Manufacturing,313776.945941,Africa,Madagascar
2021,MLI,Agricultural & Foods,950.644133,Africa,Mali
2021,MLI,Art & Collectibles,303.802643,Africa,Mali
2021,MLI,Base Metals,184.681978,Africa,Mali
2021,MLI,Chemical & Pharmaceutical,4098.774235,Africa,Mali
2021,MLI,Consumer Goods & Crafts,260.975727,Africa,Mali
2021,MLI,Energy & Minerals,69.524638,Africa,Mali
2021,MLI,Industrial Equipment & Technology,5875.545077,Africa,Mali
2021,MLI,Textile & Apparel Manufacturing,190.623402,Africa,Mali
2021,MOZ,Agricultural & Foods,14459.703421,Africa,Mozambique
2021,MOZ,Art & Collectibles,66.004187,Africa,Mozambique
2021,MOZ,Base Metals,3350.031729,Africa,Mozambique
2021,MOZ,Chemical & Pharmaceutical,5053.5496,Africa,Mozambique
2021,MOZ,Consumer Goods & Crafts,73111.521891,Africa,Mozambique
2021,MOZ,Energy & Minerals,98892.022101,Africa,Mozambique
2021,MOZ,Industrial Equipment & Technology,3983.201902,Africa,Mozambique
2021,MOZ,Textile & Apparel Manufacturing,291.605104,Africa,Mozambique
2021,MRT,Agricultural & Foods,937.627267,Africa,Mauritania
2021,MRT,Art & Collectibles,3.061418,Africa,Mauritania
2021,MRT,Base Metals,93.120217,Africa,Mauritania
2021,MRT,Chemical & Pharmaceutical,3064.181603,Africa,Mauritania
2021,MRT,Consumer Goods & Crafts,19.697876,Africa,Mauritania
2021,MRT,Energy & Minerals,54.610376,Africa,Mauritania
2021,MRT,Industrial Equipment & Technology,210.316168,Africa,Mauritania
2021,MRT,Textile & Apparel Manufacturing,82.094536,Africa,Mauritania
2021,MUS,Agricultural & Foods,76125.670847,Africa,Mauritius
2021,MUS,Art & Collectibles,674.668683,Africa,Mauritius
2021,MUS,Base Metals,105.45304,Africa,Mauritius
2021,MUS,Chemical & Pharmaceutical,13357.123263,Africa,Mauritius
2021,MUS,Consumer Goods & Crafts,65847.420723,Africa,Mauritius
2021,MUS,Energy & Minerals,4044.055785,Africa,Mauritius
2021,MUS,Industrial Equipment & Technology,12167.471276,Africa,Mauritius
2021,MUS,Textile & Apparel Manufacturing,87151.215422,Africa,Mauritius
2021,MWI,Agricultural & Foods,23377.322167,Africa,Malawi
2021,MWI,Art & Collectibles,824.35853,Africa,Malawi
2021,MWI,Base Metals,10193.035694,Africa,Malawi
2021,MWI,Chemical & Pharmaceutical,13.999973,Africa,Malawi
2021,MWI,Consumer Goods & Crafts,1144.529195,Africa,Malawi
2021,MWI,Energy & Minerals,15.364282,Africa,Malawi
2021,MWI,Industrial Equipment & Technology,13943.622604,Africa,Malawi
2021,MWI,Textile & Apparel Manufacturing,359.312765,Africa,Malawi
2021,NAM,Agricultural & Foods,1139.472749,Africa,Namibia
2021,NAM,Art & Collectibles,9681.271014,Africa,Namibia
2021,NAM,Base Metals,86.213589,Africa,Namibia
2021,NAM,Chemical & Pharmaceutical,2974.47413,Africa,Namibia
2021,NAM,Consumer Goods & Crafts,118951.830123,Africa,Namibia
2021,NAM,Energy & Minerals,376.431343,Africa,Namibia
2021,NAM,Industrial Equipment & Technology,1361.108571,Africa,Namibia
2021,NAM,Textile & Apparel Manufacturing,84.646687,Africa,Namibia
2021,NER,Agricultural & Foods,492.170891,Africa,Niger
2021,NER,Art & Collectibles,735.216332,Africa,Niger
2021,NER,Base Metals,57.655223,Africa,Niger
2021,NER,Chemical & Pharmaceutical,9832.65213,Africa,Niger
2021,NER,Consumer Goods & Crafts,189.292848,Africa,Niger
2021,NER,Energy & Minerals,15.199496,Africa,Niger
2021,NER,Industrial Equipment & Technology,5311.502947,Africa,Niger
2021,NER,Textile & Apparel Manufacturing,80.590421,Africa,Niger
2021,NGA,Agricultural & Foods,32257.841807,Africa,Nigeria
2021,NGA,Art & Collectibles,2376.183188,Africa,Nigeria
2021,NGA,Base Metals,16665.036329,Africa,Nigeria
2021,NGA,Chemical & Pharmaceutical,14391.444724,Africa,Nigeria
2021,NGA,Consumer Goods & Crafts,16555.84059,Africa,Nigeria
2021,NGA,Energy & Minerals,1292076.913269,Africa,Nigeria
2021,NGA,Industrial Equipment & Technology,1198.091498,Africa,Nigeria
2021,NGA,Textile & Apparel Manufacturing,5696.091302,Africa,Nigeria
2021,RWA,Agricultural & Foods,9967.845969,Africa,Rwanda
2021,RWA,Art & Collectibles,65.228481,Africa,Rwanda
2021,RWA,Base Metals,2891.604698,Africa,Rwanda
2021,RWA,Chemical & Pharmaceutical,337.297584,Africa,Rwanda
2021,RWA,Consumer Goods & Crafts,4561.351438,Africa,Rwanda
2021,RWA,Energy & Minerals,2585.688547,Africa,Rwanda
2021,RWA,Industrial Equipment & Technology,23233.264684,Africa,Rwanda
2021,RWA,Textile & Apparel Manufacturing,373.60079,Africa,Rwanda
2021,SDN,Agricultural & Foods,26203.933628,Africa,Sudan
2021,SDN,Art & Collectibles,518.064358,Africa,Sudan
2021,SDN,Consumer Goods & Crafts,5.432595,Africa,Sudan
2021,SDN,Industrial Equipment & Technology,36.252339,Africa,Sudan
2021,SDN,Textile & Apparel Manufacturing,121.951664,Africa,Sudan
2021,SEN,Agricultural & Foods,56338.754965,Africa,Senegal
2021,SEN,Art & Collectibles,352.737346,Africa,Senegal
2021,SEN,Base Metals,25.704837,Africa,Senegal
2021,SEN,Chemical & Pharmaceutical,12942.851948,Africa,Senegal
2021,SEN,Consumer Goods & Crafts,3160.128451,Africa,Senegal
2021,SEN,Energy & Minerals,37678.203939,Africa,Senegal
2021,SEN,Industrial Equipment & Technology,5288.301622,Africa,Senegal
2021,SEN,Textile & Apparel Manufacturing,69546.582423,Africa,Senegal
2021,SLE,Agricultural & Foods,855.644815,Africa,Sierra Leone
2021,SLE,Art & Collectibles,53.290896,Africa,Sierra Leone
2021,SLE,Base Metals,220.500736,Africa,Sierra Leone
2021,SLE,Chemical & Pharmaceutical,979.251414,Africa,Sierra Leone
2021,SLE,Consumer Goods & Crafts,3275.796845,Africa,Sierra Leone
2021,SLE,Energy & Minerals,345.606764,Africa,Sierra Leone
2021,SLE,Industrial Equipment & Technology,7526.065358,Africa,Sierra Leone
2021,SLE,Textile & Apparel Manufacturing,439.112525,Africa,Sierra Leone
2021,SOM,Agricultural & Foods,497.316292,Africa,Somalia
2021,SOM,Art & Collectibles,333.346369,Africa,Somalia
2021,SOM,Base Metals,11.050067,Africa,Somalia
2021,SOM,Chemical & Pharmaceutical,231.282825,Africa,Somalia
2021,SOM,Consumer Goods & Crafts,177.030034,Africa,Somalia
2021,SOM,Industrial Equipment & Technology,98.280473,Africa,Somalia
2021,SSD,Base Metals,45.616478,Africa,South Sudan
2021,SSD,Chemical & Pharmaceutical,1.238231,Africa,South Sudan
2021,SSD,Consumer Goods & Crafts,31.82925,Africa,South Sudan
2021,SSD,Industrial Equipment & Technology,13.431128,Africa,South Sudan
2021,STP,Agricultural & Foods,118.513371,Africa,Sao Tome and Principe
2021,STP,Chemical & Pharmaceutical,2.765589,Africa,Sao Tome and Principe
2021,STP,Consumer Goods & Crafts,895.232409,Africa,Sao Tome and Principe
2021,STP,Industrial Equipment & Technology,954.556924,Africa,Sao Tome and Principe
2021,STP,Textile & Apparel Manufacturing,5.881117,Africa,Sao Tome and Principe
2021,SWZ,Agricultural & Foods,14214.563726,Africa,Eswatini
2021,SWZ,Art & Collectibles,17.733273,Africa,Eswatini
2021,SWZ,Base Metals,217.281661,Africa,Eswatini
2021,SWZ,Chemical & Pharmaceutical,995.823479,Africa,Eswatini
2021,SWZ,Consumer Goods & Crafts,574.914928,Africa,Eswatini
2021,SWZ,Industrial Equipment & Technology,1890.422357,Africa,Eswatini
2021,SWZ,Textile & Apparel Manufacturing,3568.623905,Africa,Eswatini
2021,SYC,Art & Collectibles,17.01432,Africa,Seychelles
2021,SYC,Base Metals,40.690339,Africa,Seychelles
2021,SYC,Chemical & Pharmaceutical,12839.765001,Africa,Seychelles
2021,SYC,Consumer Goods & Crafts,783.015673,Africa,Seychelles
2021,SYC,Industrial Equipment & Technology,3721.594798,Africa,Seychelles
2021,SYC,Textile & Apparel Manufacturing,441.937731,Africa,Seychelles
2021,TCD,Agricultural & Foods,3735.011662,Africa,Chad
2021,TCD,Art & Collectibles,22.283016,Africa,Chad
2021,TCD,Chemical & Pharmaceutical,239.42035,Africa,Chad
2021,TCD,Consumer Goods & Crafts,4.16363,Africa,Chad
2021,TCD,Industrial Equipment & Technology,359.359904,Africa,Chad
2021,TGO,Agricultural & Foods,11366.517874,Africa,Togo
2021,TGO,Art & Collectibles,9.357102,Africa,Togo
2021,TGO,Base Metals,137.24026,Africa,Togo
2021,TGO,Chemical & Pharmaceutical,714.604676,Africa,Togo
2021,TGO,Consumer Goods & Crafts,900.769182,Africa,Togo
2021,TGO,Energy & Minerals,50.773459,Africa,Togo
2021,TGO,Industrial Equipment & Technology,299.445936,Africa,Togo
2021,TGO,Textile & Apparel Manufacturing,8081.258839,Africa,Togo
2021,TUN,Agricultural & Foods,252785.93838,Africa,Tunisia
2021,TUN,Art & Collectibles,860.214925,Africa,Tunisia
2021,TUN,Base Metals,19438.103353,Africa,Tunisia
2021,TUN,Chemical & Pharmaceutical,131391.228483,Africa,Tunisia
2021,TUN,Consumer Goods & Crafts,37215.405365,Africa,Tunisia
2021,TUN,Energy & Minerals,25123.118299,Africa,Tunisia
2021,TUN,Industrial Equipment & Technology,218125.078525,Africa,Tunisia
2021,TUN,Textile & Apparel Manufacturing,97571.656397,Africa,Tunisia
2021,TZA,Agricultural & Foods,15426.71805,Africa,Tanzania
2021,TZA,Art & Collectibles,512.358505,Africa,Tanzania
2021,TZA,Base Metals,206.312868,Africa,Tanzania
2021,TZA,Chemical & Pharmaceutical,5768.695588,Africa,Tanzania
2021,TZA,Consumer Goods & Crafts,25731.983492,Africa,Tanzania
2021,TZA,Energy & Minerals,5334.747403,Africa,Tanzania
2021,TZA,Industrial Equipment & Technology,17762.240307,Africa,Tanzania
2021,TZA,Textile & Apparel Manufacturing,35029.470955,Africa,Tanzania
2021,UGA,Agricultural & Foods,5274.604374,Africa,Uganda
2021,UGA,Art & Collectibles,148.795062,Africa,Uganda
2021,UGA,Base Metals,1636.553936,Africa,Uganda
2021,UGA,Chemical & Pharmaceutical,11483.858258,Africa,Uganda
2021,UGA,Consumer Goods & Crafts,3226.102266,Africa,Uganda
2021,UGA,Energy & Minerals,9217.611487,Africa,Uganda
2021,UGA,Industrial Equipment & Technology,77165.47255,Africa,Uganda
2021,UGA,Textile & Apparel Manufacturing,6638.326381,Africa,Uganda
2021,ZAF,Agricultural & Foods,247072.968061,Africa,South Africa
2021,ZAF,Art & Collectibles,31664.897215,Africa,South Africa
2021,ZAF,Base Metals,1546862.256973,Africa,South Africa
2021,ZAF,Chemical & Pharmaceutical,1155017.538462,Africa,South Africa
2021,ZAF,Consumer Goods & Crafts,8789138.788742,Africa,South Africa
2021,ZAF,Energy & Minerals,701806.02217,Africa,South Africa
2021,ZAF,Industrial Equipment & Technology,1552194.361265,Africa,South Africa
2021,ZAF,Textile & Apparel Manufacturing,42877.577147,Africa,South Africa
2021,ZMB,Agricultural & Foods,501.63125,Africa,Zambia
2021,ZMB,Art & Collectibles,121.181013,Africa,Zambia
2021,ZMB,Base Metals,144797.76553,Africa,Zambia
2021,ZMB,Chemical & Pharmaceutical,608.815297,Africa,Zambia
2021,ZMB,Consumer Goods & Crafts,51412.898448,Africa,Zambia
2021,ZMB,Energy & Minerals,258.816521,Africa,Zambia
2021,ZMB,Industrial Equipment & Technology,8447.495438,Africa,Zambia
2021,ZMB,Textile & Apparel Manufacturing,98.328986,Africa,Zambia
2021,ZWE,Agricultural & Foods,18385.943013,Africa,Zimbabwe
2021,ZWE,Art & Collectibles,2554.695251,Africa,Zimbabwe
2021,ZWE,Base Metals,7037.126574,Africa,Zimbabwe
2021,ZWE,Chemical & Pharmaceutical,78.051659,Africa,Zimbabwe
2021,ZWE,Consumer Goods & Crafts,2391.822361,Africa,Zimbabwe
2021,ZWE,Energy & Minerals,143.794256,Africa,Zimbabwe
2021,ZWE,Industrial Equipment & Technology,3294.541644,Africa,Zimbabwe
2021,ZWE,Textile & Apparel Manufacturing,1171.62737,Africa,Zimbabwe
2022,AGO,Agricultural & Foods,124.706703,Africa,Angola
2022,AGO,Art & Collectibles,357.347274,Africa,Angola
2022,AGO,Base Metals,9112.318732,Africa,Angola
2022,AGO,Chemical & Pharmaceutical,573.483259,Africa,Angola
2022,AGO,Consumer Goods & Crafts,100904.544134,Africa,Angola
2022,AGO,Energy & Minerals,1129149.361477,Africa,Angola
2022,AGO,Industrial Equipment & Technology,34237.225709,Africa,Angola
2022,AGO,Textile & Apparel Manufacturing,74.242762,Africa,Angola
2022,BDI,Art & Collectibles,7.918555,Africa,Burundi
2022,BDI,Base Metals,5.630562,Africa,Burundi
2022,BDI,Chemical & Pharmaceutical,387.016934,Africa,Burundi
2022,BDI,Consumer Goods & Crafts,34.49181,Africa,Burundi
2022,BDI,Energy & Minerals,2501.5677,Africa,Burundi
2022,BDI,Industrial Equipment & Technology,6153.141992,Africa,Burundi
2022,BDI,Textile & Apparel Manufacturing,49.84663,Africa,Burundi
2022,BEN,Agricultural & Foods,1180.159459,Africa,Benin
2022,BEN,Art & Collectibles,141.686715,Africa,Benin
2022,BEN,Base Metals,937.622051,Africa,Benin
2022,BEN,Chemical & Pharmaceutical,111.207678,Africa,Benin
2022,BEN,Consumer Goods & Crafts,1841.517591,Africa,Benin
2022,BEN,Industrial Equipment & Technology,788.143338,Africa,Benin
2022,BEN,Textile & Apparel Manufacturing,311.610934,Africa,Benin
2022,BFA,Agricultural & Foods,387.421194,Africa,Burkina Faso
2022,BFA,Art & Collectibles,198.41175,Africa,Burkina Faso
2022,BFA,Base Metals,5512.347741,Africa,Burkina Faso
2022,BFA,Chemical & Pharmaceutical,29.097895,Africa,Burkina Faso
2022,BFA,Consumer Goods & Crafts,261.956831,Africa,Burkina Faso
2022,BFA,Energy & Minerals,3059.769406,Africa,Burkina Faso
2022,BFA,Industrial Equipment & Technology,693.46978,Africa,Burkina Faso
2022,BFA,Textile & Apparel Manufacturing,43381.092802,Africa,Burkina Faso
2022,BWA,Agricultural & Foods,27.825306,Africa,Botswana
2022,BWA,Art & Collectibles,13.902188,Africa,Botswana
2022,BWA,Base Metals,24.073152,Africa,Botswana
2022,BWA,Chemical & Pharmaceutical,42.797772,Africa,Botswana
2022,BWA,Consumer Goods & Crafts,432539.905755,Africa,Botswana
2022,BWA,Energy & Minerals,0.111309,Africa,Botswana
2022,BWA,Industrial Equipment & Technology,7407.111143,Africa,Botswana
2022,BWA,Textile & Apparel Manufacturing,18.825464,Africa,Botswana
2022,CAF,Art & Collectibles,97.856742,Africa,Central African Republic
2022,CAF,Base Metals,323.951703,Africa,Central African Republic
2022,CAF,Chemical & Pharmaceutical,12.520982,Africa,Central African Republic
2022,CAF,Consumer Goods & Crafts,400.573917,Africa,Central African Republic
2022,CAF,Industrial Equipment & Technology,100.080094,Africa,Central African Republic
2022,CAF,Textile & Apparel Manufacturing,7.452346,Africa,Central African Republic
2022,CIV,Agricultural & Foods,952471.15685,Africa,Côte d'Ivoire
2022,CIV,Art & Collectibles,2422.342344,Africa,Côte d'Ivoire
2022,CIV,Base Metals,50425.070082,Africa,Côte d'Ivoire
2022,CIV,Chemical & Pharmaceutical,229320.262374,Africa,Côte d'Ivoire
2022,CIV,Consumer Goods & Crafts,7792.288473,Africa,Côte d'Ivoire
2022,CIV,Energy & Minerals,24979.844694,Africa,Côte d'Ivoire
2022,CIV,Industrial Equipment & Technology,3938.714518,Africa,Côte d'Ivoire
2022,CIV,Textile & Apparel Manufacturing,1410.379002,Africa,Côte d'Ivoire
2022,CMR,Agricultural & Foods,44015.816372,Africa,Cameroon
2022,CMR,Art & Collectibles,2363.738535,Africa,Cameroon
2022,CMR,Base Metals,596.774277,Africa,Cameroon
2022,CMR,Chemical & Pharmaceutical,19543.654912,Africa,Cameroon
2022,CMR,Consumer Goods & Crafts,54499.493974,Africa,Cameroon
2022,CMR,Energy & Minerals,60435.125573,Africa,Cameroon
2022,CMR,Industrial Equipment & Technology,4725.527439,Africa,Cameroon
2022,CMR,Textile & Apparel Manufacturing,671.665216,Africa,Cameroon
2022,COD,Agricultural & Foods,28357.73132,Africa,DR Congo
2022,COD,Art & Collectibles,2775.966846,Africa,DR Congo
2022,COD,Base Metals,87633.453218,Africa,DR Congo
2022,COD,Chemical & Pharmaceutical,170.532192,Africa,DR Congo
2022,COD,Consumer Goods & Crafts,6922.760063,Africa,DR Congo
2022,COD,Energy & Minerals,41074.44112,Africa,DR Congo
2022,COD,Industrial Equipment & Technology,4394.1126,Africa,DR Congo
2022,COD,Textile & Apparel Manufacturing,142.547451,Africa,DR Congo
2022,COG,Agricultural & Foods,2948.184442,Africa,Congo Republic
2022,COG,Art & Collectibles,1039.009993,Africa,Congo Republic
2022,COG,Base Metals,110.459602,Africa,Congo Republic
2022,COG,Chemical & Pharmaceutical,855.658634,Africa,Congo Republic
2022,COG,Consumer Goods & Crafts,29513.534765,Africa,Congo Republic
2022,COG,Energy & Minerals,132482.411027,Africa,Congo Republic
2022,COG,Industrial Equipment & Technology,1175.43786,Africa,Congo Republic
2022,COG,Textile & Apparel Manufacturing,7.805514,Africa,Congo Republic
2022,COM,Base Metals,82.498903,Africa,Comoros
2022,COM,Chemical & Pharmaceutical,253.491737,Africa,Comoros
2022,COM,Consumer Goods & Crafts,492.411623,Africa,Comoros
2022,COM,Industrial Equipment & Technology,5320.657213,Africa,Comoros
2022,COM,Textile & Apparel Manufacturing,18.005014,Africa,Comoros
2022,CPV,Agricultural & Foods,3584.930942,Africa,Cabo Verde
2022,CPV,Art & Collectibles,0.110932,Africa,Cabo Verde
2022,CPV,Base Metals,62.482956,Africa,Cabo Verde
2022,CPV,Chemical & Pharmaceutical,2643.735034,Africa,Cabo Verde
2022,CPV,Consumer Goods & Crafts,437.425929,Africa,Cabo Verde
2022,CPV,Energy & Minerals,0.058159,Africa,Cabo Verde
2022,CPV,Industrial Equipment & Technology,1558.80517,Africa,Cabo Verde
2022,CPV,Textile & Apparel Manufacturing,31.279712,Africa,Cabo Verde
2022,DJI,Agricultural & Foods,8354.015976,Africa,Djibouti
2022,DJI,Art & Collectibles,4.799827,Africa,Djibouti
2022,DJI,Base Metals,581.017782,Africa,Djibouti
2022,DJI,Chemical & Pharmaceutical,1537.512416,Africa,Djibouti
2022,DJI,Consumer Goods & Crafts,2315.110975,Africa,Djibouti
2022,DJI,Energy & Minerals,75.214295,Africa,Djibouti
2022,DJI,Industrial Equipment & Technology,43437.709844,Africa,Djibouti
2022,DJI,Textile & Apparel Manufacturing,807.493957,Africa,Djibouti
2022,DZA,Agricultural & Foods,493.148965,Africa,Algeria
2022,DZA,Art & Collectibles,552.333778,Africa,Algeria
2022,DZA,Base Metals,441948.171871,Africa,Algeria
2022,DZA,Chemical & Pharmaceutical,220903.589059,Africa,Algeria
2022,DZA,Consumer Goods & Crafts,187.027366,Africa,Algeria
2022,DZA,Energy & Minerals,2814989.45745,Africa,Algeria
2022,DZA,Industrial Equipment & Technology,1569.646269,Africa,Algeria
2022,DZA,Textile & Apparel Manufacturing,258.076535,Africa,Algeria
2022,EGY,Agricultural & Foods,183692.958152,Africa,Egypt
2022,EGY,Art & Collectibles,12800.422876,Africa,Egypt
2022,EGY,Base Metals,182838.68347,Africa,Egypt
2022,EGY,Chemical & Pharmaceutical,294692.599698,Africa,Egypt
2022,EGY,Consumer Goods & Crafts,185422.459089,Africa,Egypt
2022,EGY,Energy & Minerals,161757.931952,Africa,Egypt
2022,EGY,Industrial Equipment & Technology,50801.157897,Africa,Egypt
2022,EGY,Textile & Apparel Manufacturing,1427206.265787,Africa,Egypt
2022,ERI,Agricultural & Foods,,Africa,Eritrea
2022,ERI,Base Metals,,Africa,Eritrea
2022,ERI,Chemical & Pharmaceutical,,Africa,Eritrea
2022,ERI,Consumer Goods & Crafts,,Africa,Eritrea
2022,ERI,Industrial Equipment & Technology,,Africa,Eritrea
2022,ERI,Textile & Apparel Manufacturing,,Africa,Eritrea
2022,ETH,Agricultural & Foods,50370.06838,Africa,Ethiopia
2022,ETH,Art & Collectibles,4177.255177,Africa,Ethiopia
2022,ETH,Base Metals,117.382357,Africa,Ethiopia
2022,ETH,Chemical & Pharmaceutical,823.849557,Africa,Ethiopia
2022,ETH,Consumer Goods & Crafts,12176.966855,Africa,Ethiopia
2022,ETH,Energy & Minerals,87.369998,Africa,Ethiopia
2022,ETH,Industrial Equipment & Technology,239458.70005,Africa,Ethiopia
2022,ETH,Textile & Apparel Manufacturing,377508.445662,Africa,Ethiopia
2022,GAB,Agricultural & Foods,0.628074,Africa,Gabon
2022,GAB,Art & Collectibles,2543.399496,Africa,Gabon
2022,GAB,Base Metals,4476.853553,Africa,Gabon
2022,GAB,Chemical & Pharmaceutical,5382.453197,Africa,Gabon
2022,GAB,Consumer Goods & Crafts,22865.24999,Africa,Gabon
2022,GAB,Energy & Minerals,194512.764666,Africa,Gabon
2022,GAB,Industrial Equipment & Technology,54335.906422,Africa,Gabon
2022,GAB,Textile & Apparel Manufacturing,80.446434,Africa,Gabon
2022,GHA,Agricultural & Foods,332420.130566,Africa,Ghana
2022,GHA,Art & Collectibles,8863.812097,Africa,Ghana
2022,GHA,Base Metals,30068.121837,Africa,Ghana
2022,GHA,Chemical & Pharmaceutical,28115.351351,Africa,Ghana
2022,GHA,Consumer Goods & Crafts,59518.98138,Africa,Ghana
2022,GHA,Energy & Minerals,2400039.244659,Africa,Ghana
2022,GHA,Industrial Equipment & Technology,5003.206976,Africa,Ghana
2022,GHA,Textile & Apparel Manufacturing,43873.190894,Africa,Ghana
2022,GIN,Agricultural & Foods,640.85996,Africa,Guinea
2022,GIN,Art & Collectibles,17.107352,Africa,Guinea
2022,GIN,Base Metals,1440.253538,Africa,Guinea
2022,GIN,Chemical & Pharmaceutical,3704.643472,Africa,Guinea
2022,GIN,Consumer Goods & Crafts,316.944295,Africa,Guinea
2022,GIN,Energy & Minerals,8.218335,Africa,Guinea
2022,GIN,Industrial Equipment & Technology,1188.518056,Africa,Guinea
2022,GIN,Textile & Apparel Manufacturing,156.089083,Africa,Guinea
2022,GMB,Agricultural & Foods,630.31,Africa,Gambia
2022,GMB,Art & Collectibles,3.626109,Africa,Gambia
2022,GMB,Base Metals,19.764963,Africa,Gambia
2022,GMB,Chemical & Pharmaceutical,133.948662,Africa,Gambia
2022,GMB,Consumer Goods & Crafts,35.903817,Africa,Gambia
2022,GMB,Industrial Equipment & Technology,576.480945,Africa,Gambia
2022,GMB,Textile & Apparel Manufacturing,14.979465,Africa,Gambia
2022,GNB,Industrial Equipment & Technology,16.690238,Africa,Guinea-Bissau
2022,GNB,Textile & Apparel Manufacturing,1.684463,Africa,Guinea-Bissau
2022,GNQ,Art & Collectibles,481.694198,Africa,Equatorial Guinea
2022,GNQ,Chemical & Pharmaceutical,32309.397799,Africa,Equatorial Guinea
2022,GNQ,Energy & Minerals,190431.122927,Africa,Equatorial Guinea
2022,GNQ,Industrial Equipment & Technology,107.180342,Africa,Equatorial Guinea
2022,GNQ,Textile & Apparel Manufacturing,14.774411,Africa,Equatorial Guinea
2022,KEN,Agricultural & Foods,22030.144764,Africa,Kenya
2022,KEN,Art & Collectibles,1435.159398,Africa,Kenya
2022,KEN,Base Metals,70226.136666,Africa,Kenya
2022,KEN,Chemical & Pharmaceutical,17105.341408,Africa,Kenya
2022,KEN,Consumer Goods & Crafts,10926.872284,Africa,Kenya
2022,KEN,Energy & Minerals,99999.117689,Africa,Kenya
2022,KEN,Industrial Equipment & Technology,91598.107912,Africa,Kenya
2022,KEN,Textile & Apparel Manufacturing,484999.401252,Africa,Kenya
2022,LBR,Agricultural & Foods,1005.296655,Africa,Liberia
2022,LBR,Art & Collectibles,25.428224,Africa,Liberia
2022,LBR,Base Metals,280.468498,Africa,Liberia
2022,LBR,Chemical & Pharmaceutical,96529.997658,Africa,Liberia
2022,LBR,Consumer Goods & Crafts,1164.762298,Africa,Liberia
2022,LBR,Energy & Minerals,97.455339,Africa,Liberia
2022,LBR,Industrial Equipment & Technology,485.865611,Africa,Liberia
2022,LBR,Textile & Apparel Manufacturing,93.734809,Africa,Liberia
2022,LBY,Art & Collectibles,248.758554,Africa,Libya
2022,LBY,Chemical & Pharmaceutical,59.648799,Africa,Libya
2022,LBY,Consumer Goods & Crafts,22.084994,Africa,Libya
2022,LBY,Energy & Minerals,2220889.05154,Africa,Libya
2022,LBY,Industrial Equipment & Technology,18.041444,Africa,Libya
2022,LBY,Textile & Apparel Manufacturing,0.976712,Africa,Libya
2022,LSO,Agricultural & Foods,21.878034,Africa,Lesotho
2022,LSO,Art & Collectibles,102.562726,Africa,Lesotho
2022,LSO,Base Metals,0.469689,Africa,Lesotho
2022,LSO,Chemical & Pharmaceutical,1194.991627,Africa,Lesotho
2022,LSO,Consumer Goods & Crafts,83131.930079,Africa,Lesotho
2022,LSO,Energy & Minerals,0.005139,Africa,Lesotho
2022,LSO,Industrial Equipment & Technology,2395.828153,Africa,Lesotho
2022,LSO,Textile & Apparel Manufacturing,261476.86782,Africa,Lesotho
2022,MAR,Agricultural & Foods,235235.431799,Africa,Morocco
2022,MAR,Art & Collectibles,7368.07307,Africa,Morocco
2022,MAR,Base Metals,249936.845057,Africa,Morocco
2022,MAR,Chemical & Pharmaceutical,279873.259273,Africa,Morocco
2022,MAR,Consumer Goods & Crafts,86005.543332,Africa,Morocco
2022,MAR,Energy & Minerals,65488.052804,Africa,Morocco
2022,MAR,Industrial Equipment & Technology,716605.747291,Africa,Morocco
2022,MAR,Textile & Apparel Manufacturing,300177.345658,Africa,Morocco
2022,MDG,Agricultural & Foods,7678.872075,Africa,Madagascar
2022,MDG,Art & Collectibles,1292.925166,Africa,Madagascar
2022,MDG,Base Metals,62782.102108,Africa,Madagascar
2022,MDG,Chemical & Pharmaceutical,4911.205394,Africa,Madagascar
2022,MDG,Consumer Goods & Crafts,57021.075146,Africa,Madagascar
2022,MDG,Energy & Minerals,80662.781294,Africa,Madagascar
2022,MDG,Industrial Equipment & Technology,281807.738893,Africa,Madagascar
2022,MDG,Textile & Apparel Manufacturing,430795.526375,Africa,Madagascar
2022,MLI,Agricultural & Foods,1036.052099,Africa,Mali
2022,MLI,Art & Collectibles,513.724899,Africa,Mali
2022,MLI,Base Metals,624.996938,Africa,Mali
2022,MLI,Chemical & Pharmaceutical,2596.27375,Africa,Mali
2022,MLI,Consumer Goods & Crafts,424.868502,Africa,Mali
2022,MLI,Energy & Minerals,11.935517,Africa,Mali
2022,MLI,Industrial Equipment & Technology,13081.979009,Africa,Mali
2022,MLI,Textile & Apparel Manufacturing,169.789823,Africa,Mali
2022,MOZ,Agricultural & Foods,20997.120197,Africa,Mozambique
2022,MOZ,Art & Collectibles,365.734688,Africa,Mozambique
2022,MOZ,Base Metals,1928.478905,Africa,Mozambique
2022,MOZ,Chemical & Pharmaceutical,2009.770417,Africa,Mozambique
2022,MOZ,Consumer Goods & Crafts,95579.057353,Africa,Mozambique
2022,MOZ,Energy & Minerals,82060.447826,Africa,Mozambique
2022,MOZ,Industrial Equipment & Technology,3589.542107,Africa,Mozambique
2022,MOZ,Textile & Apparel Manufacturing,32.626582,Africa,Mozambique
2022,MRT,Agricultural & Foods,1231.304989,Africa,Mauritania
2022,MRT,Art & Collectibles,37.002392,Africa,Mauritania
2022,MRT,Base Metals,21.01034,Africa,Mauritania
2022,MRT,Chemical & Pharmaceutical,2802.908178,Africa,Mauritania
2022,MRT,Consumer Goods & Crafts,216.752904,Africa,Mauritania
2022,MRT,Energy & Minerals,2.348554,Africa,Mauritania
2022,MRT,Industrial Equipment & Technology,2557.699065,Africa,Mauritania
2022,MRT,Textile & Apparel Manufacturing,552.941641,Africa,Mauritania
2022,MUS,Agricultural & Foods,78882.364647,Africa,Mauritius
2022,MUS,Art & Collectibles,352.251432,Africa,Mauritius
2022,MUS,Base Metals,412.190739,Africa,Mauritius
2022,MUS,Chemical & Pharmaceutical,13558.921526,Africa,Mauritius
2022,MUS,Consumer Goods & Crafts,84611.649433,Africa,Mauritius
2022,MUS,Energy & Minerals,2660.972666,Africa,Mauritius
2022,MUS,Industrial Equipment & Technology,11467.645185,Africa,Mauritius
2022,MUS,Textile & Apparel Manufacturing,83225.022422,Africa,Mauritius
2022,MWI,Agricultural & Foods,26192.148635,Africa,Malawi
2022,MWI,Art & Collectibles,1.070239,Africa,Malawi
2022,MWI,Base Metals,12061.509251,Africa,Malawi
2022,MWI,Chemical & Pharmaceutical,61.695344,Africa,Malawi
2022,MWI,Consumer Goods & Crafts,338.598646,Africa,Malawi
2022,MWI,Energy & Minerals,9.838213,Africa,Malawi
2022,MWI,Industrial Equipment & Technology,14351.597948,Africa,Malawi
2022,MWI,Textile & Apparel Manufacturing,357.73496,Africa,Malawi
2022,NAM,Agricultural & Foods,631.314006,Africa,Namibia
2022,NAM,Art & Collectibles,527.795862,Africa,Namibia
2022,NAM,Base Metals,485.783644,Africa,Namibia
2022,NAM,Chemical & Pharmaceutical,3533.436274,Africa,Namibia
2022,NAM,Consumer Goods & Crafts,75569.435697,Africa,Namibia
2022,NAM,Energy & Minerals,62703.424131,Africa,Namibia
2022,NAM,Industrial Equipment & Technology,3210.072365,Africa,Namibia
2022,NAM,Textile & Apparel Manufacturing,269.998127,Africa,Namibia
2022,NER,Agricultural & Foods,1080.56481,Africa,Niger
2022,NER,Art & Collectibles,444.613217,Africa,Niger
2022,NER,Base Metals,140.222015,Africa,Niger
2022,NER,Chemical & Pharmaceutical,329.496981,Africa,Niger
2022,NER,Consumer Goods & Crafts,268.851144,Africa,Niger
2022,NER,Energy & Minerals,4.187142,Africa,Niger
2022,NER,Industrial Equipment & Technology,7355.180444,Africa,Niger
2022,NER,Textile & Apparel Manufacturing,107.721874,Africa,Niger
2022,NGA,Agricultural & Foods,23362.996881,Africa,Nigeria
2022,NGA,Art & Collectibles,3263.397158,Africa,Nigeria
2022,NGA,Base Metals,30470.133376,Africa,Nigeria
2022,NGA,Chemical & Pharmaceutical,89660.861974,Africa,Nigeria
2022,NGA,Consumer Goods & Crafts,9783.351385,Africa,Nigeria
2022,NGA,Energy & Minerals,1595638.063894,Africa,Nigeria
2022,NGA,Industrial Equipment & Technology,3090.201554,Africa,Nigeria
2022,NGA,Textile & Apparel Manufacturing,5562.422642,Africa,Nigeria
2022,RWA,Agricultural & Foods,3842.254857,Africa,Rwanda
2022,RWA,Art & Collectibles,195.710121,Africa,Rwanda
2022,RWA,Base Metals,5974.438616,Africa,Rwanda
2022,RWA,Chemical & Pharmaceutical,1100.998144,Africa,Rwanda
2022,RWA,Consumer Goods & Crafts,4905.019969,Africa,Rwanda
2022,RWA,Energy & Minerals,5660.773012,Africa,Rwanda
2022,RWA,Industrial Equipment & Technology,35479.200272,Africa,Rwanda
2022,RWA,Textile & Apparel Manufacturing,1576.779323,Africa,Rwanda
2022,SDN,Agricultural & Foods,53344.694984,Africa,Sudan
2022,SDN,Chemical & Pharmaceutical,1159.411654,Africa,Sudan
2022,SDN,Consumer Goods & Crafts,9.337089,Africa,Sudan
2022,SEN,Agricultural & Foods,77473.948977,Africa,Senegal
2022,SEN,Art & Collectibles,550.347379,Africa,Senegal
2022,SEN,Base Metals,141.445231,Africa,Senegal
2022,SEN,Chemical & Pharmaceutical,2100.298453,Africa,Senegal
2022,SEN,Consumer Goods & Crafts,351935.867947,Africa,Senegal
2022,SEN,Energy & Minerals,53067.230795,Africa,Senegal
2022,SEN,Industrial Equipment & Technology,3292.531137,Africa,Senegal
2022,SEN,Textile & Apparel Manufacturing,75403.057903,Africa,Senegal
2022,SLE,Agricultural & Foods,850.092025,Africa,Sierra Leone
2022,SLE,Art & Collectibles,94.934842,Africa,Sierra Leone
2022,SLE,Base Metals,858.431526,Africa,Sierra Leone
2022,SLE,Chemical & Pharmaceutical,1202.356493,Africa,Sierra Leone
2022,SLE,Consumer Goods & Crafts,3257.812699,Africa,Sierra Leone
2022,SLE,Energy & Minerals,1043.367997,Africa,Sierra Leone
2022,SLE,Industrial Equipment & Technology,7983.410437,Africa,Sierra Leone
2022,SLE,Textile & Apparel Manufacturing,458.008525,Africa,Sierra Leone
2022,SOM,Agricultural & Foods,350.641371,Africa,Somalia
2022,SOM,Art & Collectibles,14.16057,Africa,Somalia
2022,SOM,Base Metals,21.172189,Africa,Somalia
2022,SOM,Chemical & Pharmaceutical,21.487503,Africa,Somalia
2022,SOM,Consumer Goods & Crafts,94.371205,Africa,Somalia
2022,SOM,Industrial Equipment & Technology,22.579566,Africa,Somalia
2022,SSD,Base Metals,4.571126,Africa,South Sudan
2022,SSD,Chemical & Pharmaceutical,12.218535,Africa,South Sudan
2022,SSD,Industrial Equipment & Technology,7.686257,Africa,South Sudan
2022,STP,Agricultural & Foods,252.243151,Africa,Sao Tome and Principe
2022,STP,Art & Collectibles,50.010519,Africa,Sao Tome and Principe
2022,STP,Base Metals,6.979881,Africa,Sao Tome and Principe
2022,STP,Chemical & Pharmaceutical,6.915585,Africa,Sao Tome and Principe
2022,STP,Consumer Goods & Crafts,86.793953,Africa,Sao Tome and Principe
2022,STP,Industrial Equipment & Technology,908.464112,Africa,Sao Tome and Principe
2022,STP,Textile & Apparel Manufacturing,4.044683,Africa,Sao Tome and Principe
2022,SWZ,Agricultural & Foods,19576.072008,Africa,Eswatini
2022,SWZ,Art & Collectibles,27.195139,Africa,Eswatini
2022,SWZ,Base Metals,382.941515,Africa,Eswatini
2022,SWZ,Chemical & Pharmaceutical,127.990329,Africa,Eswatini
2022,SWZ,Consumer Goods & Crafts,462.663712,Africa,Eswatini
2022,SWZ,Energy & Minerals,0.003838,Africa,Eswatini
2022,SWZ,Industrial Equipment & Technology,2388.536215,Africa,Eswatini
2022,SWZ,Textile & Apparel Manufacturing,2144.983097,Africa,Eswatini
2022,SYC,Agricultural & Foods,424.075782,Africa,Seychelles
2022,SYC,Art & Collectibles,21.286061,Africa,Seychelles
2022,SYC,Base Metals,118.885361,Africa,Seychelles
2022,SYC,Chemical & Pharmaceutical,11480.122165,Africa,Seychelles
2022,SYC,Consumer Goods & Crafts,500.360316,Africa,Seychelles
2022,SYC,Energy & Minerals,8.150276,Africa,Seychelles
2022,SYC,Industrial Equipment & Technology,2835.585629,Africa,Seychelles
2022,SYC,Textile & Apparel Manufacturing,361.531896,Africa,Seychelles
2022,TCD,Agricultural & Foods,4660.385341,Africa,Chad
2022,TCD,Chemical & Pharmaceutical,20.490001,Africa,Chad
2022,TCD,Consumer Goods & Crafts,1.988796,Africa,Chad
2022,TCD,Industrial Equipment & Technology,266.219504,Africa,Chad
2022,TGO,Agricultural & Foods,55053.010147,Africa,Togo
2022,TGO,Art & Collectibles,2.719762,Africa,Togo
2022,TGO,Base Metals,123.339024,Africa,Togo
2022,TGO,Chemical & Pharmaceutical,1351.898964,Africa,Togo
2022,TGO,Consumer Goods & Crafts,246.481137,Africa,Togo
2022,TGO,Energy & Minerals,0.22846,Africa,Togo
2022,TGO,Industrial Equipment & Technology,741.113344,Africa,Togo
2022,TGO,Textile & Apparel Manufacturing,11306.724477,Africa,Togo
2022,TUN,Agricultural & Foods,240087.940046,Africa,Tunisia
2022,TUN,Art & Collectibles,930.597391,Africa,Tunisia
2022,TUN,Base Metals,28776.022518,Africa,Tunisia
2022,TUN,Chemical & Pharmaceutical,43181.036041,Africa,Tunisia
2022,TUN,Consumer Goods & Crafts,46952.734313,Africa,Tunisia
2022,TUN,Energy & Minerals,162432.493171,Africa,Tunisia
2022,TUN,Industrial Equipment & Technology,279361.435957,Africa,Tunisia
2022,TUN,Textile & Apparel Manufacturing,148298.710316,Africa,Tunisia
2022,TZA,Agricultural & Foods,19738.182436,Africa,Tanzania
2022,TZA,Art & Collectibles,604.985292,Africa,Tanzania
2022,TZA,Base Metals,834.532063,Africa,Tanzania
2022,TZA,Chemical & Pharmaceutical,9256.012174,Africa,Tanzania
2022,TZA,Consumer Goods & Crafts,41223.41396,Africa,Tanzania
2022,TZA,Energy & Minerals,2004.480866,Africa,Tanzania
2022,TZA,Industrial Equipment & Technology,16658.607259,Africa,Tanzania
2022,TZA,Textile & Apparel Manufacturing,74150.920408,Africa,Tanzania
2022,UGA,Agricultural & Foods,9270.674299,Africa,Uganda
2022,UGA,Art & Collectibles,755.283776,Africa,Uganda
2022,UGA,Base Metals,2371.84178,Africa,Uganda
2022,UGA,Chemical & Pharmaceutical,68073.751551,Africa,Uganda
2022,UGA,Consumer Goods & Crafts,3195.979171,Africa,Uganda
2022,UGA,Energy & Minerals,13041.008355,Africa,Uganda
2022,UGA,Industrial Equipment & Technology,99851.303277,Africa,Uganda
2022,UGA,Textile & Apparel Manufacturing,2775.462645,Africa,Uganda
2022,ZAF,Agricultural & Foods,285838.999956,Africa,South Africa
2022,ZAF,Art & Collectibles,29510.982031,Africa,South Africa
2022,ZAF,Base Metals,1886875.74947,Africa,South Africa
2022,ZAF,Chemical & Pharmaceutical,812456.443052,Africa,South Africa
2022,ZAF,Consumer Goods & Crafts,6798561.987813,Africa,South Africa
2022,ZAF,Energy & Minerals,855602.626788,Africa,South Africa
2022,ZAF,Industrial Equipment & Technology,2200240.198339,Africa,South Africa
2022,ZAF,Textile & Apparel Manufacturing,44210.651853,Africa,South Africa
2022,ZMB,Agricultural & Foods,1205.683236,Africa,Zambia
2022,ZMB,Art & Collectibles,49.69404,Africa,Zambia
2022,ZMB,Base Metals,40622.041978,Africa,Zambia
2022,ZMB,Chemical & Pharmaceutical,1156.092303,Africa,Zambia
2022,ZMB,Consumer Goods & Crafts,68186.824348,Africa,Zambia
2022,ZMB,Energy & Minerals,828.718064,Africa,Zambia
2022,ZMB,Industrial Equipment & Technology,9972.615672,Africa,Zambia
2022,ZMB,Textile & Apparel Manufacturing,36.621753,Africa,Zambia
2022,ZWE,Agricultural & Foods,27904.321541,Africa,Zimbabwe
2022,ZWE,Art & Collectibles,1003.754238,Africa,Zimbabwe
2022,ZWE,Base Metals,44832.10916,Africa,Zimbabwe
2022,ZWE,Chemical & Pharmaceutical,10.621448,Africa,Zimbabwe
2022,ZWE,Consumer Goods & Crafts,2787.146191,Africa,Zimbabwe
2022,ZWE,Energy & Minerals,1855.387015,Africa,Zimbabwe
2022,ZWE,Industrial Equipment & Technology,6897.029067,Africa,Zimbabwe
2022,ZWE,Textile & Apparel Manufacturing,1267.44812,Africa,Zimbabwe
2023,AGO,Agricultural & Foods,362.354584,Africa,Angola
2023,AGO,Art & Collectibles,7.643422,Africa,Angola
2023,AGO,Base Metals,4653.171142,Africa,Angola
2023,AGO,Chemical & Pharmaceutical,799.909763,Africa,Angola
2023,AGO,Consumer Goods & Crafts,144178.660634,Africa,Angola
2023,AGO,Energy & Minerals,1118325.822457,Africa,Angola
2023,AGO,Industrial Equipment & Technology,33118.780189,Africa,Angola
2023,AGO,Textile & Apparel Manufacturing,124.977498,Africa,Angola
2023,BDI,Agricultural & Foods,0.043309,Africa,Burundi
2023,BDI,Art & Collectibles,7.883383,Africa,Burundi
2023,BDI,Base Metals,1.367493,Africa,Burundi
2023,BDI,Chemical & Pharmaceutical,1.848226,Africa,Burundi
2023,BDI,Consumer Goods & Crafts,44.670341,Africa,Burundi
2023,BDI,Energy & Minerals,3.650978,Africa,Burundi
2023,BDI,Industrial Equipment & Technology,2877.561627,Africa,Burundi
2023,BDI,Textile & Apparel Manufacturing,5.793708,Africa,Burundi
2023,BEN,Agricultural & Foods,9944.361938,Africa,Benin
2023,BEN,Art & Collectibles,57.071655,Africa,Benin
2023,BEN,Base Metals,3953.801385,Africa,Benin
2023,BEN,Chemical & Pharmaceutical,6.968831,Africa,Benin
2023,BEN,Consumer Goods & Crafts,658.661202,Africa,Benin
2023,BEN,Industrial Equipment & Technology,339.969805,Africa,Benin
2023,BEN,Textile & Apparel Manufacturing,1444.387216,Africa,Benin
2023,BFA,Agricultural & Foods,56.7318,Africa,Burkina Faso
2023,BFA,Art & Collectibles,106.28586,Africa,Burkina Faso
2023,BFA,Base Metals,2926.437943,Africa,Burkina Faso
2023,BFA,Chemical & Pharmaceutical,10.503288,Africa,Burkina Faso
2023,BFA,Consumer Goods & Crafts,439.006287,Africa,Burkina Faso
2023,BFA,Energy & Minerals,3221.51857,Africa,Burkina Faso
2023,BFA,Industrial Equipment & Technology,3350.952698,Africa,Burkina Faso
2023,BFA,Textile & Apparel Manufacturing,23471.160418,Africa,Burkina Faso
2023,BWA,Agricultural & Foods,55.675301,Africa,Botswana
2023,BWA,Art & Collectibles,6.263009,Africa,Botswana
2023,BWA,Base Metals,52.430213,Africa,Botswana
2023,BWA,Chemical & Pharmaceutical,13.549808,Africa,Botswana
2023,BWA,Consumer Goods & Crafts,415331.660038,Africa,Botswana
2023,BWA,Energy & Minerals,2.05786,Africa,Botswana
2023,BWA,Industrial Equipment & Technology,1598.228766,Africa,Botswana
2023,BWA,Textile & Apparel Manufacturing,32.186705,Africa,Botswana
2023,CAF,Art & Collectibles,51.32629,Africa,Central African Republic
2023,CAF,Base Metals,8.579246,Africa,Central African Republic
2023,CAF,Chemical & Pharmaceutical,37.192401,Africa,Central African Republic
2023,CAF,Consumer Goods & Crafts,1228.531491,Africa,Central African Republic
2023,CAF,Industrial Equipment & Technology,705.696129,Africa,Central African Republic
2023,CIV,Agricultural & Foods,841158.819012,Africa,Côte d'Ivoire
2023,CIV,Art & Collectibles,1125.667037,Africa,Côte d'Ivoire
2023,CIV,Base Metals,36868.56808,Africa,Côte d'Ivoire
2023,CIV,Chemical & Pharmaceutical,162558.818718,Africa,Côte d'Ivoire
2023,CIV,Consumer Goods & Crafts,5429.827542,Africa,Côte d'Ivoire
2023,CIV,Energy & Minerals,44340.042621,Africa,Côte d'Ivoire
2023,CIV,Industrial Equipment & Technology,7397.117588,Africa,Côte d'Ivoire
2023,CIV,Textile & Apparel Manufacturing,418.569515,Africa,Côte d'Ivoire
2023,CMR,Agricultural & Foods,33591.620528,Africa,Cameroon
2023,CMR,Art & Collectibles,1489.930182,Africa,Cameroon
2023,CMR,Base Metals,300.027133,Africa,Cameroon
2023,CMR,Chemical & Pharmaceutical,7904.246424,Africa,Cameroon
2023,CMR,Consumer Goods & Crafts,27273.427384,Africa,Cameroon
2023,CMR,Energy & Minerals,56010.056198,Africa,Cameroon
2023,CMR,Industrial Equipment & Technology,2886.953111,Africa,Cameroon
2023,CMR,Textile & Apparel Manufacturing,557.277927,Africa,Cameroon
2023,COD,Agricultural & Foods,5738.805825,Africa,DR Congo
2023,COD,Art & Collectibles,1146.649544,Africa,DR Congo
2023,COD,Base Metals,119064.628959,Africa,DR Congo
2023,COD,Chemical & Pharmaceutical,228.430213,Africa,DR Congo
2023,COD,Consumer Goods & Crafts,14790.289431,Africa,DR Congo
2023,COD,Energy & Minerals,145830.997525,Africa,DR Congo
2023,COD,Industrial Equipment & Technology,2177.978265,Africa,DR Congo
2023,COD,Textile & Apparel Manufacturing,142.018575,Africa,DR Congo
2023,COG,Agricultural & Foods,1003.894309,Africa,Congo Republic
2023,COG,Art & Collectibles,439.527728,Africa,Congo Republic
2023,COG,Base Metals,2333.956541,Africa,Congo Republic
2023,COG,Chemical & Pharmaceutical,96.412356,Africa,Congo Republic
2023,COG,Consumer Goods & Crafts,23288.919127,Africa,Congo Republic
2023,COG,Energy & Minerals,276293.081625,Africa,Congo Republic
2023,COG,Industrial Equipment & Technology,174035.704135,Africa,Congo Republic
2023,COG,Textile & Apparel Manufacturing,2.155704,Africa,Congo Republic
2023,COM,Agricultural & Foods,4.984889,Africa,Comoros
2023,COM,Chemical & Pharmaceutical,306.804928,Africa,Comoros
2023,COM,Consumer Goods & Crafts,15.610077,Africa,Comoros
2023,COM,Industrial Equipment & Technology,3160.219319,Africa,Comoros
2023,COM,Textile & Apparel Manufacturing,10.956043,Africa,Comoros
2023,CPV,Agricultural & Foods,3446.048104,Africa,Cabo Verde
2023,CPV,Art & Collectibles,0.64942,Africa,Cabo Verde
2023,CPV,Base Metals,127.438689,Africa,Cabo Verde
2023,CPV,Chemical & Pharmaceutical,1898.890744,Africa,Cabo Verde
2023,CPV,Consumer Goods & Crafts,396.328897,Africa,Cabo Verde
2023,CPV,Energy & Minerals,10.777926,Africa,Cabo Verde
2023,CPV,Industrial Equipment & Technology,1462.852734,Africa,Cabo Verde
2023,CPV,Textile & Apparel Manufacturing,7.361105,Africa,Cabo Verde
2023,DJI,Agricultural & Foods,11371.325346,Africa,Djibouti
2023,DJI,Base Metals,553.596568,Africa,Djibouti
2023,DJI,Chemical & Pharmaceutical,560.147489,Africa,Djibouti
2023,DJI,Consumer Goods & Crafts,64.665946,Africa,Djibouti
2023,DJI,Energy & Minerals,69.793186,Africa,Djibouti
2023,DJI,Industrial Equipment & Technology,61436.119226,Africa,Djibouti
2023,DJI,Textile & Apparel Manufacturing,2094.488503,Africa,Djibouti
2023,DZA,Agricultural & Foods,435.970451,Africa,Algeria
2023,DZA,Art & Collectibles,136.569977,Africa,Algeria
2023,DZA,Base Metals,329945.485354,Africa,Algeria
2023,DZA,Chemical & Pharmaceutical,265084.278762,Africa,Algeria
2023,DZA,Consumer Goods & Crafts,238.957968,Africa,Algeria
2023,DZA,Energy & Minerals,2688497.706464,Africa,Algeria
2023,DZA,Industrial Equipment & Technology,470.417114,Africa,Algeria
2023,DZA,Textile & Apparel Manufacturing,16.064718,Africa,Algeria
2023,EGY,Agricultural & Foods,229907.70385,Africa,Egypt
2023,EGY,Art & Collectibles,10557.177116,Africa,Egypt
2023,EGY,Base Metals,368802.003796,Africa,Egypt
2023,EGY,Chemical & Pharmaceutical,233432.564452,Africa,Egypt
2023,EGY,Consumer Goods & Crafts,221773.494994,Africa,Egypt
2023,EGY,Energy & Minerals,178709.234111,Africa,Egypt
2023,EGY,Industrial Equipment & Technology,41746.430117,Africa,Egypt
2023,EGY,Textile & Apparel Manufacturing,1404295.536797,Africa,Egypt
2023,ERI,Agricultural & Foods,,Africa,Eritrea
2023,ERI,Chemical & Pharmaceutical,,Africa,Eritrea
2023,ERI,Consumer Goods & Crafts,,Africa,Eritrea
2023,ERI,Industrial Equipment & Technology,,Africa,Eritrea
2023,ERI,Textile & Apparel Manufacturing,,Africa,Eritrea
2023,ETH,Agricultural & Foods,56336.152071,Africa,Ethiopia
2023,ETH,Art & Collectibles,1730.422566,Africa,Ethiopia
2023,ETH,Base Metals,124.505753,Africa,Ethiopia
2023,ETH,Chemical & Pharmaceutical,812.41979,Africa,Ethiopia
2023,ETH,Consumer Goods & Crafts,10096.414131,Africa,Ethiopia
2023,ETH,Industrial Equipment & Technology,135469.858927,Africa,Ethiopia
2023,ETH,Textile & Apparel Manufacturing,191736.842324,Africa,Ethiopia
2023,GAB,Agricultural & Foods,5.507722,Africa,Gabon
2023,GAB,Art & Collectibles,2898.79431,Africa,Gabon
2023,GAB,Base Metals,1546.356749,Africa,Gabon
2023,GAB,Chemical & Pharmaceutical,55.106449,Africa,Gabon
2023,GAB,Consumer Goods & Crafts,30115.456973,Africa,Gabon
2023,GAB,Energy & Minerals,138916.040158,Africa,Gabon
2023,GAB,Industrial Equipment & Technology,15200.114947,Africa,Gabon
2023,GAB,Textile & Apparel Manufacturing,65.527281,Africa,Gabon
2023,GHA,Agricultural & Foods,325077.302427,Africa,Ghana
2023,GHA,Art & Collectibles,11865.485929,Africa,Ghana
2023,GHA,Base Metals,36425.675211,Africa,Ghana
2023,GHA,Chemical & Pharmaceutical,33304.971133,Africa,Ghana
2023,GHA,Consumer Goods & Crafts,42002.287825,Africa,Ghana
2023,GHA,Energy & Minerals,1204152.575287,Africa,Ghana
2023,GHA,Industrial Equipment & Technology,4984.052782,Africa,Ghana
2023,GHA,Textile & Apparel Manufacturing,43551.391714,Africa,Ghana
2023,GIN,Agricultural & Foods,224.247308,Africa,Guinea
2023,GIN,Art & Collectibles,28.003507,Africa,Guinea
2023,GIN,Base Metals,2276.117212,Africa,Guinea
2023,GIN,Chemical & Pharmaceutical,4679.332514,Africa,Guinea
2023,GIN,Consumer Goods & Crafts,3469.166713,Africa,Guinea
2023,GIN,Industrial Equipment & Technology,2601.825393,Africa,Guinea
2023,GIN,Textile & Apparel Manufacturing,99.57963,Africa,Guinea
2023,GMB,Agricultural & Foods,152.945984,Africa,Gambia
2023,GMB,Base Metals,14.421793,Africa,Gambia
2023,GMB,Chemical & Pharmaceutical,110.996647,Africa,Gambia
2023,GMB,Consumer Goods & Crafts,22.550404,Africa,Gambia
2023,GMB,Energy & Minerals,483.800774,Africa,Gambia
2023,GMB,Industrial Equipment & Technology,815.470768,Africa,Gambia
2023,GMB,Textile & Apparel Manufacturing,7.14939,Africa,Gambia
2023,GNB,Base Metals,636.082623,Africa,Guinea-Bissau
2023,GNB,Chemical & Pharmaceutical,3.939165,Africa,Guinea-Bissau
2023,GNB,Industrial Equipment & Technology,5.823431,Africa,Guinea-Bissau
2023,GNQ,Chemical & Pharmaceutical,24011.508945,Africa,Equatorial Guinea
2023,GNQ,Energy & Minerals,293161.320908,Africa,Equatorial Guinea
2023,GNQ,Industrial Equipment & Technology,37.01157,Africa,Equatorial Guinea
2023,KEN,Agricultural & Foods,23585.422839,Africa,Kenya
2023,KEN,Art & Collectibles,3003.553484,Africa,Kenya
2023,KEN,Base Metals,25391.292946,Africa,Kenya
2023,KEN,Chemical & Pharmaceutical,142343.621297,Africa,Kenya
2023,KEN,Consumer Goods & Crafts,9463.610646,Africa,Kenya
2023,KEN,Energy & Minerals,51460.494034,Africa,Kenya
2023,KEN,Industrial Equipment & Technology,82520.092012,Africa,Kenya
2023,KEN,Textile & Apparel Manufacturing,460232.076453,Africa,Kenya
2023,LBR,Agricultural & Foods,1551.637305,Africa,Liberia
2023,LBR,Art & Collectibles,198.669642,Africa,Liberia
2023,LBR,Base Metals,6.462222,Africa,Liberia
2023,LBR,Chemical & Pharmaceutical,66460.17338,Africa,Liberia
2023,LBR,Consumer Goods & Crafts,1201.325671,Africa,Liberia
2023,LBR,Energy & Minerals,98.202337,Africa,Liberia
2023,LBR,Industrial Equipment & Technology,816.198385,Africa,Liberia
2023,LBR,Textile & Apparel Manufacturing,85.515375,Africa,Liberia
2023,LBY,Art & Collectibles,344.010035,Africa,Libya
2023,LBY,Base Metals,5.622375,Africa,Libya
2023,LBY,Chemical & Pharmaceutical,3.069786,Africa,Libya
2023,LBY,Consumer Goods & Crafts,9.427014,Africa,Libya
2023,LBY,Energy & Minerals,1689225.829949,Africa,Libya
2023,LBY,Industrial Equipment & Technology,45.511282,Africa,Libya
2023,LBY,Textile & Apparel Manufacturing,9.461494,Africa,Libya
2023,LSO,Agricultural & Foods,14.639271,Africa,Lesotho
2023,LSO,Art & Collectibles,11.095672,Africa,Lesotho
2023,LSO,Base Metals,0.058109,Africa,Lesotho
2023,LSO,Chemical & Pharmaceutical,833.114819,Africa,Lesotho
2023,LSO,Consumer Goods & Crafts,60421.185284,Africa,Lesotho
2023,LSO,Energy & Minerals,0.046272,Africa,Lesotho
2023,LSO,Industrial Equipment & Technology,1069.968833,Africa,Lesotho
2023,LSO,Textile & Apparel Manufacturing,176746.737187,Africa,Lesotho
2023,MAR,Agricultural & Foods,166194.918963,Africa,Morocco
2023,MAR,Art & Collectibles,5596.8255,Africa,Morocco
2023,MAR,Base Metals,135260.221652,Africa,Morocco
2023,MAR,Chemical & Pharmaceutical,240704.541759,Africa,Morocco
2023,MAR,Consumer Goods & Crafts,81815.959565,Africa,Morocco
2023,MAR,Energy & Minerals,88379.158387,Africa,Morocco
2023,MAR,Industrial Equipment & Technology,698135.84566,Africa,Morocco
2023,MAR,Textile & Apparel Manufacturing,304116.860711,Africa,Morocco
2023,MDG,Agricultural & Foods,6375.107014,Africa,Madagascar
2023,MDG,Art & Collectibles,346.060395,Africa,Madagascar
2023,MDG,Base Metals,70544.631276,Africa,Madagascar
2023,MDG,Chemical & Pharmaceutical,4657.489165,Africa,Madagascar
2023,MDG,Consumer Goods & Crafts,56615.431978,Africa,Madagascar
2023,MDG,Energy & Minerals,41102.470095,Africa,Madagascar
2023,MDG,Industrial Equipment & Technology,143109.493831,Africa,Madagascar
2023,MDG,Textile & Apparel Manufacturing,350028.293094,Africa,Madagascar
2023,MLI,Agricultural & Foods,1667.460166,Africa,Mali
2023,MLI,Art & Collectibles,1535.27151,Africa,Mali
2023,MLI,Base Metals,365.92021,Africa,Mali
2023,MLI,Chemical & Pharmaceutical,3348.368626,Africa,Mali
2023,MLI,Consumer Goods & Crafts,2775.579547,Africa,Mali
2023,MLI,Energy & Minerals,2.58712,Africa,Mali
2023,MLI,Industrial Equipment & Technology,4963.706245,Africa,Mali
2023,MLI,Textile & Apparel Manufacturing,178.150611,Africa,Mali
2023,MOZ,Agricultural & Foods,14081.940631,Africa,Mozambique
2023,MOZ,Art & Collectibles,22.544539,Africa,Mozambique
2023,MOZ,Base Metals,6639.919223,Africa,Mozambique
2023,MOZ,Chemical & Pharmaceutical,542.647339,Africa,Mozambique
2023,MOZ,Consumer Goods & Crafts,123087.509867,Africa,Mozambique
2023,MOZ,Energy & Minerals,74851.39888,Africa,Mozambique
2023,MOZ,Industrial Equipment & Technology,6691.444277,Africa,Mozambique
2023,MOZ,Textile & Apparel Manufacturing,54.428534,Africa,Mozambique
2023,MRT,Agricultural & Foods,378.112064,Africa,Mauritania
2023,MRT,Art & Collectibles,43.737679,Africa,Mauritania
2023,MRT,Base Metals,1353.330553,Africa,Mauritania
2023,MRT,Chemical & Pharmaceutical,1126.954404,Africa,Mauritania
2023,MRT,Consumer Goods & Crafts,146.522913,Africa,Mauritania
2023,MRT,Energy & Minerals,78.671841,Africa,Mauritania
2023,MRT,Industrial Equipment & Technology,2811.215538,Africa,Mauritania
2023,MRT,Textile & Apparel Manufacturing,1041.336076,Africa,Mauritania
2023,MUS,Agricultural & Foods,108375.833177,Africa,Mauritius
2023,MUS,Art & Collectibles,49.875832,Africa,Mauritius
2023,MUS,Base Metals,106.113383,Africa,Mauritius
2023,MUS,Chemical & Pharmaceutical,16080.251697,Africa,Mauritius
2023,MUS,Consumer Goods & Crafts,99887.535354,Africa,Mauritius
2023,MUS,Energy & Minerals,701.202971,Africa,Mauritius
2023,MUS,Industrial Equipment & Technology,15787.84054,Africa,Mauritius
2023,MUS,Textile & Apparel Manufacturing,56686.806892,Africa,Mauritius
2023,MWI,Agricultural & Foods,24540.927388,Africa,Malawi
2023,MWI,Art & Collectibles,41.397984,Africa,Malawi
2023,MWI,Base Metals,4130.958318,Africa,Malawi
2023,MWI,Chemical & Pharmaceutical,151.251877,Africa,Malawi
2023,MWI,Consumer Goods & Crafts,571.022451,Africa,Malawi
2023,MWI,Energy & Minerals,1.92334,Africa,Malawi
2023,MWI,Industrial Equipment & Technology,11189.179613,Africa,Malawi
2023,MWI,Textile & Apparel Manufacturing,12.208768,Africa,Malawi
2023,NAM,Agricultural & Foods,1074.529344,Africa,Namibia
2023,NAM,Art & Collectibles,1239.504445,Africa,Namibia
2023,NAM,Base Metals,181.287379,Africa,Namibia
2023,NAM,Chemical & Pharmaceutical,1435.882735,Africa,Namibia
2023,NAM,Consumer Goods & Crafts,59609.382726,Africa,Namibia
2023,NAM,Energy & Minerals,287.529756,Africa,Namibia
2023,NAM,Industrial Equipment & Technology,4788.050144,Africa,Namibia
2023,NAM,Textile & Apparel Manufacturing,864.94365,Africa,Namibia
2023,NER,Agricultural & Foods,516.254333,Africa,Niger
2023,NER,Art & Collectibles,31.242977,Africa,Niger
2023,NER,Base Metals,182.306239,Africa,Niger
2023,NER,Chemical & Pharmaceutical,1336.682766,Africa,Niger
2023,NER,Consumer Goods & Crafts,222.609562,Africa,Niger
2023,NER,Energy & Minerals,101.788525,Africa,Niger
2023,NER,Industrial Equipment & Technology,3087.440254,Africa,Niger
2023,NER,Textile & Apparel Manufacturing,40.822986,Africa,Niger
2023,NGA,Agricultural & Foods,66857.727729,Africa,Nigeria
2023,NGA,Art & Collectibles,2106.185897,Africa,Nigeria
2023,NGA,Base Metals,51971.671417,Africa,Nigeria
2023,NGA,Chemical & Pharmaceutical,111386.164456,Africa,Nigeria
2023,NGA,Consumer Goods & Crafts,9914.835219,Africa,Nigeria
2023,NGA,Energy & Minerals,2874519.298939,Africa,Nigeria
2023,NGA,Industrial Equipment & Technology,3066.9887,Africa,Nigeria
2023,NGA,Textile & Apparel Manufacturing,7705.047773,Africa,Nigeria
2023,RWA,Agricultural & Foods,5062.536622,Africa,Rwanda
2023,RWA,Art & Collectibles,185.236338,Africa,Rwanda
2023,RWA,Base Metals,1937.778492,Africa,Rwanda
2023,RWA,Chemical & Pharmaceutical,51.500976,Africa,Rwanda
2023,RWA,Consumer Goods & Crafts,3845.507132,Africa,Rwanda
2023,RWA,Energy & Minerals,2238.805391,Africa,Rwanda
2023,RWA,Industrial Equipment & Technology,23324.583206,Africa,Rwanda
2023,RWA,Textile & Apparel Manufacturing,56.157351,Africa,Rwanda
2023,SDN,Agricultural & Foods,13781.82837,Africa,Sudan
2023,SDN,Chemical & Pharmaceutical,11.573827,Africa,Sudan
2023,SDN,Consumer Goods & Crafts,21.06869,Africa,Sudan
2023,SDN,Textile & Apparel Manufacturing,33.399347,Africa,Sudan
2023,SEN,Agricultural & Foods,85804.280509,Africa,Senegal
2023,SEN,Art & Collectibles,539.039579,Africa,Senegal
2023,SEN,Base Metals,529.593809,Africa,Senegal
2023,SEN,Chemical & Pharmaceutical,2450.721085,Africa,Senegal
2023,SEN,Consumer Goods & Crafts,1143.415763,Africa,Senegal
2023,SEN,Energy & Minerals,24712.914268,Africa,Senegal
2023,SEN,Industrial Equipment & Technology,6215.03695,Africa,Senegal
2023,SEN,Textile & Apparel Manufacturing,74343.217141,Africa,Senegal
2023,SLE,Agricultural & Foods,3384.583631,Africa,Sierra Leone
2023,SLE,Art & Collectibles,63.652463,Africa,Sierra Leone
2023,SLE,Base Metals,797.139504,Africa,Sierra Leone
2023,SLE,Chemical & Pharmaceutical,1522.284963,Africa,Sierra Leone
2023,SLE,Consumer Goods & Crafts,10286.352707,Africa,Sierra Leone
2023,SLE,Energy & Minerals,2112.121169,Africa,Sierra Leone
2023,SLE,Industrial Equipment & Technology,4783.935454,Africa,Sierra Leone
2023,SLE,Textile & Apparel Manufacturing,169.830394,Africa,Sierra Leone
2023,SOM,Agricultural & Foods,501.576882,Africa,Somalia
2023,SOM,Art & Collectibles,23.239791,Africa,Somalia
2023,SOM,Base Metals,2.682907,Africa,Somalia
2023,SOM,Chemical & Pharmaceutical,704.507543,Africa,Somalia
2023,SOM,Consumer Goods & Crafts,12.187577,Africa,Somalia
2023,SOM,Industrial Equipment & Technology,393.166773,Africa,Somalia
2023,SSD,Agricultural & Foods,80.921834,Africa,South Sudan
2023,SSD,Chemical & Pharmaceutical,4.381375,Africa,South Sudan
2023,SSD,Consumer Goods & Crafts,78.816399,Africa,South Sudan
2023,SSD,Industrial Equipment & Technology,40.757391,Africa,South Sudan
2023,STP,Agricultural & Foods,98.816234,Africa,Sao Tome and Principe
2023,STP,Art & Collectibles,8.248815,Africa,Sao Tome and Principe
2023,STP,Base Metals,76.220886,Africa,Sao Tome and Principe
2023,STP,Chemical & Pharmaceutical,5.094579,Africa,Sao Tome and Principe
2023,STP,Consumer Goods & Crafts,120.203576,Africa,Sao Tome and Principe
2023,STP,Energy & Minerals,162.028105,Africa,Sao Tome and Principe
2023,STP,Industrial Equipment & Technology,1594.547953,Africa,Sao Tome and Principe
2023,STP,Textile & Apparel Manufacturing,7.069067,Africa,Sao Tome and Principe
2023,SWZ,Agricultural & Foods,27549.525278,Africa,Eswatini
2023,SWZ,Art & Collectibles,34.940976,Africa,Eswatini
2023,SWZ,Base Metals,670.267158,Africa,Eswatini
2023,SWZ,Chemical & Pharmaceutical,416.961155,Africa,Eswatini
2023,SWZ,Consumer Goods & Crafts,637.408784,Africa,Eswatini
2023,SWZ,Industrial Equipment & Technology,1540.348781,Africa,Eswatini
2023,SWZ,Textile & Apparel Manufacturing,1533.024472,Africa,Eswatini
2023,SYC,Agricultural & Foods,275.001981,Africa,Seychelles
2023,SYC,Art & Collectibles,111.312572,Africa,Seychelles
2023,SYC,Base Metals,140.316698,Africa,Seychelles
2023,SYC,Chemical & Pharmaceutical,7046.998866,Africa,Seychelles
2023,SYC,Consumer Goods & Crafts,228.149313,Africa,Seychelles
2023,SYC,Industrial Equipment & Technology,2141.540872,Africa,Seychelles
2023,SYC,Textile & Apparel Manufacturing,55.081824,Africa,Seychelles
2023,TCD,Agricultural & Foods,2310.931138,Africa,Chad
2023,TCD,Art & Collectibles,79.670394,Africa,Chad
2023,TCD,Chemical & Pharmaceutical,7.828889,Africa,Chad
2023,TCD,Consumer Goods & Crafts,10.265786,Africa,Chad
2023,TCD,Energy & Minerals,88330.71894,Africa,Chad
2023,TCD,Industrial Equipment & Technology,364.796877,Africa,Chad
2023,TGO,Agricultural & Foods,82431.693924,Africa,Togo
2023,TGO,Art & Collectibles,9.934018,Africa,Togo
2023,TGO,Base Metals,130.102689,Africa,Togo
2023,TGO,Chemical & Pharmaceutical,403.20582,Africa,Togo
2023,TGO,Consumer Goods & Crafts,495.38115,Africa,Togo
2023,TGO,Energy & Minerals,14.014686,Africa,Togo
2023,TGO,Industrial Equipment & Technology,769.312973,Africa,Togo
2023,TGO,Textile & Apparel Manufacturing,9896.483521,Africa,Togo
2023,TUN,Agricultural & Foods,234552.319493,Africa,Tunisia
2023,TUN,Art & Collectibles,778.974884,Africa,Tunisia
2023,TUN,Base Metals,37559.906647,Africa,Tunisia
2023,TUN,Chemical & Pharmaceutical,151110.232418,Africa,Tunisia
2023,TUN,Consumer Goods & Crafts,55503.210085,Africa,Tunisia
2023,TUN,Energy & Minerals,92574.424604,Africa,Tunisia
2023,TUN,Industrial Equipment & Technology,266548.200393,Africa,Tunisia
2023,TUN,Textile & Apparel Manufacturing,124111.522322,Africa,Tunisia
2023,TZA,Agricultural & Foods,10643.356619,Africa,Tanzania
2023,TZA,Art & Collectibles,498.45584,Africa,Tanzania
2023,TZA,Base Metals,1391.152255,Africa,Tanzania
2023,TZA,Chemical & Pharmaceutical,10144.301593,Africa,Tanzania
2023,TZA,Consumer Goods & Crafts,51734.031081,Africa,Tanzania
2023,TZA,Energy & Minerals,353.764347,Africa,Tanzania
2023,TZA,Industrial Equipment & Technology,31210.227645,Africa,Tanzania
2023,TZA,Textile & Apparel Manufacturing,91189.274168,Africa,Tanzania
2023,UGA,Agricultural & Foods,13161.536261,Africa,Uganda
2023,UGA,Art & Collectibles,883.346062,Africa,Uganda
2023,UGA,Base Metals,3083.917559,Africa,Uganda
2023,UGA,Chemical & Pharmaceutical,17277.965572,Africa,Uganda
2023,UGA,Consumer Goods & Crafts,4373.698643,Africa,Uganda
2023,UGA,Energy & Minerals,12243.831484,Africa,Uganda
2023,UGA,Industrial Equipment & Technology,80348.907091,Africa,Uganda
2023,UGA,Textile & Apparel Manufacturing,2055.125743,Africa,Uganda
2023,ZAF,Agricultural & Foods,277996.928148,Africa,South Africa
2023,ZAF,Art & Collectibles,37573.770356,Africa,South Africa
2023,ZAF,Base Metals,1704136.148741,Africa,South Africa
2023,ZAF,Chemical & Pharmaceutical,776193.385162,Africa,South Africa
2023,ZAF,Consumer Goods & Crafts,6775259.852222,Africa,South Africa
2023,ZAF,Energy & Minerals,820485.879377,Africa,South Africa
2023,ZAF,Industrial Equipment & Technology,2639243.999205,Africa,South Africa
2023,ZAF,Textile & Apparel Manufacturing,46032.903272,Africa,South Africa
2023,ZMB,Agricultural & Foods,1687.995074,Africa,Zambia
2023,ZMB,Art & Collectibles,148.511497,Africa,Zambia
2023,ZMB,Base Metals,53357.945084,Africa,Zambia
2023,ZMB,Chemical & Pharmaceutical,1180.088689,Africa,Zambia
2023,ZMB,Consumer Goods & Crafts,100315.586044,Africa,Zambia
2023,ZMB,Energy & Minerals,6.743935,Africa,Zambia
2023,ZMB,Industrial Equipment & Technology,7634.312475,Africa,Zambia
2023,ZMB,Textile & Apparel Manufacturing,57.5625,Africa,Zambia
2023,ZWE,Agricultural & Foods,43956.311367,Africa,Zimbabwe
2023,ZWE,Art & Collectibles,807.664829,Africa,Zimbabwe
2023,ZWE,Base Metals,68317.342057,Africa,Zimbabwe
2023,ZWE,Chemical & Pharmaceutical,35.598247,Africa,Zimbabwe
2023,ZWE,Consumer Goods & Crafts,5537.590125,Africa,Zimbabwe
2023,ZWE,Energy & Minerals,2114.690477,Africa,Zimbabwe
2023,ZWE,Industrial Equipment & Technology,6071.30034,Africa,Zimbabwe
2023,ZWE,Textile & Apparel Manufacturing,1935.430793,Africa,Zimbabwe
2024,AGO,Agricultural & Foods,1032.822,Africa,Angola
2024,AGO,Art & Collectibles,161.013,Africa,Angola
2024,AGO,Base Metals,27797.86,Africa,Angola
2024,AGO,Chemical & Pharmaceutical,732.476,Africa,Angola
2024,AGO,Consumer Goods & Crafts,103052.96399999999,Africa,Angola
2024,AGO,Energy & Minerals,1862806.066,Africa,Angola
2024,AGO,Industrial Equipment & Technology,711578.573,Africa,Angola
2024,AGO,Textile & Apparel Manufacturing,318.934,Africa,Angola
2024,BDI,Art & Collectibles,3.527,Africa,Burundi
2024,BDI,Consumer Goods & Crafts,17.37,Africa,Burundi
2024,BDI,Energy & Minerals,4.313,Africa,Burundi
2024,BDI,Industrial Equipment & Technology,3418.417,Africa,Burundi
2024,BDI,Textile & Apparel Manufacturing,337.625,Africa,Burundi
2024,BEN,Agricultural & Foods,35870.014,Africa,Benin
2024,BEN,Art & Collectibles,97.837,Africa,Benin
2024,BEN,Base Metals,12963.042,Africa,Benin
2024,BEN,Chemical & Pharmaceutical,19.808,Africa,Benin
2024,BEN,Consumer Goods & Crafts,354.493,Africa,Benin
2024,BEN,Energy & Minerals,8.248,Africa,Benin
2024,BEN,Industrial Equipment & Technology,20270.27,Africa,Benin
2024,BEN,Textile & Apparel Manufacturing,3037.588,Africa,Benin
2024,BFA,Agricultural & Foods,110.063,Africa,Burkina Faso
2024,BFA,Art & Collectibles,109.403,Africa,Burkina Faso
2024,BFA,Base Metals,3944.493,Africa,Burkina Faso
2024,BFA,Chemical & Pharmaceutical,20.331,Africa,Burkina Faso
2024,BFA,Consumer Goods & Crafts,39.723,Africa,Burkina Faso
2024,BFA,Energy & Minerals,2191.404,Africa,Burkina Faso
2024,BFA,Industrial Equipment & Technology,2622.533,Africa,Burkina Faso
2024,BFA,Textile & Apparel Manufacturing,10056.831,Africa,Burkina Faso
2024,BWA,Agricultural & Foods,2.501,Africa,Botswana
2024,BWA,Art & Collectibles,309.829,Africa,Botswana
2024,BWA,Chemical & Pharmaceutical,8.103,Africa,Botswana
2024,BWA,Consumer Goods & Crafts,412942.843,Africa,Botswana
2024,BWA,Industrial Equipment & Technology,422.087,Africa,Botswana
2024,CAF,Art & Collectibles,199.76,Africa,Central African Republic
2024,CAF,Base Metals,4634.476,Africa,Central African Republic
2024,CAF,Chemical & Pharmaceutical,122.531,Africa,Central African Republic
2024,CAF,Consumer Goods & Crafts,722.95,Africa,Central African Republic
2024,CAF,Industrial Equipment & Technology,342.67,Africa,Central African Republic
2024,CAF,Textile & Apparel Manufacturing,8.119,Africa,Central African Republic
2024,CIV,Agricultural & Foods,959577.434,Africa,Côte d'Ivoire
2024,CIV,Art & Collectibles,2863.236,Africa,Côte d'Ivoire
2024,CIV,Base Metals,54092.534,Africa,Côte d'Ivoire
2024,CIV,Chemical & Pharmaceutical,197470.075,Africa,Côte d'Ivoire
2024,CIV,Consumer Goods & Crafts,7771.115,Africa,Côte d'Ivoire
2024,CIV,Energy & Minerals,7.526,Africa,Côte d'Ivoire
2024,CIV,Industrial Equipment & Technology,9992.548,Africa,Côte d'Ivoire
2024,CIV,Textile & Apparel Manufacturing,178.582,Africa,Côte d'Ivoire
2024,CMR,Agricultural & Foods,64233.396,Africa,Cameroon
2024,CMR,Art & Collectibles,1950.284,Africa,Cameroon
2024,CMR,Base Metals,402.555,Africa,Cameroon
2024,CMR,Chemical & Pharmaceutical,8186.81,Africa,Cameroon
2024,CMR,Consumer Goods & Crafts,40147.183,Africa,Cameroon
2024,CMR,Energy & Minerals,136893.688,Africa,Cameroon
2024,CMR,Industrial Equipment & Technology,3385.982,Africa,Cameroon
2024,CMR,Textile & Apparel Manufacturing,288.016,Africa,Cameroon
2024,COD,Agricultural & Foods,12006.524,Africa,DR Congo
2024,COD,Art & Collectibles,1919.052,Africa,DR Congo
2024,COD,Base Metals,298754.253,Africa,DR Congo
2024,COD,Chemical & Pharmaceutical,1139.901,Africa,DR Congo
2024,COD,Consumer Goods & Crafts,10759.585,Africa,DR Congo
2024,COD,Energy & Minerals,5.502,Africa,DR Congo
2024,COD,Industrial Equipment & Technology,1775.846,Africa,DR Congo
2024,COD,Textile & Apparel Manufacturing,8.961,Africa,DR Congo
2024,COG,Agricultural & Foods,833.04,Africa,Congo Republic
2024,COG,Art & Collectibles,2794.437,Africa,Congo Republic
2024,COG,Base Metals,13314.983,Africa,Congo Republic
2024,COG,Chemical & Pharmaceutical,70.943,Africa,Congo Republic
2024,COG,Consumer Goods & Crafts,23523.735,Africa,Congo Republic
2024,COG,Industrial Equipment & Technology,236.298,Africa,Congo Republic
2024,COG,Textile & Apparel Manufacturing,23.89,Africa,Congo Republic
2024,COM,Base Metals,5.129,Africa,Comoros
2024,COM,Chemical & Pharmaceutical,364.999,Africa,Comoros
2024,COM,Consumer Goods & Crafts,19.513,Africa,Comoros
2024,COM,Industrial Equipment & Technology,1395.574,Africa,Comoros
2024,COM,Textile & Apparel Manufacturing,72.986,Africa,Comoros
2024,CPV,Agricultural & Foods,3076.939,Africa,Cabo Verde
2024,CPV,Base Metals,34.873,Africa,Cabo Verde
2024,CPV,Chemical & Pharmaceutical,9.666,Africa,Cabo Verde
2024,CPV,Consumer Goods & Crafts,93.354,Africa,Cabo Verde
2024,CPV,Industrial Equipment & Technology,998.949,Africa,Cabo Verde
2024,CPV,Textile & Apparel Manufacturing,25.692,Africa,Cabo Verde
2024,DJI,Agricultural & Foods,385.574,Africa,Djibouti
2024,DJI,Art & Collectibles,3.075,Africa,Djibouti
2024,DJI,Chemical & Pharmaceutical,252.336,Africa,Djibouti
2024,DJI,Consumer Goods & Crafts,92.013,Africa,Djibouti
2024,DJI,Industrial Equipment & Technology,1036.602,Africa,Djibouti
2024,DZA,Agricultural & Foods,668.334,Africa,Algeria
2024,DZA,Art & Collectibles,401.432,Africa,Algeria
2024,DZA,Base Metals,95065.281,Africa,Algeria
2024,DZA,Chemical & Pharmaceutical,173091.643,Africa,Algeria
2024,DZA,Consumer Goods & Crafts,7491.377,Africa,Algeria
2024,DZA,Energy & Minerals,2237091.224,Africa,Algeria
2024,DZA,Industrial Equipment & Technology,1010.9879999999999,Africa,Algeria
2024,DZA,Textile & Apparel Manufacturing,3.385,Africa,Algeria
2024,EGY,Agricultural & Foods,268707.345,Africa,Egypt
2024,EGY,Art & Collectibles,22670.681,Africa,Egypt
2024,EGY,Base Metals,350311.06,Africa,Egypt
2024,EGY,Chemical & Pharmaceutical,387662.129,Africa,Egypt
2024,EGY,Consumer Goods & Crafts,175273.726,Africa,Egypt
2024,EGY,Energy & Minerals,146821.351,Africa,Egypt
2024,EGY,Industrial Equipment & Technology,61846.946,Africa,Egypt
2024,EGY,Textile & Apparel Manufacturing,1465101.264,Africa,Egypt
2024,ERI,Agricultural & Foods,,Africa,Eritrea
2024,ERI,Base Metals,,Africa,Eritrea
2024,ERI,Chemical & Pharmaceutical,,Africa,Eritrea
2024,ERI,Consumer Goods & Crafts,,Africa,Eritrea
2024,ERI,Industrial Equipment & Technology,,Africa,Eritrea
2024,ERI,Textile & Apparel Manufacturing,,Africa,Eritrea
2024,ETH,Agricultural & Foods,53815.637,Africa,Ethiopia
2024,ETH,Art & Collectibles,925.625,Africa,Ethiopia
2024,ETH,Base Metals,203.664,Africa,Ethiopia
2024,ETH,Chemical & Pharmaceutical,408.749,Africa,Ethiopia
2024,ETH,Consumer Goods & Crafts,8149.301,Africa,Ethiopia
2024,ETH,Energy & Minerals,157.195,Africa,Ethiopia
2024,ETH,Industrial Equipment & Technology,170918.457,Africa,Ethiopia
2024,ETH,Textile & Apparel Manufacturing,174628.613,Africa,Ethiopia
2024,GAB,Agricultural & Foods,66.216,Africa,Gabon
2024,GAB,Art & Collectibles,1915.731,Africa,Gabon
2024,GAB,Base Metals,359.077,Africa,Gabon
2024,GAB,Chemical & Pharmaceutical,7.235,Africa,Gabon
2024,GAB,Consumer Goods & Crafts,23570.386,Africa,Gabon
2024,GAB,Energy & Minerals,151538.213,Africa,Gabon
2024,GAB,Industrial Equipment & Technology,1318.16,Africa,Gabon
2024,GAB,Textile & Apparel Manufacturing,4.263,Africa,Gabon
2024,GHA,Agricultural & Foods,256714.074,Africa,Ghana
2024,GHA,Art & Collectibles,10274.679,Africa,Ghana
2024,GHA,Base Metals,41464.831,Africa,Ghana
2024,GHA,Chemical & Pharmaceutical,38110.619,Africa,Ghana
2024,GHA,Consumer Goods & Crafts,44939.864,Africa,Ghana
2024,GHA,Energy & Minerals,766811.3099999999,Africa,Ghana
2024,GHA,Industrial Equipment & Technology,1081.801,Africa,Ghana
2024,GHA,Textile & Apparel Manufacturing,42147.634,Africa,Ghana
2024,GIN,Agricultural & Foods,1335.343,Africa,Guinea
2024,GIN,Art & Collectibles,192.972,Africa,Guinea
2024,GIN,Base Metals,499.809,Africa,Guinea
2024,GIN,Chemical & Pharmaceutical,2578.735,Africa,Guinea
2024,GIN,Consumer Goods & Crafts,311.082,Africa,Guinea
2024,GIN,Industrial Equipment & Technology,987.797,Africa,Guinea
2024,GIN,Textile & Apparel Manufacturing,64.245,Africa,Guinea
2024,GMB,Agricultural & Foods,264.534,Africa,Gambia
2024,GMB,Base Metals,45.367,Africa,Gambia
2024,GMB,Chemical & Pharmaceutical,743.239,Africa,Gambia
2024,GMB,Consumer Goods & Crafts,55.632,Africa,Gambia
2024,GMB,Energy & Minerals,983.134,Africa,Gambia
2024,GMB,Industrial Equipment & Technology,119.821,Africa,Gambia
2024,GMB,Textile & Apparel Manufacturing,44.141,Africa,Gambia
2024,GNB,Consumer Goods & Crafts,15.419,Africa,Guinea-Bissau
2024,GNB,Industrial Equipment & Technology,79.704,Africa,Guinea-Bissau
2024,GNB,Textile & Apparel Manufacturing,24.428,Africa,Guinea-Bissau
2024,GNQ,Energy & Minerals,132955.174,Africa,Equatorial Guinea
2024,GNQ,Industrial Equipment & Technology,306.892,Africa,Equatorial Guinea
2024,GNQ,Textile & Apparel Manufacturing,0.678,Africa,Equatorial Guinea
2024,KEN,Agricultural & Foods,24154.394,Africa,Kenya
2024,KEN,Art & Collectibles,1502.282,Africa,Kenya
2024,KEN,Base Metals,29698.422,Africa,Kenya
2024,KEN,Chemical & Pharmaceutical,10547.15,Africa,Kenya
2024,KEN,Consumer Goods & Crafts,8880.444,Africa,Kenya
2024,KEN,Energy & Minerals,135267.058,Africa,Kenya
2024,KEN,Industrial Equipment & Technology,64900.791,Africa,Kenya
2024,KEN,Textile & Apparel Manufacturing,555912.64,Africa,Kenya
2024,LBR,Agricultural & Foods,974.353,Africa,Liberia
2024,LBR,Art & Collectibles,107.175,Africa,Liberia
2024,LBR,Base Metals,11.238,Africa,Liberia
2024,LBR,Chemical & Pharmaceutical,62962.689,Africa,Liberia
2024,LBR,Consumer Goods & Crafts,7831.605,Africa,Liberia
2024,LBR,Energy & Minerals,2.45,Africa,Liberia
2024,LBR,Industrial Equipment & Technology,331.67,Africa,Liberia
2024,LBR,Textile & Apparel Manufacturing,283.718,Africa,Liberia
2024,LBY,Agricultural & Foods,313.018,Africa,Libya
2024,LBY,Art & Collectibles,1119.414,Africa,Libya
2024,LBY,Base Metals,11.068,Africa,Libya
2024,LBY,Chemical & Pharmaceutical,5.093,Africa,Libya
2024,LBY,Consumer Goods & Crafts,11.881,Africa,Libya
2024,LBY,Energy & Minerals,1490437.775,Africa,Libya
2024,LBY,Industrial Equipment & Technology,44.212,Africa,Libya
2024,LBY,Textile & Apparel Manufacturing,1.835,Africa,Libya
2024,LSO,Agricultural & Foods,34.463,Africa,Lesotho
2024,LSO,Art & Collectibles,3.074,Africa,Lesotho
2024,LSO,Base Metals,0.336,Africa,Lesotho
2024,LSO,Chemical & Pharmaceutical,888.084,Africa,Lesotho
2024,LSO,Consumer Goods & Crafts,83240.377,Africa,Lesotho
2024,LSO,Energy & Minerals,0.005,Africa,Lesotho
2024,LSO,Industrial Equipment & Technology,1100.097,Africa,Lesotho
2024,LSO,Textile & Apparel Manufacturing,170036.056,Africa,Lesotho
2024,MAR,Agricultural & Foods,211730.271,Africa,Morocco
2024,MAR,Art & Collectibles,2840.051,Africa,Morocco
2024,MAR,Base Metals,205157.475,Africa,Morocco
2024,MAR,Chemical & Pharmaceutical,562988.956,Africa,Morocco
2024,MAR,Consumer Goods & Crafts,91892.376,Africa,Morocco
2024,MAR,Energy & Minerals,78905.939,Africa,Morocco
2024,MAR,Industrial Equipment & Technology,821538.662,Africa,Morocco
2024,MAR,Textile & Apparel Manufacturing,287939.978,Africa,Morocco
2024,MDG,Agricultural & Foods,8640.163,Africa,Madagascar
2024,MDG,Art & Collectibles,1223.436,Africa,Madagascar
2024,MDG,Base Metals,84482.275,Africa,Madagascar
2024,MDG,Chemical & Pharmaceutical,7904.449,Africa,Madagascar
2024,MDG,Consumer Goods & Crafts,63795.495,Africa,Madagascar
2024,MDG,Energy & Minerals,66243.572,Africa,Madagascar
2024,MDG,Industrial Equipment & Technology,102329.538,Africa,Madagascar
2024,MDG,Textile & Apparel Manufacturing,342419.81799999997,Africa,Madagascar
2024,MLI,Agricultural & Foods,2726.947,Africa,Mali
2024,MLI,Art & Collectibles,158.599,Africa,Mali
2024,MLI,Base Metals,363.177,Africa,Mali
2024,MLI,Chemical & Pharmaceutical,60.07,Africa,Mali
2024,MLI,Consumer Goods & Crafts,485.814,Africa,Mali
2024,MLI,Energy & Minerals,77.16,Africa,Mali
2024,MLI,Industrial Equipment & Technology,1087.331,Africa,Mali
2024,MLI,Textile & Apparel Manufacturing,103.198,Africa,Mali
2024,MOZ,Agricultural & Foods,30878.376,Africa,Mozambique
2024,MOZ,Art & Collectibles,230.7,Africa,Mozambique
2024,MOZ,Base Metals,1576.336,Africa,Mozambique
2024,MOZ,Chemical & Pharmaceutical,698.098,Africa,Mozambique
2024,MOZ,Consumer Goods & Crafts,121872.232,Africa,Mozambique
2024,MOZ,Energy & Minerals,71320.71,Africa,Mozambique
2024,MOZ,Industrial Equipment & Technology,2330.041,Africa,Mozambique
2024,MOZ,Textile & Apparel Manufacturing,81.495,Africa,Mozambique
2024,MRT,Agricultural & Foods,876.629,Africa,Mauritania
2024,MRT,Art & Collectibles,189.485,Africa,Mauritania
2024,MRT,Base Metals,18.342,Africa,Mauritania
2024,MRT,Chemical & Pharmaceutical,46.767,Africa,Mauritania
2024,MRT,Consumer Goods & Crafts,774.93,Africa,Mauritania
2024,MRT,Industrial Equipment & Technology,722.382,Africa,Mauritania
2024,MRT,Textile & Apparel Manufacturing,179.716,Africa,Mauritania
2024,MUS,Agricultural & Foods,133603.415,Africa,Mauritius
2024,MUS,Art & Collectibles,420.697,Africa,Mauritius
2024,MUS,Base Metals,454.321,Africa,Mauritius
2024,MUS,Chemical & Pharmaceutical,21669.437,Africa,Mauritius
2024,MUS,Consumer Goods & Crafts,34931.849,Africa,Mauritius
2024,MUS,Energy & Minerals,157.084,Africa,Mauritius
2024,MUS,Industrial Equipment & Technology,19150.664,Africa,Mauritius
2024,MUS,Textile & Apparel Manufacturing,41685.613,Africa,Mauritius
2024,MWI,Agricultural & Foods,25581.252,Africa,Malawi
2024,MWI,Art & Collectibles,23.937,Africa,Malawi
2024,MWI,Base Metals,4954.367,Africa,Malawi
2024,MWI,Chemical & Pharmaceutical,30.993,Africa,Malawi
2024,MWI,Consumer Goods & Crafts,1487.769,Africa,Malawi
2024,MWI,Energy & Minerals,2.918,Africa,Malawi
2024,MWI,Industrial Equipment & Technology,11058.333,Africa,Malawi
2024,MWI,Textile & Apparel Manufacturing,55.086,Africa,Malawi
2024,NAM,Agricultural & Foods,2074.939,Africa,Namibia
2024,NAM,Art & Collectibles,340.584,Africa,Namibia
2024,NAM,Base Metals,413.384,Africa,Namibia
2024,NAM,Chemical & Pharmaceutical,5827.842,Africa,Namibia
2024,NAM,Consumer Goods & Crafts,65940.325,Africa,Namibia
2024,NAM,Energy & Minerals,86807.209,Africa,Namibia
2024,NAM,Industrial Equipment & Technology,5513.181,Africa,Namibia
2024,NAM,Textile & Apparel Manufacturing,172.121,Africa,Namibia
2024,NER,Agricultural & Foods,854.801,Africa,Niger
2024,NER,Art & Collectibles,162.05,Africa,Niger
2024,NER,Base Metals,82.968,Africa,Niger
2024,NER,Chemical & Pharmaceutical,221.129,Africa,Niger
2024,NER,Consumer Goods & Crafts,214.358,Africa,Niger
2024,NER,Energy & Minerals,70.151,Africa,Niger
2024,NER,Industrial Equipment & Technology,4306.687,Africa,Niger
2024,NER,Textile & Apparel Manufacturing,300.742,Africa,Niger
2024,NGA,Agricultural & Foods,141316.03,Africa,Nigeria
2024,NGA,Art & Collectibles,8762.58,Africa,Nigeria
2024,NGA,Base Metals,108848.298,Africa,Nigeria
2024,NGA,Chemical & Pharmaceutical,193193.555,Africa,Nigeria
2024,NGA,Consumer Goods & Crafts,14959.631,Africa,Nigeria
2024,NGA,Energy & Minerals,5525261.268,Africa,Nigeria
2024,NGA,Industrial Equipment & Technology,2432.504,Africa,Nigeria
2024,NGA,Textile & Apparel Manufacturing,11488.73,Africa,Nigeria
2024,RWA,Agricultural & Foods,4954.524,Africa,Rwanda
2024,RWA,Art & Collectibles,136.74699999999999,Africa,Rwanda
2024,RWA,Base Metals,3729.796,Africa,Rwanda
2024,RWA,Chemical & Pharmaceutical,58.691,Africa,Rwanda
2024,RWA,Consumer Goods & Crafts,1513.484,Africa,Rwanda
2024,RWA,Industrial Equipment & Technology,19373.891,Africa,Rwanda
2024,RWA,Textile & Apparel Manufacturing,537.112,Africa,Rwanda
2024,SDN,Agricultural & Foods,13195.171,Africa,Sudan
2024,SDN,Art & Collectibles,2.704,Africa,Sudan
2024,SEN,Agricultural & Foods,60828.091,Africa,Senegal
2024,SEN,Art & Collectibles,875.145,Africa,Senegal
2024,SEN,Base Metals,6553.501,Africa,Senegal
2024,SEN,Chemical & Pharmaceutical,20352.523,Africa,Senegal
2024,SEN,Consumer Goods & Crafts,1891.499,Africa,Senegal
2024,SEN,Energy & Minerals,103424.12,Africa,Senegal
2024,SEN,Industrial Equipment & Technology,3595.729,Africa,Senegal
2024,SEN,Textile & Apparel Manufacturing,85461.525,Africa,Senegal
2024,SLE,Agricultural & Foods,4539.023,Africa,Sierra Leone
2024,SLE,Art & Collectibles,21.702,Africa,Sierra Leone
2024,SLE,Base Metals,270.247,Africa,Sierra Leone
2024,SLE,Chemical & Pharmaceutical,1375.6200000000001,Africa,Sierra Leone
2024,SLE,Consumer Goods & Crafts,6036.518,Africa,Sierra Leone
2024,SLE,Energy & Minerals,11866.201000000001,Africa,Sierra Leone
2024,SLE,Industrial Equipment & Technology,4886.923,Africa,Sierra Leone
2024,SLE,Textile & Apparel Manufacturing,46.709,Africa,Sierra Leone
2024,SOM,Agricultural & Foods,713.304,Africa,Somalia
2024,SOM,Art & Collectibles,288.534,Africa,Somalia
2024,SOM,Base Metals,41.41,Africa,Somalia
2024,SOM,Chemical & Pharmaceutical,73.624,Africa,Somalia
2024,SOM,Consumer Goods & Crafts,222.396,Africa,Somalia
2024,SOM,Industrial Equipment & Technology,1177.979,Africa,Somalia
2024,SOM,Textile & Apparel Manufacturing,22.405,Africa,Somalia
2024,SSD,Agricultural & Foods,595.048,Africa,South Sudan
2024,SSD,Art & Collectibles,145.094,Africa,South Sudan
2024,SSD,Consumer Goods & Crafts,41.023,Africa,South Sudan
2024,SSD,Industrial Equipment & Technology,18.066,Africa,South Sudan
2024,SSD,Textile & Apparel Manufacturing,2.705,Africa,South Sudan
2024,STP,Agricultural & Foods,82.585,Africa,Sao Tome and Principe
2024,STP,Base Metals,10.853,Africa,Sao Tome and Principe
2024,STP,Chemical & Pharmaceutical,9.875,Africa,Sao Tome and Principe
2024,STP,Consumer Goods & Crafts,43.597,Africa,Sao Tome and Principe
2024,STP,Energy & Minerals,2.308,Africa,Sao Tome and Principe
2024,STP,Industrial Equipment & Technology,390.12,Africa,Sao Tome and Principe
2024,SWZ,Agricultural & Foods,15329.287,Africa,Eswatini
2024,SWZ,Art & Collectibles,2.537,Africa,Eswatini
2024,SWZ,Base Metals,257.507,Africa,Eswatini
2024,SWZ,Chemical & Pharmaceutical,1513.32,Africa,Eswatini
2024,SWZ,Consumer Goods & Crafts,540.804,Africa,Eswatini
2024,SWZ,Industrial Equipment & Technology,1562.757,Africa,Eswatini
2024,SWZ,Textile & Apparel Manufacturing,3832.838,Africa,Eswatini
2024,SYC,Agricultural & Foods,349.063,Africa,Seychelles
2024,SYC,Art & Collectibles,27.97,Africa,Seychelles
2024,SYC,Base Metals,124.617,Africa,Seychelles
2024,SYC,Chemical & Pharmaceutical,2419.944,Africa,Seychelles
2024,SYC,Consumer Goods & Crafts,288.734,Africa,Seychelles
2024,SYC,Industrial Equipment & Technology,2934.062,Africa,Seychelles
2024,SYC,Textile & Apparel Manufacturing,137.803,Africa,Seychelles
2024,TCD,Agricultural & Foods,3957.955,Africa,Chad
2024,TCD,Art & Collectibles,8.001,Africa,Chad
2024,TCD,Base Metals,5.075,Africa,Chad
2024,TCD,Chemical & Pharmaceutical,281.03,Africa,Chad
2024,TCD,Consumer Goods & Crafts,25.544,Africa,Chad
2024,TCD,Energy & Minerals,78216.077,Africa,Chad
2024,TCD,Industrial Equipment & Technology,78.773,Africa,Chad
2024,TCD,Textile & Apparel Manufacturing,3.106,Africa,Chad
2024,TGO,Agricultural & Foods,49562.796,Africa,Togo
2024,TGO,Art & Collectibles,7.987,Africa,Togo
2024,TGO,Base Metals,235.315,Africa,Togo
2024,TGO,Chemical & Pharmaceutical,305.152,Africa,Togo
2024,TGO,Consumer Goods & Crafts,760.553,Africa,Togo
2024,TGO,Energy & Minerals,0.302,Africa,Togo
2024,TGO,Industrial Equipment & Technology,943.028,Africa,Togo
2024,TGO,Textile & Apparel Manufacturing,9124.626,Africa,Togo
2024,TUN,Agricultural & Foods,490164.711,Africa,Tunisia
2024,TUN,Art & Collectibles,526.43,Africa,Tunisia
2024,TUN,Base Metals,48188.019,Africa,Tunisia
2024,TUN,Chemical & Pharmaceutical,103026.275,Africa,Tunisia
2024,TUN,Consumer Goods & Crafts,52482.178,Africa,Tunisia
2024,TUN,Energy & Minerals,12923.907,Africa,Tunisia
2024,TUN,Industrial Equipment & Technology,295112.811,Africa,Tunisia
2024,TUN,Textile & Apparel Manufacturing,104288.101,Africa,Tunisia
2024,TZA,Agricultural & Foods,23898.303,Africa,Tanzania
2024,TZA,Art & Collectibles,361.663,Africa,Tanzania
2024,TZA,Base Metals,713.67,Africa,Tanzania
2024,TZA,Chemical & Pharmaceutical,10906.677,Africa,Tanzania
2024,TZA,Consumer Goods & Crafts,53310.066,Africa,Tanzania
2024,TZA,Energy & Minerals,53.424,Africa,Tanzania
2024,TZA,Industrial Equipment & Technology,41972.52,Africa,Tanzania
2024,TZA,Textile & Apparel Manufacturing,88130.074,Africa,Tanzania
2024,UGA,Agricultural & Foods,6444.654,Africa,Uganda
2024,UGA,Art & Collectibles,382.449,Africa,Uganda
2024,UGA,Base Metals,2845.372,Africa,Uganda
2024,UGA,Chemical & Pharmaceutical,9636.086,Africa,Uganda
2024,UGA,Consumer Goods & Crafts,1008.86,Africa,Uganda
2024,UGA,Energy & Minerals,29217.893,Africa,Uganda
2024,UGA,Industrial Equipment & Technology,109537.92,Africa,Uganda
2024,UGA,Textile & Apparel Manufacturing,1986.318,Africa,Uganda
2024,ZAF,Agricultural & Foods,321440.994,Africa,South Africa
2024,ZAF,Art & Collectibles,26086.37,Africa,South Africa
2024,ZAF,Base Metals,1382542.358,Africa,South Africa
2024,ZAF,Chemical & Pharmaceutical,597659.287,Africa,South Africa
2024,ZAF,Consumer Goods & Crafts,8516255.202,Africa,South Africa
2024,ZAF,Energy & Minerals,777545.824,Africa,South Africa
2024,ZAF,Industrial Equipment & Technology,2694995.037,Africa,South Africa
2024,ZAF,Textile & Apparel Manufacturing,43667.015,Africa,South Africa
2024,ZMB,Agricultural & Foods,2039.534,Africa,Zambia
2024,ZMB,Art & Collectibles,121.327,Africa,Zambia
2024,ZMB,Base Metals,31445.011,Africa,Zambia
2024,ZMB,Chemical & Pharmaceutical,906.032,Africa,Zambia
2024,ZMB,Consumer Goods & Crafts,142030.218,Africa,Zambia
2024,ZMB,Energy & Minerals,21.755,Africa,Zambia
2024,ZMB,Industrial Equipment & Technology,11635.842,Africa,Zambia
2024,ZMB,Textile & Apparel Manufacturing,189.211,Africa,Zambia
2024,ZWE,Agricultural & Foods,56760.407,Africa,Zimbabwe
2024,ZWE,Art & Collectibles,1735.852,Africa,Zimbabwe
2024,ZWE,Base Metals,403.832,Africa,Zimbabwe
2024,ZWE,Chemical & Pharmaceutical,54.966,Africa,Zimbabwe
2024,ZWE,Consumer Goods & Crafts,2611.297,Africa,Zimbabwe
2024,ZWE,Energy & Minerals,601.457,Africa,Zimbabwe
2024,ZWE,Industrial Equipment & Technology,5295.08,Africa,Zimbabwe
2024,ZWE,Textile & Apparel Manufacturing,1555.941,Africa,Zimbabwe
