year,exporter_iso3_code,sector,value,region,country
2002,AGO,Art & Collectibles,5.5,Africa,Angola
2002,AGO,Base Metals,32.225,Africa,Angola
2002,AGO,Energy & Minerals,3275762.78,Africa,Angola
2002,AGO,Industrial Equipment & Technology,2963.799,Africa,Angola
2002,BDI,Chemical & Pharmaceutical,32.783,Africa,Burundi
2002,BDI,Industrial Equipment & Technology,744.931,Africa,Burundi
2002,BDI,Textile & Apparel Manufacturing,8.788,Africa,Burundi
2002,BEN,Agricultural & Foods,616.106,Africa,Benin
2002,BEN,Art & Collectibles,19.203000000000003,Africa,Benin
2002,BEN,Consumer Goods & Crafts,151.297,Africa,Benin
2002,BEN,Textile & Apparel Manufacturing,0.94,Africa,Benin
2002,BFA,Agricultural & Foods,10.132,Africa,Burkina Faso
2002,BFA,Art & Collectibles,280.885,Africa,Burkina Faso
2002,BFA,Base Metals,47.330999999999996,Africa,Burkina Faso
2002,BFA,Chemical & Pharmaceutical,2.157,Africa,Burkina Faso
2002,BFA,Consumer Goods & Crafts,2336.686,Africa,Burkina Faso
2002,BFA,Industrial Equipment & Technology,21.017000000000003,Africa,Burkina Faso
2002,BFA,Textile & Apparel Manufacturing,131.129,Africa,Burkina Faso
2002,BWA,Agricultural & Foods,42.094,Africa,Botswana
2002,BWA,Art & Collectibles,5.556,Africa,Botswana
2002,BWA,Base Metals,22.058,Africa,Botswana
2002,BWA,Chemical & Pharmaceutical,6.12,Africa,Botswana
2002,BWA,Consumer Goods & Crafts,22886.701,Africa,Botswana
2002,BWA,Textile & Apparel Manufacturing,6569.604,Africa,Botswana
2002,CAF,Agricultural & Foods,472.04100000000005,Africa,Central African Republic
2002,CAF,Art & Collectibles,5.89,Africa,Central African Republic
2002,CAF,Base Metals,2.619,Africa,Central African Republic
2002,CAF,Consumer Goods & Crafts,1374.8069999999998,Africa,Central African Republic
2002,CAF,Industrial Equipment & Technology,117.268,Africa,Central African Republic
2002,CAF,Textile & Apparel Manufacturing,20.900000000000002,Africa,Central African Republic
2002,CIV,Agricultural & Foods,291255.897,Africa,Côte d'Ivoire
2002,CIV,Art & Collectibles,1245.367,Africa,Côte d'Ivoire
2002,CIV,Base Metals,3714.788,Africa,Côte d'Ivoire
2002,CIV,Chemical & Pharmaceutical,3062.045,Africa,Côte d'Ivoire
2002,CIV,Consumer Goods & Crafts,13025.878,Africa,Côte d'Ivoire
2002,CIV,Energy & Minerals,79777.558,Africa,Côte d'Ivoire
2002,CIV,Industrial Equipment & Technology,4027.332,Africa,Côte d'Ivoire
2002,CIV,Textile & Apparel Manufacturing,414.052,Africa,Côte d'Ivoire
2002,CMR,Agricultural & Foods,15605.536,Africa,Cameroon
2002,CMR,Art & Collectibles,507.263,Africa,Cameroon
2002,CMR,Base Metals,216.08,Africa,Cameroon
2002,CMR,Chemical & Pharmaceutical,3482.5840000000003,Africa,Cameroon
2002,CMR,Consumer Goods & Crafts,10948.203,Africa,Cameroon
2002,CMR,Energy & Minerals,147231.737,Africa,Cameroon
2002,CMR,Industrial Equipment & Technology,2803.025,Africa,Cameroon
2002,CMR,Textile & Apparel Manufacturing,1320.568,Africa,Cameroon
2002,COD,Agricultural & Foods,1736.98,Africa,DR Congo
2002,COD,Art & Collectibles,3235.098,Africa,DR Congo
2002,COD,Base Metals,3793.455,Africa,DR Congo
2002,COD,Chemical & Pharmaceutical,313.76,Africa,DR Congo
2002,COD,Consumer Goods & Crafts,29384.946,Africa,DR Congo
2002,COD,Energy & Minerals,171996.81900000002,Africa,DR Congo
2002,COD,Industrial Equipment & Technology,267.123,Africa,DR Congo
2002,COD,Textile & Apparel Manufacturing,29.281,Africa,DR Congo
2002,COG,Agricultural & Foods,3738.958,Africa,Congo Republic
2002,COG,Art & Collectibles,639.317,Africa,Congo Republic
2002,COG,Chemical & Pharmaceutical,54.436,Africa,Congo Republic
2002,COG,Consumer Goods & Crafts,15356.105,Africa,Congo Republic
2002,COG,Energy & Minerals,170880.386,Africa,Congo Republic
2002,COG,Industrial Equipment & Technology,228.44299999999998,Africa,Congo Republic
2002,COG,Textile & Apparel Manufacturing,8.159,Africa,Congo Republic
2002,COM,Agricultural & Foods,48.001,Africa,Comoros
2002,COM,Chemical & Pharmaceutical,44.209,Africa,Comoros
2002,COM,Consumer Goods & Crafts,35.061,Africa,Comoros
2002,COM,Industrial Equipment & Technology,5261.4619999999995,Africa,Comoros
2002,CPV,Agricultural & Foods,54.599,Africa,Cabo Verde
2002,CPV,Chemical & Pharmaceutical,12.176,Africa,Cabo Verde
2002,CPV,Consumer Goods & Crafts,67.538,Africa,Cabo Verde
2002,CPV,Industrial Equipment & Technology,32.798,Africa,Cabo Verde
2002,CPV,Textile & Apparel Manufacturing,1798.202,Africa,Cabo Verde
2002,DJI,Agricultural & Foods,26.559,Africa,Djibouti
2002,DJI,Chemical & Pharmaceutical,17.602,Africa,Djibouti
2002,DJI,Consumer Goods & Crafts,9.064,Africa,Djibouti
2002,DJI,Industrial Equipment & Technology,125.848,Africa,Djibouti
2002,DZA,Agricultural & Foods,102.202,Africa,Algeria
2002,DZA,Art & Collectibles,135.689,Africa,Algeria
2002,DZA,Base Metals,4604.018,Africa,Algeria
2002,DZA,Chemical & Pharmaceutical,14858.449,Africa,Algeria
2002,DZA,Consumer Goods & Crafts,250.986,Africa,Algeria
2002,DZA,Energy & Minerals,2565070.491,Africa,Algeria
2002,DZA,Industrial Equipment & Technology,1788.8410000000001,Africa,Algeria
2002,DZA,Textile & Apparel Manufacturing,1.215,Africa,Algeria
2002,EGY,Agricultural & Foods,18157.359,Africa,Egypt
2002,EGY,Art & Collectibles,7853.954,Africa,Egypt
2002,EGY,Base Metals,116393.004,Africa,Egypt
2002,EGY,Chemical & Pharmaceutical,17331.031000000003,Africa,Egypt
2002,EGY,Consumer Goods & Crafts,34719.635,Africa,Egypt
2002,EGY,Energy & Minerals,246106.496,Africa,Egypt
2002,EGY,Industrial Equipment & Technology,7062.37,Africa,Egypt
2002,EGY,Textile & Apparel Manufacturing,522489.151,Africa,Egypt
2002,ERI,Art & Collectibles,8.53,Africa,Eritrea
2002,ERI,Chemical & Pharmaceutical,61.515,Africa,Eritrea
2002,ERI,Consumer Goods & Crafts,89.497,Africa,Eritrea
2002,ERI,Industrial Equipment & Technology,28.480000000000004,Africa,Eritrea
2002,ERI,Textile & Apparel Manufacturing,2.18,Africa,Eritrea
2002,ETH,Agricultural & Foods,13654.333,Africa,Ethiopia
2002,ETH,Art & Collectibles,9.232,Africa,Ethiopia
2002,ETH,Base Metals,6.822,Africa,Ethiopia
2002,ETH,Chemical & Pharmaceutical,8.586,Africa,Ethiopia
2002,ETH,Consumer Goods & Crafts,668.343,Africa,Ethiopia
2002,ETH,Industrial Equipment & Technology,10526.027,Africa,Ethiopia
2002,ETH,Textile & Apparel Manufacturing,1408.11,Africa,Ethiopia
2002,GAB,Agricultural & Foods,669.683,Africa,Gabon
2002,GAB,Art & Collectibles,1775.895,Africa,Gabon
2002,GAB,Base Metals,6.919,Africa,Gabon
2002,GAB,Consumer Goods & Crafts,7081.887,Africa,Gabon
2002,GAB,Energy & Minerals,1644580.088,Africa,Gabon
2002,GAB,Industrial Equipment & Technology,86.97200000000001,Africa,Gabon
2002,GAB,Textile & Apparel Manufacturing,359.93899999999996,Africa,Gabon
2002,GHA,Agricultural & Foods,29651.451999999997,Africa,Ghana
2002,GHA,Art & Collectibles,271.692,Africa,Ghana
2002,GHA,Base Metals,15222.734,Africa,Ghana
2002,GHA,Chemical & Pharmaceutical,920.545,Africa,Ghana
2002,GHA,Consumer Goods & Crafts,50093.546,Africa,Ghana
2002,GHA,Energy & Minerals,27568.021,Africa,Ghana
2002,GHA,Industrial Equipment & Technology,435.63800000000003,Africa,Ghana
2002,GHA,Textile & Apparel Manufacturing,694.024,Africa,Ghana
2002,GIN,Agricultural & Foods,277.773,Africa,Guinea
2002,GIN,Art & Collectibles,40.807,Africa,Guinea
2002,GIN,Base Metals,72.435,Africa,Guinea
2002,GIN,Chemical & Pharmaceutical,154.257,Africa,Guinea
2002,GIN,Consumer Goods & Crafts,19976.173000000003,Africa,Guinea
2002,GIN,Energy & Minerals,62445.492,Africa,Guinea
2002,GIN,Industrial Equipment & Technology,1207.371,Africa,Guinea
2002,GIN,Textile & Apparel Manufacturing,67.493,Africa,Guinea
2002,GMB,Agricultural & Foods,8.237,Africa,Gambia
2002,GMB,Chemical & Pharmaceutical,56.034000000000006,Africa,Gambia
2002,GMB,Consumer Goods & Crafts,42.166000000000004,Africa,Gambia
2002,GMB,Industrial Equipment & Technology,173.647,Africa,Gambia
2002,GMB,Textile & Apparel Manufacturing,43.417,Africa,Gambia
2002,GNB,Agricultural & Foods,30.357,Africa,Guinea-Bissau
2002,GNB,Industrial Equipment & Technology,8.351,Africa,Guinea-Bissau
2002,GNQ,Agricultural & Foods,10.314,Africa,Equatorial Guinea
2002,GNQ,Art & Collectibles,548.367,Africa,Equatorial Guinea
2002,GNQ,Chemical & Pharmaceutical,61919.837,Africa,Equatorial Guinea
2002,GNQ,Consumer Goods & Crafts,58.536,Africa,Equatorial Guinea
2002,GNQ,Energy & Minerals,466370.722,Africa,Equatorial Guinea
2002,GNQ,Industrial Equipment & Technology,57.379999999999995,Africa,Equatorial Guinea
2002,KEN,Agricultural & Foods,7865.758000000001,Africa,Kenya
2002,KEN,Art & Collectibles,371.46700000000004,Africa,Kenya
2002,KEN,Base Metals,2536.256,Africa,Kenya
2002,KEN,Chemical & Pharmaceutical,5516.5289999999995,Africa,Kenya
2002,KEN,Consumer Goods & Crafts,6961.577,Africa,Kenya
2002,KEN,Energy & Minerals,0.055,Africa,Kenya
2002,KEN,Industrial Equipment & Technology,28628.68,Africa,Kenya
2002,KEN,Textile & Apparel Manufacturing,137855.877,Africa,Kenya
2002,LBR,Agricultural & Foods,68.22,Africa,Liberia
2002,LBR,Art & Collectibles,517.274,Africa,Liberia
2002,LBR,Base Metals,32.052,Africa,Liberia
2002,LBR,Chemical & Pharmaceutical,45054.542,Africa,Liberia
2002,LBR,Consumer Goods & Crafts,317.231,Africa,Liberia
2002,LBR,Industrial Equipment & Technology,531.671,Africa,Liberia
2002,LBR,Textile & Apparel Manufacturing,21.447,Africa,Liberia
2002,LSO,Chemical & Pharmaceutical,295.727,Africa,Lesotho
2002,LSO,Textile & Apparel Manufacturing,342664.767,Africa,Lesotho
2002,MAR,Agricultural & Foods,54633.074,Africa,Morocco
2002,MAR,Art & Collectibles,1030.676,Africa,Morocco
2002,MAR,Base Metals,29178.823,Africa,Morocco
2002,MAR,Chemical & Pharmaceutical,8512.58,Africa,Morocco
2002,MAR,Consumer Goods & Crafts,16966.558,Africa,Morocco
2002,MAR,Energy & Minerals,122877.6,Africa,Morocco
2002,MAR,Industrial Equipment & Technology,106272.98899999999,Africa,Morocco
2002,MAR,Textile & Apparel Manufacturing,82763.599,Africa,Morocco
2002,MDG,Agricultural & Foods,6208.033,Africa,Madagascar
2002,MDG,Art & Collectibles,156.075,Africa,Madagascar
2002,MDG,Base Metals,286.40700000000004,Africa,Madagascar
2002,MDG,Chemical & Pharmaceutical,237.288,Africa,Madagascar
2002,MDG,Consumer Goods & Crafts,1898.705,Africa,Madagascar
2002,MDG,Energy & Minerals,1309.495,Africa,Madagascar
2002,MDG,Industrial Equipment & Technology,116789.29599999999,Africa,Madagascar
2002,MDG,Textile & Apparel Manufacturing,97844.348,Africa,Madagascar
2002,MLI,Agricultural & Foods,205.702,Africa,Mali
2002,MLI,Art & Collectibles,796.667,Africa,Mali
2002,MLI,Base Metals,7.42,Africa,Mali
2002,MLI,Chemical & Pharmaceutical,7.009,Africa,Mali
2002,MLI,Consumer Goods & Crafts,457.925,Africa,Mali
2002,MLI,Industrial Equipment & Technology,644.413,Africa,Mali
2002,MLI,Textile & Apparel Manufacturing,157.499,Africa,Mali
2002,MOZ,Agricultural & Foods,6474.66,Africa,Mozambique
2002,MOZ,Art & Collectibles,38.05500000000001,Africa,Mozambique
2002,MOZ,Base Metals,922.488,Africa,Mozambique
2002,MOZ,Chemical & Pharmaceutical,949.121,Africa,Mozambique
2002,MOZ,Consumer Goods & Crafts,190.41299999999998,Africa,Mozambique
2002,MOZ,Energy & Minerals,913.02,Africa,Mozambique
2002,MOZ,Industrial Equipment & Technology,297.83,Africa,Mozambique
2002,MOZ,Textile & Apparel Manufacturing,555.4789999999999,Africa,Mozambique
2002,MRT,Base Metals,15.226,Africa,Mauritania
2002,MRT,Chemical & Pharmaceutical,134.723,Africa,Mauritania
2002,MRT,Industrial Equipment & Technology,186.241,Africa,Mauritania
2002,MRT,Textile & Apparel Manufacturing,441.80400000000003,Africa,Mauritania
2002,MUS,Agricultural & Foods,10477.893,Africa,Mauritius
2002,MUS,Art & Collectibles,8.77,Africa,Mauritius
2002,MUS,Base Metals,372.346,Africa,Mauritius
2002,MUS,Chemical & Pharmaceutical,9136.921,Africa,Mauritius
2002,MUS,Consumer Goods & Crafts,10017.491,Africa,Mauritius
2002,MUS,Energy & Minerals,18.041999999999998,Africa,Mauritius
2002,MUS,Industrial Equipment & Technology,5807.608,Africa,Mauritius
2002,MUS,Textile & Apparel Manufacturing,311594.57,Africa,Mauritius
2002,MWI,Agricultural & Foods,52846.278,Africa,Malawi
2002,MWI,Base Metals,790.327,Africa,Malawi
2002,MWI,Chemical & Pharmaceutical,38.815,Africa,Malawi
2002,MWI,Consumer Goods & Crafts,68.126,Africa,Malawi
2002,MWI,Industrial Equipment & Technology,11288.285,Africa,Malawi
2002,MWI,Textile & Apparel Manufacturing,12057.473,Africa,Malawi
2002,NAM,Agricultural & Foods,43.998999999999995,Africa,Namibia
2002,NAM,Art & Collectibles,28.817999999999998,Africa,Namibia
2002,NAM,Base Metals,11274.862,Africa,Namibia
2002,NAM,Chemical & Pharmaceutical,6942.326,Africa,Namibia
2002,NAM,Consumer Goods & Crafts,714.37,Africa,Namibia
2002,NAM,Energy & Minerals,30748.732,Africa,Namibia
2002,NAM,Industrial Equipment & Technology,241.16,Africa,Namibia
2002,NAM,Textile & Apparel Manufacturing,7069.598999999999,Africa,Namibia
2002,NER,Agricultural & Foods,7533.090999999999,Africa,Niger
2002,NER,Art & Collectibles,180.651,Africa,Niger
2002,NER,Base Metals,0.112,Africa,Niger
2002,NER,Chemical & Pharmaceutical,161.631,Africa,Niger
2002,NER,Consumer Goods & Crafts,67.774,Africa,Niger
2002,NER,Energy & Minerals,7.3,Africa,Niger
2002,NER,Industrial Equipment & Technology,479.76300000000003,Africa,Niger
2002,NER,Textile & Apparel Manufacturing,5478.2390000000005,Africa,Niger
2002,NGA,Agricultural & Foods,13569.214,Africa,Nigeria
2002,NGA,Art & Collectibles,1774.81,Africa,Nigeria
2002,NGA,Base Metals,179.313,Africa,Nigeria
2002,NGA,Chemical & Pharmaceutical,2336.9610000000002,Africa,Nigeria
2002,NGA,Consumer Goods & Crafts,2404.55,Africa,Nigeria
2002,NGA,Energy & Minerals,6164714.007999999,Africa,Nigeria
2002,NGA,Industrial Equipment & Technology,2473.776,Africa,Nigeria
2002,NGA,Textile & Apparel Manufacturing,337.36,Africa,Nigeria
2002,RWA,Art & Collectibles,4.09,Africa,Rwanda
2002,RWA,Base Metals,26.925,Africa,Rwanda
2002,RWA,Consumer Goods & Crafts,33.223,Africa,Rwanda
2002,RWA,Energy & Minerals,980.275,Africa,Rwanda
2002,RWA,Industrial Equipment & Technology,2276.942,Africa,Rwanda
2002,RWA,Textile & Apparel Manufacturing,2.637,Africa,Rwanda
2002,SDN,Agricultural & Foods,1415.723,Africa,Sudan
2002,SDN,Industrial Equipment & Technology,42.434,Africa,Sudan
2002,SEN,Agricultural & Foods,111.58200000000001,Africa,Senegal
2002,SEN,Art & Collectibles,50.618,Africa,Senegal
2002,SEN,Chemical & Pharmaceutical,1024.242,Africa,Senegal
2002,SEN,Consumer Goods & Crafts,277.79900000000004,Africa,Senegal
2002,SEN,Industrial Equipment & Technology,338.52,Africa,Senegal
2002,SEN,Textile & Apparel Manufacturing,1361.184,Africa,Senegal
2002,SLE,Agricultural & Foods,536.588,Africa,Sierra Leone
2002,SLE,Art & Collectibles,19.477,Africa,Sierra Leone
2002,SLE,Base Metals,117.325,Africa,Sierra Leone
2002,SLE,Chemical & Pharmaceutical,403.27,Africa,Sierra Leone
2002,SLE,Consumer Goods & Crafts,1712.928,Africa,Sierra Leone
2002,SLE,Energy & Minerals,41.183,Africa,Sierra Leone
2002,SLE,Industrial Equipment & Technology,251.52700000000002,Africa,Sierra Leone
2002,SLE,Textile & Apparel Manufacturing,591.0980000000001,Africa,Sierra Leone
2002,SOM,Agricultural & Foods,162.96200000000002,Africa,Somalia
2002,SOM,Chemical & Pharmaceutical,73.655,Africa,Somalia
2002,SOM,Consumer Goods & Crafts,13.302,Africa,Somalia
2002,SOM,Energy & Minerals,5.821,Africa,Somalia
2002,SOM,Industrial Equipment & Technology,90.795,Africa,Somalia
2002,SOM,Textile & Apparel Manufacturing,4.734999999999999,Africa,Somalia
2002,STP,Art & Collectibles,3.058,Africa,Sao Tome and Principe
2002,STP,Chemical & Pharmaceutical,12.238,Africa,Sao Tome and Principe
2002,STP,Consumer Goods & Crafts,336.37899999999996,Africa,Sao Tome and Principe
2002,STP,Industrial Equipment & Technology,58.224,Africa,Sao Tome and Principe
2002,STP,Textile & Apparel Manufacturing,2.59,Africa,Sao Tome and Principe
2002,SWZ,Agricultural & Foods,8166.6449999999995,Africa,Eswatini
2002,SWZ,Art & Collectibles,2.456,Africa,Eswatini
2002,SWZ,Base Metals,75.506,Africa,Eswatini
2002,SWZ,Chemical & Pharmaceutical,965.414,Africa,Eswatini
2002,SWZ,Consumer Goods & Crafts,10041.545,Africa,Eswatini
2002,SWZ,Industrial Equipment & Technology,8084.818,Africa,Eswatini
2002,SWZ,Textile & Apparel Manufacturing,95383.687,Africa,Eswatini
2002,SYC,Agricultural & Foods,36.832,Africa,Seychelles
2002,SYC,Base Metals,18.926,Africa,Seychelles
2002,SYC,Chemical & Pharmaceutical,21243.283000000003,Africa,Seychelles
2002,SYC,Consumer Goods & Crafts,50.02,Africa,Seychelles
2002,SYC,Energy & Minerals,212.805,Africa,Seychelles
2002,SYC,Industrial Equipment & Technology,3530.384,Africa,Seychelles
2002,SYC,Textile & Apparel Manufacturing,0.769,Africa,Seychelles
2002,TCD,Agricultural & Foods,5844.144,Africa,Chad
2002,TCD,Consumer Goods & Crafts,36.288,Africa,Chad
2002,TCD,Energy & Minerals,22.005,Africa,Chad
2002,TCD,Industrial Equipment & Technology,63.242999999999995,Africa,Chad
2002,TGO,Agricultural & Foods,1844.837,Africa,Togo
2002,TGO,Art & Collectibles,56.678,Africa,Togo
2002,TGO,Base Metals,4.2,Africa,Togo
2002,TGO,Chemical & Pharmaceutical,88.599,Africa,Togo
2002,TGO,Consumer Goods & Crafts,17.309,Africa,Togo
2002,TGO,Industrial Equipment & Technology,68.63900000000001,Africa,Togo
2002,TGO,Textile & Apparel Manufacturing,263.994,Africa,Togo
2002,TUN,Agricultural & Foods,3472.199,Africa,Tunisia
2002,TUN,Art & Collectibles,403.24399999999997,Africa,Tunisia
2002,TUN,Base Metals,972.571,Africa,Tunisia
2002,TUN,Chemical & Pharmaceutical,4027.0969999999998,Africa,Tunisia
2002,TUN,Consumer Goods & Crafts,10654.173,Africa,Tunisia
2002,TUN,Energy & Minerals,29126.807999999997,Africa,Tunisia
2002,TUN,Industrial Equipment & Technology,10816.259,Africa,Tunisia
2002,TUN,Textile & Apparel Manufacturing,48635.065,Africa,Tunisia
2002,TZA,Agricultural & Foods,4998.031,Africa,Tanzania
2002,TZA,Art & Collectibles,139.4,Africa,Tanzania
2002,TZA,Base Metals,981.449,Africa,Tanzania
2002,TZA,Chemical & Pharmaceutical,5533.650000000001,Africa,Tanzania
2002,TZA,Consumer Goods & Crafts,9191.873,Africa,Tanzania
2002,TZA,Industrial Equipment & Technology,1844.7459999999999,Africa,Tanzania
2002,TZA,Textile & Apparel Manufacturing,1171.319,Africa,Tanzania
2002,UGA,Agricultural & Foods,247.77100000000002,Africa,Uganda
2002,UGA,Art & Collectibles,74.914,Africa,Uganda
2002,UGA,Base Metals,664.728,Africa,Uganda
2002,UGA,Chemical & Pharmaceutical,5789.291,Africa,Uganda
2002,UGA,Consumer Goods & Crafts,138.724,Africa,Uganda
2002,UGA,Energy & Minerals,206.347,Africa,Uganda
2002,UGA,Industrial Equipment & Technology,11251.948,Africa,Uganda
2002,UGA,Textile & Apparel Manufacturing,162.954,Africa,Uganda
2002,ZAF,Agricultural & Foods,99696.225,Africa,South Africa
2002,ZAF,Art & Collectibles,5492.903,Africa,South Africa
2002,ZAF,Base Metals,601219.662,Africa,South Africa
2002,ZAF,Chemical & Pharmaceutical,266842.065,Africa,South Africa
2002,ZAF,Consumer Goods & Crafts,1826994.263,Africa,South Africa
2002,ZAF,Energy & Minerals,538923.81,Africa,South Africa
2002,ZAF,Industrial Equipment & Technology,973474.681,Africa,South Africa
2002,ZAF,Textile & Apparel Manufacturing,293541.896,Africa,South Africa
2002,ZMB,Agricultural & Foods,53.532000000000004,Africa,Zambia
2002,ZMB,Art & Collectibles,165.51700000000002,Africa,Zambia
2002,ZMB,Base Metals,6461.664,Africa,Zambia
2002,ZMB,Chemical & Pharmaceutical,1814.4370000000001,Africa,Zambia
2002,ZMB,Consumer Goods & Crafts,3256.017,Africa,Zambia
2002,ZMB,Energy & Minerals,67.13,Africa,Zambia
2002,ZMB,Industrial Equipment & Technology,1738.134,Africa,Zambia
2002,ZMB,Textile & Apparel Manufacturing,1501.354,Africa,Zambia
2002,ZWE,Agricultural & Foods,34397.476,Africa,Zimbabwe
2002,ZWE,Art & Collectibles,661.384,Africa,Zimbabwe
2002,ZWE,Base Metals,17595.822,Africa,Zimbabwe
2002,ZWE,Chemical & Pharmaceutical,229.319,Africa,Zimbabwe
2002,ZWE,Consumer Goods & Crafts,41094.619999999995,Africa,Zimbabwe
2002,ZWE,Energy & Minerals,3856.7439999999997,Africa,Zimbabwe
2002,ZWE,Industrial Equipment & Technology,1381.252,Africa,Zimbabwe
2002,ZWE,Textile & Apparel Manufacturing,8984.098,Africa,Zimbabwe
2003,AGO,Art & Collectibles,74.887,Africa,Angola
2003,AGO,Base Metals,8.301,Africa,Angola
2003,AGO,Consumer Goods & Crafts,20680.175,Africa,Angola
2003,AGO,Energy & Minerals,4482699.5649999995,Africa,Angola
2003,AGO,Industrial Equipment & Technology,515.036,Africa,Angola
2003,AGO,Textile & Apparel Manufacturing,2.414,Africa,Angola
2003,BDI,Agricultural & Foods,12.055,Africa,Burundi
2003,BDI,Chemical & Pharmaceutical,25.972,Africa,Burundi
2003,BDI,Consumer Goods & Crafts,1.714,Africa,Burundi
2003,BDI,Industrial Equipment & Technology,6472.985,Africa,Burundi
2003,BDI,Textile & Apparel Manufacturing,1.137,Africa,Burundi
2003,BEN,Agricultural & Foods,362.407,Africa,Benin
2003,BEN,Art & Collectibles,29.13,Africa,Benin
2003,BEN,Base Metals,4.38,Africa,Benin
2003,BEN,Consumer Goods & Crafts,104.929,Africa,Benin
2003,BEN,Textile & Apparel Manufacturing,182.106,Africa,Benin
2003,BFA,Agricultural & Foods,189.43200000000002,Africa,Burkina Faso
2003,BFA,Art & Collectibles,231.401,Africa,Burkina Faso
2003,BFA,Base Metals,157.286,Africa,Burkina Faso
2003,BFA,Chemical & Pharmaceutical,41.356,Africa,Burkina Faso
2003,BFA,Consumer Goods & Crafts,100.08999999999999,Africa,Burkina Faso
2003,BFA,Industrial Equipment & Technology,180.59300000000002,Africa,Burkina Faso
2003,BFA,Textile & Apparel Manufacturing,18.821,Africa,Burkina Faso
2003,BWA,Agricultural & Foods,14.0,Africa,Botswana
2003,BWA,Art & Collectibles,7.0,Africa,Botswana
2003,BWA,Chemical & Pharmaceutical,5.352,Africa,Botswana
2003,BWA,Consumer Goods & Crafts,6086.528,Africa,Botswana
2003,BWA,Industrial Equipment & Technology,74.08,Africa,Botswana
2003,BWA,Textile & Apparel Manufacturing,7799.3330000000005,Africa,Botswana
2003,CAF,Agricultural & Foods,81.503,Africa,Central African Republic
2003,CAF,Art & Collectibles,107.051,Africa,Central African Republic
2003,CAF,Chemical & Pharmaceutical,0.685,Africa,Central African Republic
2003,CAF,Consumer Goods & Crafts,1012.6700000000001,Africa,Central African Republic
2003,CAF,Industrial Equipment & Technology,664.1899999999999,Africa,Central African Republic
2003,CAF,Textile & Apparel Manufacturing,2.386,Africa,Central African Republic
2003,CIV,Agricultural & Foods,412608.25500000006,Africa,Côte d'Ivoire
2003,CIV,Art & Collectibles,2088.527,Africa,Côte d'Ivoire
2003,CIV,Base Metals,3900.905,Africa,Côte d'Ivoire
2003,CIV,Chemical & Pharmaceutical,2880.68,Africa,Côte d'Ivoire
2003,CIV,Consumer Goods & Crafts,12485.358,Africa,Côte d'Ivoire
2003,CIV,Energy & Minerals,60817.049999999996,Africa,Côte d'Ivoire
2003,CIV,Industrial Equipment & Technology,3791.142,Africa,Côte d'Ivoire
2003,CIV,Textile & Apparel Manufacturing,826.126,Africa,Côte d'Ivoire
2003,CMR,Agricultural & Foods,20053.175,Africa,Cameroon
2003,CMR,Art & Collectibles,884.2700000000001,Africa,Cameroon
2003,CMR,Base Metals,246.204,Africa,Cameroon
2003,CMR,Chemical & Pharmaceutical,5680.743,Africa,Cameroon
2003,CMR,Consumer Goods & Crafts,12947.0,Africa,Cameroon
2003,CMR,Energy & Minerals,176003.748,Africa,Cameroon
2003,CMR,Industrial Equipment & Technology,4152.818,Africa,Cameroon
2003,CMR,Textile & Apparel Manufacturing,438.109,Africa,Cameroon
2003,COD,Agricultural & Foods,2206.6,Africa,DR Congo
2003,COD,Art & Collectibles,4497.968,Africa,DR Congo
2003,COD,Base Metals,2402.782,Africa,DR Congo
2003,COD,Chemical & Pharmaceutical,342.831,Africa,DR Congo
2003,COD,Consumer Goods & Crafts,33165.630999999994,Africa,DR Congo
2003,COD,Energy & Minerals,139933.897,Africa,DR Congo
2003,COD,Industrial Equipment & Technology,639.602,Africa,DR Congo
2003,COD,Textile & Apparel Manufacturing,15.552999999999999,Africa,DR Congo
2003,COG,Agricultural & Foods,4881.996,Africa,Congo Republic
2003,COG,Art & Collectibles,1110.1309999999999,Africa,Congo Republic
2003,COG,Base Metals,471.22100000000006,Africa,Congo Republic
2003,COG,Chemical & Pharmaceutical,359.777,Africa,Congo Republic
2003,COG,Consumer Goods & Crafts,12006.442,Africa,Congo Republic
2003,COG,Energy & Minerals,435484.455,Africa,Congo Republic
2003,COG,Industrial Equipment & Technology,343.27,Africa,Congo Republic
2003,COG,Textile & Apparel Manufacturing,0.925,Africa,Congo Republic
2003,COM,Agricultural & Foods,17.92,Africa,Comoros
2003,COM,Chemical & Pharmaceutical,106.32600000000001,Africa,Comoros
2003,COM,Industrial Equipment & Technology,3973.955,Africa,Comoros
2003,CPV,Agricultural & Foods,135.957,Africa,Cabo Verde
2003,CPV,Consumer Goods & Crafts,10.798,Africa,Cabo Verde
2003,CPV,Industrial Equipment & Technology,1015.242,Africa,Cabo Verde
2003,CPV,Textile & Apparel Manufacturing,3149.79,Africa,Cabo Verde
2003,DJI,Agricultural & Foods,127.407,Africa,Djibouti
2003,DJI,Art & Collectibles,3.39,Africa,Djibouti
2003,DJI,Industrial Equipment & Technology,36.448,Africa,Djibouti
2003,DZA,Agricultural & Foods,61.324,Africa,Algeria
2003,DZA,Art & Collectibles,184.413,Africa,Algeria
2003,DZA,Base Metals,503.60499999999996,Africa,Algeria
2003,DZA,Chemical & Pharmaceutical,27115.321,Africa,Algeria
2003,DZA,Consumer Goods & Crafts,5.574999999999999,Africa,Algeria
2003,DZA,Energy & Minerals,5002129.26,Africa,Algeria
2003,DZA,Industrial Equipment & Technology,2103.214,Africa,Algeria
2003,EGY,Agricultural & Foods,17352.906,Africa,Egypt
2003,EGY,Art & Collectibles,11935.806,Africa,Egypt
2003,EGY,Base Metals,93097.509,Africa,Egypt
2003,EGY,Chemical & Pharmaceutical,58952.031,Africa,Egypt
2003,EGY,Consumer Goods & Crafts,38001.636,Africa,Egypt
2003,EGY,Energy & Minerals,235428.76200000002,Africa,Egypt
2003,EGY,Industrial Equipment & Technology,24320.331,Africa,Egypt
2003,EGY,Textile & Apparel Manufacturing,596961.191,Africa,Egypt
2003,ERI,Agricultural & Foods,19.175,Africa,Eritrea
2003,ERI,Art & Collectibles,23.59,Africa,Eritrea
2003,ERI,Chemical & Pharmaceutical,3.262,Africa,Eritrea
2003,ERI,Consumer Goods & Crafts,4.495,Africa,Eritrea
2003,ERI,Industrial Equipment & Technology,45.181,Africa,Eritrea
2003,ERI,Textile & Apparel Manufacturing,51.098,Africa,Eritrea
2003,ETH,Agricultural & Foods,16081.769,Africa,Ethiopia
2003,ETH,Art & Collectibles,67.304,Africa,Ethiopia
2003,ETH,Base Metals,14.587,Africa,Ethiopia
2003,ETH,Chemical & Pharmaceutical,19.687,Africa,Ethiopia
2003,ETH,Consumer Goods & Crafts,121.212,Africa,Ethiopia
2003,ETH,Energy & Minerals,11.88,Africa,Ethiopia
2003,ETH,Industrial Equipment & Technology,14007.294,Africa,Ethiopia
2003,ETH,Textile & Apparel Manufacturing,1927.1200000000001,Africa,Ethiopia
2003,GAB,Agricultural & Foods,123.78900000000002,Africa,Gabon
2003,GAB,Art & Collectibles,2349.673,Africa,Gabon
2003,GAB,Consumer Goods & Crafts,7929.927,Africa,Gabon
2003,GAB,Energy & Minerals,2060692.024,Africa,Gabon
2003,GAB,Industrial Equipment & Technology,98.872,Africa,Gabon
2003,GHA,Agricultural & Foods,10695.886,Africa,Ghana
2003,GHA,Art & Collectibles,337.999,Africa,Ghana
2003,GHA,Base Metals,1058.9099999999999,Africa,Ghana
2003,GHA,Chemical & Pharmaceutical,601.222,Africa,Ghana
2003,GHA,Consumer Goods & Crafts,43170.538,Africa,Ghana
2003,GHA,Energy & Minerals,31749.971,Africa,Ghana
2003,GHA,Industrial Equipment & Technology,160.9,Africa,Ghana
2003,GHA,Textile & Apparel Manufacturing,4984.099,Africa,Ghana
2003,GIN,Agricultural & Foods,94.879,Africa,Guinea
2003,GIN,Art & Collectibles,207.25099999999998,Africa,Guinea
2003,GIN,Base Metals,234.563,Africa,Guinea
2003,GIN,Chemical & Pharmaceutical,62.034000000000006,Africa,Guinea
2003,GIN,Consumer Goods & Crafts,9821.198999999999,Africa,Guinea
2003,GIN,Energy & Minerals,75208.405,Africa,Guinea
2003,GIN,Industrial Equipment & Technology,1043.083,Africa,Guinea
2003,GIN,Textile & Apparel Manufacturing,92.69,Africa,Guinea
2003,GMB,Chemical & Pharmaceutical,4.668,Africa,Gambia
2003,GMB,Consumer Goods & Crafts,63.474000000000004,Africa,Gambia
2003,GMB,Industrial Equipment & Technology,52.568,Africa,Gambia
2003,GMB,Textile & Apparel Manufacturing,40.940999999999995,Africa,Gambia
2003,GNB,Agricultural & Foods,7.412,Africa,Guinea-Bissau
2003,GNB,Base Metals,51.789,Africa,Guinea-Bissau
2003,GNB,Energy & Minerals,2008.326,Africa,Guinea-Bissau
2003,GNQ,Agricultural & Foods,18.091,Africa,Equatorial Guinea
2003,GNQ,Chemical & Pharmaceutical,105214.765,Africa,Equatorial Guinea
2003,GNQ,Consumer Goods & Crafts,712.0809999999999,Africa,Equatorial Guinea
2003,GNQ,Energy & Minerals,849410.004,Africa,Equatorial Guinea
2003,GNQ,Industrial Equipment & Technology,695.052,Africa,Equatorial Guinea
2003,KEN,Agricultural & Foods,12438.582,Africa,Kenya
2003,KEN,Art & Collectibles,319.106,Africa,Kenya
2003,KEN,Base Metals,6179.2119999999995,Africa,Kenya
2003,KEN,Chemical & Pharmaceutical,3190.493,Africa,Kenya
2003,KEN,Consumer Goods & Crafts,5209.224,Africa,Kenya
2003,KEN,Energy & Minerals,385.312,Africa,Kenya
2003,KEN,Industrial Equipment & Technology,27786.345,Africa,Kenya
2003,KEN,Textile & Apparel Manufacturing,184358.096,Africa,Kenya
2003,LBR,Agricultural & Foods,47.168000000000006,Africa,Liberia
2003,LBR,Art & Collectibles,167.606,Africa,Liberia
2003,LBR,Base Metals,184.83100000000002,Africa,Liberia
2003,LBR,Chemical & Pharmaceutical,57851.21,Africa,Liberia
2003,LBR,Consumer Goods & Crafts,767.663,Africa,Liberia
2003,LBR,Energy & Minerals,2493.472,Africa,Liberia
2003,LBR,Industrial Equipment & Technology,152.666,Africa,Liberia
2003,LBR,Textile & Apparel Manufacturing,12.708,Africa,Liberia
2003,LSO,Chemical & Pharmaceutical,351.503,Africa,Lesotho
2003,LSO,Consumer Goods & Crafts,40.934,Africa,Lesotho
2003,LSO,Industrial Equipment & Technology,8.655,Africa,Lesotho
2003,LSO,Textile & Apparel Manufacturing,418891.609,Africa,Lesotho
2003,MAR,Agricultural & Foods,55536.019,Africa,Morocco
2003,MAR,Art & Collectibles,1013.9290000000001,Africa,Morocco
2003,MAR,Base Metals,37720.824,Africa,Morocco
2003,MAR,Chemical & Pharmaceutical,7401.783,Africa,Morocco
2003,MAR,Consumer Goods & Crafts,19188.303,Africa,Morocco
2003,MAR,Energy & Minerals,132002.587,Africa,Morocco
2003,MAR,Industrial Equipment & Technology,98659.071,Africa,Morocco
2003,MAR,Textile & Apparel Manufacturing,81856.666,Africa,Morocco
2003,MDG,Agricultural & Foods,1743.423,Africa,Madagascar
2003,MDG,Art & Collectibles,180.06500000000003,Africa,Madagascar
2003,MDG,Base Metals,309.53000000000003,Africa,Madagascar
2003,MDG,Chemical & Pharmaceutical,1143.825,Africa,Madagascar
2003,MDG,Consumer Goods & Crafts,2326.521,Africa,Madagascar
2003,MDG,Energy & Minerals,1206.233,Africa,Madagascar
2003,MDG,Industrial Equipment & Technology,166405.565,Africa,Madagascar
2003,MDG,Textile & Apparel Manufacturing,205741.098,Africa,Madagascar
2003,MLI,Agricultural & Foods,172.56900000000002,Africa,Mali
2003,MLI,Art & Collectibles,346.804,Africa,Mali
2003,MLI,Base Metals,96.241,Africa,Mali
2003,MLI,Chemical & Pharmaceutical,2.885,Africa,Mali
2003,MLI,Consumer Goods & Crafts,523.7239999999999,Africa,Mali
2003,MLI,Energy & Minerals,2.793,Africa,Mali
2003,MLI,Industrial Equipment & Technology,843.179,Africa,Mali
2003,MLI,Textile & Apparel Manufacturing,194.883,Africa,Mali
2003,MOZ,Agricultural & Foods,6197.588,Africa,Mozambique
2003,MOZ,Art & Collectibles,46.352999999999994,Africa,Mozambique
2003,MOZ,Base Metals,173.693,Africa,Mozambique
2003,MOZ,Chemical & Pharmaceutical,52.466,Africa,Mozambique
2003,MOZ,Consumer Goods & Crafts,154.103,Africa,Mozambique
2003,MOZ,Energy & Minerals,1129.912,Africa,Mozambique
2003,MOZ,Industrial Equipment & Technology,255.377,Africa,Mozambique
2003,MOZ,Textile & Apparel Manufacturing,3111.761,Africa,Mozambique
2003,MRT,Agricultural & Foods,11.396,Africa,Mauritania
2003,MRT,Art & Collectibles,4.554,Africa,Mauritania
2003,MRT,Chemical & Pharmaceutical,535.712,Africa,Mauritania
2003,MRT,Consumer Goods & Crafts,0.286,Africa,Mauritania
2003,MRT,Energy & Minerals,3.5,Africa,Mauritania
2003,MRT,Industrial Equipment & Technology,139.172,Africa,Mauritania
2003,MRT,Textile & Apparel Manufacturing,92.36399999999999,Africa,Mauritania
2003,MUS,Agricultural & Foods,9380.955,Africa,Mauritius
2003,MUS,Art & Collectibles,0.107,Africa,Mauritius
2003,MUS,Base Metals,498.06,Africa,Mauritius
2003,MUS,Chemical & Pharmaceutical,9114.625,Africa,Mauritius
2003,MUS,Consumer Goods & Crafts,12580.029,Africa,Mauritius
2003,MUS,Energy & Minerals,106.25,Africa,Mauritius
2003,MUS,Industrial Equipment & Technology,5752.263,Africa,Mauritius
2003,MUS,Textile & Apparel Manufacturing,336038.048,Africa,Mauritius
2003,MWI,Agricultural & Foods,50018.140999999996,Africa,Malawi
2003,MWI,Art & Collectibles,74.5,Africa,Malawi
2003,MWI,Base Metals,2517.428,Africa,Malawi
2003,MWI,Chemical & Pharmaceutical,43.501000000000005,Africa,Malawi
2003,MWI,Consumer Goods & Crafts,103.648,Africa,Malawi
2003,MWI,Industrial Equipment & Technology,7053.558,Africa,Malawi
2003,MWI,Textile & Apparel Manufacturing,31841.814000000002,Africa,Malawi
2003,NAM,Agricultural & Foods,208.238,Africa,Namibia
2003,NAM,Art & Collectibles,61.883,Africa,Namibia
2003,NAM,Base Metals,49940.562,Africa,Namibia
2003,NAM,Chemical & Pharmaceutical,10265.995,Africa,Namibia
2003,NAM,Consumer Goods & Crafts,1650.37,Africa,Namibia
2003,NAM,Energy & Minerals,19186.849000000002,Africa,Namibia
2003,NAM,Industrial Equipment & Technology,19.942999999999998,Africa,Namibia
2003,NAM,Textile & Apparel Manufacturing,44272.214,Africa,Namibia
2003,NER,Agricultural & Foods,5512.001,Africa,Niger
2003,NER,Art & Collectibles,37.789,Africa,Niger
2003,NER,Base Metals,183.638,Africa,Niger
2003,NER,Chemical & Pharmaceutical,328.231,Africa,Niger
2003,NER,Consumer Goods & Crafts,238.202,Africa,Niger
2003,NER,Industrial Equipment & Technology,826.72,Africa,Niger
2003,NER,Textile & Apparel Manufacturing,5763.9039999999995,Africa,Niger
2003,NGA,Agricultural & Foods,48334.815,Africa,Nigeria
2003,NGA,Art & Collectibles,1733.461,Africa,Nigeria
2003,NGA,Base Metals,228.776,Africa,Nigeria
2003,NGA,Chemical & Pharmaceutical,5181.754,Africa,Nigeria
2003,NGA,Consumer Goods & Crafts,1890.574,Africa,Nigeria
2003,NGA,Energy & Minerals,10876548.331,Africa,Nigeria
2003,NGA,Industrial Equipment & Technology,563.069,Africa,Nigeria
2003,NGA,Textile & Apparel Manufacturing,828.465,Africa,Nigeria
2003,RWA,Agricultural & Foods,41.18,Africa,Rwanda
2003,RWA,Art & Collectibles,54.498,Africa,Rwanda
2003,RWA,Base Metals,23.148,Africa,Rwanda
2003,RWA,Chemical & Pharmaceutical,26.307,Africa,Rwanda
2003,RWA,Consumer Goods & Crafts,13.906,Africa,Rwanda
2003,RWA,Energy & Minerals,627.768,Africa,Rwanda
2003,RWA,Industrial Equipment & Technology,2050.599,Africa,Rwanda
2003,RWA,Textile & Apparel Manufacturing,3.416,Africa,Rwanda
2003,SDN,Agricultural & Foods,3015.739,Africa,Sudan
2003,SDN,Base Metals,34.715,Africa,Sudan
2003,SDN,Industrial Equipment & Technology,10.353,Africa,Sudan
2003,SEN,Agricultural & Foods,187.584,Africa,Senegal
2003,SEN,Art & Collectibles,6.387,Africa,Senegal
2003,SEN,Base Metals,15.826,Africa,Senegal
2003,SEN,Chemical & Pharmaceutical,2631.9970000000003,Africa,Senegal
2003,SEN,Consumer Goods & Crafts,433.148,Africa,Senegal
2003,SEN,Energy & Minerals,396.022,Africa,Senegal
2003,SEN,Industrial Equipment & Technology,6229.015,Africa,Senegal
2003,SEN,Textile & Apparel Manufacturing,810.059,Africa,Senegal
2003,SLE,Agricultural & Foods,239.225,Africa,Sierra Leone
2003,SLE,Art & Collectibles,165.76,Africa,Sierra Leone
2003,SLE,Base Metals,36.187,Africa,Sierra Leone
2003,SLE,Chemical & Pharmaceutical,371.439,Africa,Sierra Leone
2003,SLE,Consumer Goods & Crafts,4074.7949999999996,Africa,Sierra Leone
2003,SLE,Energy & Minerals,12.48,Africa,Sierra Leone
2003,SLE,Industrial Equipment & Technology,575.851,Africa,Sierra Leone
2003,SLE,Textile & Apparel Manufacturing,1163.599,Africa,Sierra Leone
2003,SOM,Agricultural & Foods,57.104,Africa,Somalia
2003,SOM,Chemical & Pharmaceutical,73.135,Africa,Somalia
2003,SOM,Energy & Minerals,12.28,Africa,Somalia
2003,SOM,Industrial Equipment & Technology,2.963,Africa,Somalia
2003,SOM,Textile & Apparel Manufacturing,1.178,Africa,Somalia
2003,STP,Base Metals,2.496,Africa,Sao Tome and Principe
2003,STP,Consumer Goods & Crafts,24.725,Africa,Sao Tome and Principe
2003,STP,Industrial Equipment & Technology,73.62400000000001,Africa,Sao Tome and Principe
2003,STP,Textile & Apparel Manufacturing,0.851,Africa,Sao Tome and Principe
2003,SWZ,Agricultural & Foods,8897.641,Africa,Eswatini
2003,SWZ,Art & Collectibles,332.364,Africa,Eswatini
2003,SWZ,Base Metals,5234.768,Africa,Eswatini
2003,SWZ,Chemical & Pharmaceutical,1459.9859999999999,Africa,Eswatini
2003,SWZ,Consumer Goods & Crafts,6863.990999999999,Africa,Eswatini
2003,SWZ,Industrial Equipment & Technology,487.28499999999997,Africa,Eswatini
2003,SWZ,Textile & Apparel Manufacturing,149789.187,Africa,Eswatini
2003,SYC,Agricultural & Foods,106.512,Africa,Seychelles
2003,SYC,Art & Collectibles,10.35,Africa,Seychelles
2003,SYC,Chemical & Pharmaceutical,2382.585,Africa,Seychelles
2003,SYC,Consumer Goods & Crafts,19.824,Africa,Seychelles
2003,SYC,Energy & Minerals,5563.887,Africa,Seychelles
2003,SYC,Industrial Equipment & Technology,3772.803,Africa,Seychelles
2003,SYC,Textile & Apparel Manufacturing,91.767,Africa,Seychelles
2003,TCD,Agricultural & Foods,4556.266,Africa,Chad
2003,TCD,Consumer Goods & Crafts,87.614,Africa,Chad
2003,TCD,Energy & Minerals,19549.83,Africa,Chad
2003,TCD,Industrial Equipment & Technology,108.55499999999999,Africa,Chad
2003,TGO,Agricultural & Foods,1007.174,Africa,Togo
2003,TGO,Art & Collectibles,15.32,Africa,Togo
2003,TGO,Base Metals,199.439,Africa,Togo
2003,TGO,Consumer Goods & Crafts,625.601,Africa,Togo
2003,TGO,Textile & Apparel Manufacturing,145.57,Africa,Togo
2003,TUN,Agricultural & Foods,5096.89,Africa,Tunisia
2003,TUN,Art & Collectibles,682.039,Africa,Tunisia
2003,TUN,Base Metals,11477.103000000001,Africa,Tunisia
2003,TUN,Chemical & Pharmaceutical,3472.111,Africa,Tunisia
2003,TUN,Consumer Goods & Crafts,10141.817000000001,Africa,Tunisia
2003,TUN,Energy & Minerals,25207.504,Africa,Tunisia
2003,TUN,Industrial Equipment & Technology,14957.492,Africa,Tunisia
2003,TUN,Textile & Apparel Manufacturing,42337.205,Africa,Tunisia
2003,TZA,Agricultural & Foods,2907.1670000000004,Africa,Tanzania
2003,TZA,Art & Collectibles,214.73899999999998,Africa,Tanzania
2003,TZA,Base Metals,1828.055,Africa,Tanzania
2003,TZA,Chemical & Pharmaceutical,6096.86,Africa,Tanzania
2003,TZA,Consumer Goods & Crafts,8234.825,Africa,Tanzania
2003,TZA,Energy & Minerals,61.2,Africa,Tanzania
2003,TZA,Industrial Equipment & Technology,3492.7839999999997,Africa,Tanzania
2003,TZA,Textile & Apparel Manufacturing,2550.579,Africa,Tanzania
2003,UGA,Agricultural & Foods,351.05800000000005,Africa,Uganda
2003,UGA,Art & Collectibles,14.059999999999999,Africa,Uganda
2003,UGA,Base Metals,92.468,Africa,Uganda
2003,UGA,Chemical & Pharmaceutical,6606.954,Africa,Uganda
2003,UGA,Consumer Goods & Crafts,599.065,Africa,Uganda
2003,UGA,Energy & Minerals,226.222,Africa,Uganda
2003,UGA,Industrial Equipment & Technology,26469.343,Africa,Uganda
2003,UGA,Textile & Apparel Manufacturing,3476.048,Africa,Uganda
2003,ZAF,Agricultural & Foods,99977.335,Africa,South Africa
2003,ZAF,Art & Collectibles,6616.641,Africa,South Africa
2003,ZAF,Base Metals,652587.113,Africa,South Africa
2003,ZAF,Chemical & Pharmaceutical,317351.893,Africa,South Africa
2003,ZAF,Consumer Goods & Crafts,2035113.325,Africa,South Africa
2003,ZAF,Energy & Minerals,512565.81,Africa,South Africa
2003,ZAF,Industrial Equipment & Technology,1223227.697,Africa,South Africa
2003,ZAF,Textile & Apparel Manufacturing,328917.492,Africa,South Africa
2003,ZMB,Agricultural & Foods,219.656,Africa,Zambia
2003,ZMB,Art & Collectibles,128.2,Africa,Zambia
2003,ZMB,Base Metals,10159.513,Africa,Zambia
2003,ZMB,Chemical & Pharmaceutical,512.07,Africa,Zambia
2003,ZMB,Consumer Goods & Crafts,2457.937,Africa,Zambia
2003,ZMB,Energy & Minerals,17.6,Africa,Zambia
2003,ZMB,Industrial Equipment & Technology,995.615,Africa,Zambia
2003,ZMB,Textile & Apparel Manufacturing,380.743,Africa,Zambia
2003,ZWE,Agricultural & Foods,8122.851000000001,Africa,Zimbabwe
2003,ZWE,Art & Collectibles,894.8530000000001,Africa,Zimbabwe
2003,ZWE,Base Metals,18100.324,Africa,Zimbabwe
2003,ZWE,Chemical & Pharmaceutical,21.562,Africa,Zimbabwe
2003,ZWE,Consumer Goods & Crafts,21311.084,Africa,Zimbabwe
2003,ZWE,Energy & Minerals,1514.125,Africa,Zimbabwe
2003,ZWE,Industrial Equipment & Technology,3238.715,Africa,Zimbabwe
2003,ZWE,Textile & Apparel Manufacturing,6778.987,Africa,Zimbabwe
2004,AGO,Art & Collectibles,40.892,Africa,Angola
2004,AGO,Base Metals,32.563,Africa,Angola
2004,AGO,Consumer Goods & Crafts,32601.373999999996,Africa,Angola
2004,AGO,Energy & Minerals,4754665.467999999,Africa,Angola
2004,AGO,Industrial Equipment & Technology,130.777,Africa,Angola
2004,BDI,Chemical & Pharmaceutical,30.56,Africa,Burundi
2004,BDI,Consumer Goods & Crafts,3000.3,Africa,Burundi
2004,BDI,Industrial Equipment & Technology,240.361,Africa,Burundi
2004,BEN,Agricultural & Foods,363.932,Africa,Benin
2004,BEN,Art & Collectibles,633.206,Africa,Benin
2004,BEN,Consumer Goods & Crafts,139.355,Africa,Benin
2004,BEN,Industrial Equipment & Technology,324.732,Africa,Benin
2004,BEN,Textile & Apparel Manufacturing,156.951,Africa,Benin
2004,BFA,Agricultural & Foods,112.323,Africa,Burkina Faso
2004,BFA,Art & Collectibles,194.586,Africa,Burkina Faso
2004,BFA,Base Metals,85.863,Africa,Burkina Faso
2004,BFA,Chemical & Pharmaceutical,1.0550000000000002,Africa,Burkina Faso
2004,BFA,Consumer Goods & Crafts,129.298,Africa,Burkina Faso
2004,BFA,Energy & Minerals,1.721,Africa,Burkina Faso
2004,BFA,Industrial Equipment & Technology,580.863,Africa,Burkina Faso
2004,BFA,Textile & Apparel Manufacturing,52.561,Africa,Burkina Faso
2004,BWA,Chemical & Pharmaceutical,5.317,Africa,Botswana
2004,BWA,Consumer Goods & Crafts,52687.992,Africa,Botswana
2004,BWA,Energy & Minerals,15.472,Africa,Botswana
2004,BWA,Industrial Equipment & Technology,77.347,Africa,Botswana
2004,BWA,Textile & Apparel Manufacturing,21512.107,Africa,Botswana
2004,CAF,Agricultural & Foods,227.239,Africa,Central African Republic
2004,CAF,Art & Collectibles,225.323,Africa,Central African Republic
2004,CAF,Base Metals,6.948,Africa,Central African Republic
2004,CAF,Consumer Goods & Crafts,8185.362999999999,Africa,Central African Republic
2004,CAF,Industrial Equipment & Technology,42.781,Africa,Central African Republic
2004,CAF,Textile & Apparel Manufacturing,40.321,Africa,Central African Republic
2004,CIV,Agricultural & Foods,499624.031,Africa,Côte d'Ivoire
2004,CIV,Art & Collectibles,2482.5530000000003,Africa,Côte d'Ivoire
2004,CIV,Base Metals,7492.274,Africa,Côte d'Ivoire
2004,CIV,Chemical & Pharmaceutical,9312.544,Africa,Côte d'Ivoire
2004,CIV,Consumer Goods & Crafts,25440.11,Africa,Côte d'Ivoire
2004,CIV,Energy & Minerals,217060.543,Africa,Côte d'Ivoire
2004,CIV,Industrial Equipment & Technology,5022.588,Africa,Côte d'Ivoire
2004,CIV,Textile & Apparel Manufacturing,252.51,Africa,Côte d'Ivoire
2004,CMR,Agricultural & Foods,16441.337,Africa,Cameroon
2004,CMR,Art & Collectibles,1313.206,Africa,Cameroon
2004,CMR,Base Metals,249.48499999999999,Africa,Cameroon
2004,CMR,Chemical & Pharmaceutical,6609.035000000001,Africa,Cameroon
2004,CMR,Consumer Goods & Crafts,19409.475,Africa,Cameroon
2004,CMR,Energy & Minerals,277236.809,Africa,Cameroon
2004,CMR,Industrial Equipment & Technology,2789.0879999999997,Africa,Cameroon
2004,CMR,Textile & Apparel Manufacturing,752.115,Africa,Cameroon
2004,COD,Agricultural & Foods,1046.4660000000001,Africa,DR Congo
2004,COD,Art & Collectibles,3473.527,Africa,DR Congo
2004,COD,Base Metals,1290.9460000000001,Africa,DR Congo
2004,COD,Chemical & Pharmaceutical,473.942,Africa,DR Congo
2004,COD,Consumer Goods & Crafts,19594.859,Africa,DR Congo
2004,COD,Energy & Minerals,105388.468,Africa,DR Congo
2004,COD,Industrial Equipment & Technology,709.511,Africa,DR Congo
2004,COD,Textile & Apparel Manufacturing,31.104,Africa,DR Congo
2004,COG,Agricultural & Foods,3821.275,Africa,Congo Republic
2004,COG,Art & Collectibles,1137.949,Africa,Congo Republic
2004,COG,Base Metals,3.108,Africa,Congo Republic
2004,COG,Chemical & Pharmaceutical,328.69599999999997,Africa,Congo Republic
2004,COG,Consumer Goods & Crafts,14517.626999999999,Africa,Congo Republic
2004,COG,Energy & Minerals,878118.986,Africa,Congo Republic
2004,COG,Industrial Equipment & Technology,307.18,Africa,Congo Republic
2004,COG,Textile & Apparel Manufacturing,10.786,Africa,Congo Republic
2004,COM,Agricultural & Foods,34.196,Africa,Comoros
2004,COM,Chemical & Pharmaceutical,34.564,Africa,Comoros
2004,COM,Consumer Goods & Crafts,13.365,Africa,Comoros
2004,COM,Industrial Equipment & Technology,16369.124,Africa,Comoros
2004,COM,Textile & Apparel Manufacturing,98.102,Africa,Comoros
2004,CPV,Agricultural & Foods,164.437,Africa,Cabo Verde
2004,CPV,Art & Collectibles,10.098,Africa,Cabo Verde
2004,CPV,Base Metals,7.239,Africa,Cabo Verde
2004,CPV,Consumer Goods & Crafts,130.304,Africa,Cabo Verde
2004,CPV,Industrial Equipment & Technology,171.93499999999997,Africa,Cabo Verde
2004,CPV,Textile & Apparel Manufacturing,3300.5899999999997,Africa,Cabo Verde
2004,DJI,Agricultural & Foods,287.89,Africa,Djibouti
2004,DJI,Chemical & Pharmaceutical,5.641,Africa,Djibouti
2004,DJI,Consumer Goods & Crafts,8.633,Africa,Djibouti
2004,DJI,Industrial Equipment & Technology,156.92000000000002,Africa,Djibouti
2004,DZA,Agricultural & Foods,72.899,Africa,Algeria
2004,DZA,Art & Collectibles,18.109,Africa,Algeria
2004,DZA,Base Metals,2926.554,Africa,Algeria
2004,DZA,Chemical & Pharmaceutical,20459.468,Africa,Algeria
2004,DZA,Consumer Goods & Crafts,173.51899999999998,Africa,Algeria
2004,DZA,Energy & Minerals,7781927.585,Africa,Algeria
2004,DZA,Industrial Equipment & Technology,9757.41,Africa,Algeria
2004,DZA,Textile & Apparel Manufacturing,84.099,Africa,Algeria
2004,EGY,Agricultural & Foods,17864.538,Africa,Egypt
2004,EGY,Art & Collectibles,8588.16,Africa,Egypt
2004,EGY,Base Metals,296325.433,Africa,Egypt
2004,EGY,Chemical & Pharmaceutical,21717.022,Africa,Egypt
2004,EGY,Consumer Goods & Crafts,42234.337,Africa,Egypt
2004,EGY,Energy & Minerals,319206.31,Africa,Egypt
2004,EGY,Industrial Equipment & Technology,10688.801,Africa,Egypt
2004,EGY,Textile & Apparel Manufacturing,620164.903,Africa,Egypt
2004,ERI,Agricultural & Foods,114.413,Africa,Eritrea
2004,ERI,Chemical & Pharmaceutical,14.797,Africa,Eritrea
2004,ERI,Consumer Goods & Crafts,160.855,Africa,Eritrea
2004,ERI,Industrial Equipment & Technology,25.334,Africa,Eritrea
2004,ETH,Agricultural & Foods,22075.572,Africa,Ethiopia
2004,ETH,Art & Collectibles,136.939,Africa,Ethiopia
2004,ETH,Base Metals,418.30600000000004,Africa,Ethiopia
2004,ETH,Chemical & Pharmaceutical,23.807000000000002,Africa,Ethiopia
2004,ETH,Consumer Goods & Crafts,2710.076,Africa,Ethiopia
2004,ETH,Energy & Minerals,1277.062,Africa,Ethiopia
2004,ETH,Industrial Equipment & Technology,17763.538,Africa,Ethiopia
2004,ETH,Textile & Apparel Manufacturing,5398.24,Africa,Ethiopia
2004,GAB,Agricultural & Foods,481.921,Africa,Gabon
2004,GAB,Art & Collectibles,2532.927,Africa,Gabon
2004,GAB,Base Metals,679.5920000000001,Africa,Gabon
2004,GAB,Chemical & Pharmaceutical,73.58800000000001,Africa,Gabon
2004,GAB,Consumer Goods & Crafts,12091.599,Africa,Gabon
2004,GAB,Energy & Minerals,2539297.5560000003,Africa,Gabon
2004,GAB,Industrial Equipment & Technology,1470.28,Africa,Gabon
2004,GAB,Textile & Apparel Manufacturing,860.716,Africa,Gabon
2004,GHA,Agricultural & Foods,22317.613,Africa,Ghana
2004,GHA,Art & Collectibles,1739.533,Africa,Ghana
2004,GHA,Base Metals,3423.071,Africa,Ghana
2004,GHA,Chemical & Pharmaceutical,785.956,Africa,Ghana
2004,GHA,Consumer Goods & Crafts,49942.965000000004,Africa,Ghana
2004,GHA,Energy & Minerals,71618.418,Africa,Ghana
2004,GHA,Industrial Equipment & Technology,573.576,Africa,Ghana
2004,GHA,Textile & Apparel Manufacturing,8165.880999999999,Africa,Ghana
2004,GIN,Agricultural & Foods,617.511,Africa,Guinea
2004,GIN,Art & Collectibles,125.635,Africa,Guinea
2004,GIN,Base Metals,54.872,Africa,Guinea
2004,GIN,Chemical & Pharmaceutical,238.65,Africa,Guinea
2004,GIN,Consumer Goods & Crafts,6601.6539999999995,Africa,Guinea
2004,GIN,Energy & Minerals,66621.48,Africa,Guinea
2004,GIN,Industrial Equipment & Technology,1790.7820000000002,Africa,Guinea
2004,GIN,Textile & Apparel Manufacturing,36.366,Africa,Guinea
2004,GMB,Agricultural & Foods,13.530999999999999,Africa,Gambia
2004,GMB,Chemical & Pharmaceutical,12.643,Africa,Gambia
2004,GMB,Consumer Goods & Crafts,154.486,Africa,Gambia
2004,GMB,Industrial Equipment & Technology,267.07099999999997,Africa,Gambia
2004,GMB,Textile & Apparel Manufacturing,74.991,Africa,Gambia
2004,GNB,Art & Collectibles,39.336,Africa,Guinea-Bissau
2004,GNB,Base Metals,263.257,Africa,Guinea-Bissau
2004,GNB,Chemical & Pharmaceutical,2.634,Africa,Guinea-Bissau
2004,GNB,Energy & Minerals,27556.218,Africa,Guinea-Bissau
2004,GNQ,Agricultural & Foods,31.742,Africa,Equatorial Guinea
2004,GNQ,Base Metals,3377.139,Africa,Equatorial Guinea
2004,GNQ,Chemical & Pharmaceutical,99073.894,Africa,Equatorial Guinea
2004,GNQ,Consumer Goods & Crafts,405.873,Africa,Equatorial Guinea
2004,GNQ,Energy & Minerals,1147877.7810000002,Africa,Equatorial Guinea
2004,GNQ,Industrial Equipment & Technology,119.306,Africa,Equatorial Guinea
2004,KEN,Agricultural & Foods,12992.585,Africa,Kenya
2004,KEN,Art & Collectibles,345.52799999999996,Africa,Kenya
2004,KEN,Base Metals,12739.266,Africa,Kenya
2004,KEN,Chemical & Pharmaceutical,6477.465,Africa,Kenya
2004,KEN,Consumer Goods & Crafts,5530.415,Africa,Kenya
2004,KEN,Energy & Minerals,476.94,Africa,Kenya
2004,KEN,Industrial Equipment & Technology,23553.003,Africa,Kenya
2004,KEN,Textile & Apparel Manufacturing,222638.29499999998,Africa,Kenya
2004,LBR,Agricultural & Foods,127.768,Africa,Liberia
2004,LBR,Chemical & Pharmaceutical,88719.84599999999,Africa,Liberia
2004,LBR,Consumer Goods & Crafts,159.234,Africa,Liberia
2004,LBR,Industrial Equipment & Technology,75.988,Africa,Liberia
2004,LBR,Textile & Apparel Manufacturing,22.677999999999997,Africa,Liberia
2004,LBY,Chemical & Pharmaceutical,14320.104,Africa,Libya
2004,LBY,Energy & Minerals,336136.97,Africa,Libya
2004,LSO,Art & Collectibles,6.255,Africa,Lesotho
2004,LSO,Base Metals,24.118,Africa,Lesotho
2004,LSO,Chemical & Pharmaceutical,152.649,Africa,Lesotho
2004,LSO,Consumer Goods & Crafts,9190.438999999998,Africa,Lesotho
2004,LSO,Textile & Apparel Manufacturing,481865.80700000003,Africa,Lesotho
2004,MAR,Agricultural & Foods,89162.343,Africa,Morocco
2004,MAR,Art & Collectibles,1530.754,Africa,Morocco
2004,MAR,Base Metals,14277.493,Africa,Morocco
2004,MAR,Chemical & Pharmaceutical,5854.13,Africa,Morocco
2004,MAR,Consumer Goods & Crafts,16523.682,Africa,Morocco
2004,MAR,Energy & Minerals,270791.999,Africa,Morocco
2004,MAR,Industrial Equipment & Technology,115850.54199999999,Africa,Morocco
2004,MAR,Textile & Apparel Manufacturing,81729.956,Africa,Morocco
2004,MDG,Agricultural & Foods,1851.569,Africa,Madagascar
2004,MDG,Art & Collectibles,184.564,Africa,Madagascar
2004,MDG,Base Metals,187.536,Africa,Madagascar
2004,MDG,Chemical & Pharmaceutical,2384.407,Africa,Madagascar
2004,MDG,Consumer Goods & Crafts,3723.833,Africa,Madagascar
2004,MDG,Energy & Minerals,916.051,Africa,Madagascar
2004,MDG,Industrial Equipment & Technology,127149.905,Africa,Madagascar
2004,MDG,Textile & Apparel Manufacturing,348541.016,Africa,Madagascar
2004,MLI,Agricultural & Foods,1862.984,Africa,Mali
2004,MLI,Art & Collectibles,360.96,Africa,Mali
2004,MLI,Base Metals,27.869999999999997,Africa,Mali
2004,MLI,Chemical & Pharmaceutical,38.114000000000004,Africa,Mali
2004,MLI,Consumer Goods & Crafts,585.497,Africa,Mali
2004,MLI,Energy & Minerals,0.185,Africa,Mali
2004,MLI,Industrial Equipment & Technology,3208.575,Africa,Mali
2004,MLI,Textile & Apparel Manufacturing,145.864,Africa,Mali
2004,MOZ,Agricultural & Foods,7273.311000000001,Africa,Mozambique
2004,MOZ,Art & Collectibles,81.056,Africa,Mozambique
2004,MOZ,Base Metals,388.841,Africa,Mozambique
2004,MOZ,Chemical & Pharmaceutical,704.656,Africa,Mozambique
2004,MOZ,Consumer Goods & Crafts,223.405,Africa,Mozambique
2004,MOZ,Industrial Equipment & Technology,370.591,Africa,Mozambique
2004,MOZ,Textile & Apparel Manufacturing,2817.915,Africa,Mozambique
2004,MRT,Agricultural & Foods,382.734,Africa,Mauritania
2004,MRT,Art & Collectibles,2.408,Africa,Mauritania
2004,MRT,Consumer Goods & Crafts,44.68,Africa,Mauritania
2004,MRT,Energy & Minerals,4.5,Africa,Mauritania
2004,MRT,Industrial Equipment & Technology,54.674,Africa,Mauritania
2004,MRT,Textile & Apparel Manufacturing,12.479000000000001,Africa,Mauritania
2004,MUS,Agricultural & Foods,20340.167999999998,Africa,Mauritius
2004,MUS,Art & Collectibles,14.233,Africa,Mauritius
2004,MUS,Base Metals,127.323,Africa,Mauritius
2004,MUS,Chemical & Pharmaceutical,2037.737,Africa,Mauritius
2004,MUS,Consumer Goods & Crafts,12792.184000000001,Africa,Mauritius
2004,MUS,Energy & Minerals,870.8389999999999,Africa,Mauritius
2004,MUS,Industrial Equipment & Technology,9823.372000000001,Africa,Mauritius
2004,MUS,Textile & Apparel Manufacturing,276101.184,Africa,Mauritius
2004,MWI,Agricultural & Foods,36136.446,Africa,Malawi
2004,MWI,Art & Collectibles,13.715,Africa,Malawi
2004,MWI,Base Metals,4128.692,Africa,Malawi
2004,MWI,Chemical & Pharmaceutical,68.615,Africa,Malawi
2004,MWI,Consumer Goods & Crafts,200.145,Africa,Malawi
2004,MWI,Industrial Equipment & Technology,5326.588,Africa,Malawi
2004,MWI,Textile & Apparel Manufacturing,37785.365,Africa,Malawi
2004,NAM,Agricultural & Foods,50.316,Africa,Namibia
2004,NAM,Art & Collectibles,63.416999999999994,Africa,Namibia
2004,NAM,Base Metals,188094.26200000002,Africa,Namibia
2004,NAM,Chemical & Pharmaceutical,11317.923,Africa,Namibia
2004,NAM,Consumer Goods & Crafts,11324.54,Africa,Namibia
2004,NAM,Energy & Minerals,37836.142,Africa,Namibia
2004,NAM,Industrial Equipment & Technology,879.132,Africa,Namibia
2004,NAM,Textile & Apparel Manufacturing,145618.26,Africa,Namibia
2004,NER,Agricultural & Foods,3646.647,Africa,Niger
2004,NER,Art & Collectibles,42.82,Africa,Niger
2004,NER,Base Metals,185.989,Africa,Niger
2004,NER,Chemical & Pharmaceutical,587.3820000000001,Africa,Niger
2004,NER,Consumer Goods & Crafts,129.515,Africa,Niger
2004,NER,Energy & Minerals,25429.096999999998,Africa,Niger
2004,NER,Industrial Equipment & Technology,826.251,Africa,Niger
2004,NER,Textile & Apparel Manufacturing,5416.293000000001,Africa,Niger
2004,NGA,Agricultural & Foods,9290.859,Africa,Nigeria
2004,NGA,Art & Collectibles,3191.6110000000003,Africa,Nigeria
2004,NGA,Base Metals,136.784,Africa,Nigeria
2004,NGA,Chemical & Pharmaceutical,10828.083,Africa,Nigeria
2004,NGA,Consumer Goods & Crafts,2155.317,Africa,Nigeria
2004,NGA,Energy & Minerals,17066384.903,Africa,Nigeria
2004,NGA,Industrial Equipment & Technology,839.837,Africa,Nigeria
2004,NGA,Textile & Apparel Manufacturing,408.46000000000004,Africa,Nigeria
2004,RWA,Art & Collectibles,12.879,Africa,Rwanda
2004,RWA,Chemical & Pharmaceutical,4.433,Africa,Rwanda
2004,RWA,Consumer Goods & Crafts,164.238,Africa,Rwanda
2004,RWA,Energy & Minerals,687.493,Africa,Rwanda
2004,RWA,Industrial Equipment & Technology,4903.008,Africa,Rwanda
2004,RWA,Textile & Apparel Manufacturing,0.988,Africa,Rwanda
2004,SDN,Agricultural & Foods,3762.701,Africa,Sudan
2004,SDN,Consumer Goods & Crafts,76.607,Africa,Sudan
2004,SEN,Agricultural & Foods,317.172,Africa,Senegal
2004,SEN,Art & Collectibles,95.246,Africa,Senegal
2004,SEN,Base Metals,55.001000000000005,Africa,Senegal
2004,SEN,Chemical & Pharmaceutical,2172.599,Africa,Senegal
2004,SEN,Consumer Goods & Crafts,501.164,Africa,Senegal
2004,SEN,Energy & Minerals,3.367,Africa,Senegal
2004,SEN,Industrial Equipment & Technology,962.081,Africa,Senegal
2004,SEN,Textile & Apparel Manufacturing,595.662,Africa,Senegal
2004,SLE,Agricultural & Foods,399.332,Africa,Sierra Leone
2004,SLE,Art & Collectibles,35.486,Africa,Sierra Leone
2004,SLE,Base Metals,107.42500000000001,Africa,Sierra Leone
2004,SLE,Chemical & Pharmaceutical,109.537,Africa,Sierra Leone
2004,SLE,Consumer Goods & Crafts,7345.279,Africa,Sierra Leone
2004,SLE,Industrial Equipment & Technology,1500.591,Africa,Sierra Leone
2004,SLE,Textile & Apparel Manufacturing,1643.69,Africa,Sierra Leone
2004,SOM,Agricultural & Foods,45.288,Africa,Somalia
2004,SOM,Art & Collectibles,63.8,Africa,Somalia
2004,SOM,Chemical & Pharmaceutical,197.56400000000002,Africa,Somalia
2004,SOM,Consumer Goods & Crafts,175.135,Africa,Somalia
2004,SOM,Industrial Equipment & Technology,82.554,Africa,Somalia
2004,SOM,Textile & Apparel Manufacturing,131.044,Africa,Somalia
2004,STP,Base Metals,56.288,Africa,Sao Tome and Principe
2004,STP,Chemical & Pharmaceutical,3.229,Africa,Sao Tome and Principe
2004,STP,Industrial Equipment & Technology,28.313,Africa,Sao Tome and Principe
2004,STP,Textile & Apparel Manufacturing,0.526,Africa,Sao Tome and Principe
2004,SWZ,Agricultural & Foods,495.673,Africa,Eswatini
2004,SWZ,Art & Collectibles,6.287,Africa,Eswatini
2004,SWZ,Base Metals,14532.371,Africa,Eswatini
2004,SWZ,Chemical & Pharmaceutical,1403.058,Africa,Eswatini
2004,SWZ,Consumer Goods & Crafts,2750.449,Africa,Eswatini
2004,SWZ,Industrial Equipment & Technology,799.554,Africa,Eswatini
2004,SWZ,Textile & Apparel Manufacturing,188523.081,Africa,Eswatini
2004,SYC,Base Metals,33.848,Africa,Seychelles
2004,SYC,Chemical & Pharmaceutical,71.47200000000001,Africa,Seychelles
2004,SYC,Consumer Goods & Crafts,129.89100000000002,Africa,Seychelles
2004,SYC,Industrial Equipment & Technology,4763.276999999999,Africa,Seychelles
2004,SYC,Textile & Apparel Manufacturing,124.189,Africa,Seychelles
2004,TCD,Agricultural & Foods,7186.885,Africa,Chad
2004,TCD,Art & Collectibles,2.781,Africa,Chad
2004,TCD,Consumer Goods & Crafts,12.947,Africa,Chad
2004,TCD,Energy & Minerals,817546.2339999999,Africa,Chad
2004,TCD,Industrial Equipment & Technology,235.643,Africa,Chad
2004,TCD,Textile & Apparel Manufacturing,26.404,Africa,Chad
2004,TGO,Agricultural & Foods,760.063,Africa,Togo
2004,TGO,Art & Collectibles,486.06899999999996,Africa,Togo
2004,TGO,Chemical & Pharmaceutical,51.741,Africa,Togo
2004,TGO,Consumer Goods & Crafts,40.78,Africa,Togo
2004,TGO,Energy & Minerals,1774.393,Africa,Togo
2004,TGO,Industrial Equipment & Technology,8.354,Africa,Togo
2004,TGO,Textile & Apparel Manufacturing,36.071,Africa,Togo
2004,TUN,Agricultural & Foods,46678.291000000005,Africa,Tunisia
2004,TUN,Art & Collectibles,1201.1399999999999,Africa,Tunisia
2004,TUN,Base Metals,1987.336,Africa,Tunisia
2004,TUN,Chemical & Pharmaceutical,9692.041000000001,Africa,Tunisia
2004,TUN,Consumer Goods & Crafts,13140.027,Africa,Tunisia
2004,TUN,Energy & Minerals,110438.22,Africa,Tunisia
2004,TUN,Industrial Equipment & Technology,11393.888,Africa,Tunisia
2004,TUN,Textile & Apparel Manufacturing,52643.758,Africa,Tunisia
2004,TZA,Agricultural & Foods,3892.759,Africa,Tanzania
2004,TZA,Art & Collectibles,62.255,Africa,Tanzania
2004,TZA,Base Metals,1461.587,Africa,Tanzania
2004,TZA,Chemical & Pharmaceutical,3742.115,Africa,Tanzania
2004,TZA,Consumer Goods & Crafts,8714.92,Africa,Tanzania
2004,TZA,Industrial Equipment & Technology,3435.633,Africa,Tanzania
2004,TZA,Textile & Apparel Manufacturing,3682.762,Africa,Tanzania
2004,UGA,Agricultural & Foods,1106.2330000000002,Africa,Uganda
2004,UGA,Art & Collectibles,10.353,Africa,Uganda
2004,UGA,Base Metals,2165.5280000000002,Africa,Uganda
2004,UGA,Chemical & Pharmaceutical,9371.912,Africa,Uganda
2004,UGA,Consumer Goods & Crafts,341.284,Africa,Uganda
2004,UGA,Energy & Minerals,143.418,Africa,Uganda
2004,UGA,Industrial Equipment & Technology,11881.605,Africa,Uganda
2004,UGA,Textile & Apparel Manufacturing,5490.919,Africa,Uganda
2004,ZAF,Agricultural & Foods,107472.507,Africa,South Africa
2004,ZAF,Art & Collectibles,7342.873,Africa,South Africa
2004,ZAF,Base Metals,1202042.413,Africa,South Africa
2004,ZAF,Chemical & Pharmaceutical,342155.69299999997,Africa,South Africa
2004,ZAF,Consumer Goods & Crafts,3032621.383,Africa,South Africa
2004,ZAF,Energy & Minerals,628600.71,Africa,South Africa
2004,ZAF,Industrial Equipment & Technology,1067841.773,Africa,South Africa
2004,ZAF,Textile & Apparel Manufacturing,238002.242,Africa,South Africa
2004,ZMB,Agricultural & Foods,68.734,Africa,Zambia
2004,ZMB,Art & Collectibles,199.78300000000002,Africa,Zambia
2004,ZMB,Base Metals,30570.102000000003,Africa,Zambia
2004,ZMB,Chemical & Pharmaceutical,394.088,Africa,Zambia
2004,ZMB,Consumer Goods & Crafts,1234.2859999999998,Africa,Zambia
2004,ZMB,Energy & Minerals,218.523,Africa,Zambia
2004,ZMB,Industrial Equipment & Technology,1431.5839999999998,Africa,Zambia
2004,ZMB,Textile & Apparel Manufacturing,372.226,Africa,Zambia
2004,ZWE,Agricultural & Foods,13452.336,Africa,Zimbabwe
2004,ZWE,Art & Collectibles,4621.958,Africa,Zimbabwe
2004,ZWE,Base Metals,42870.741,Africa,Zimbabwe
2004,ZWE,Chemical & Pharmaceutical,130.799,Africa,Zimbabwe
2004,ZWE,Consumer Goods & Crafts,19272.493,Africa,Zimbabwe
2004,ZWE,Energy & Minerals,2664.2729999999997,Africa,Zimbabwe
2004,ZWE,Industrial Equipment & Technology,3182.379,Africa,Zimbabwe
2004,ZWE,Textile & Apparel Manufacturing,5157.722000000001,Africa,Zimbabwe
2005,AGO,Agricultural & Foods,6.438000000000001,Africa,Angola
2005,AGO,Art & Collectibles,8.277,Africa,Angola
2005,AGO,Base Metals,4015.684,Africa,Angola
2005,AGO,Chemical & Pharmaceutical,645.586,Africa,Angola
2005,AGO,Consumer Goods & Crafts,91854.88,Africa,Angola
2005,AGO,Energy & Minerals,8664874.370000001,Africa,Angola
2005,AGO,Industrial Equipment & Technology,10518.939,Africa,Angola
2005,AGO,Textile & Apparel Manufacturing,108.051,Africa,Angola
2005,BDI,Base Metals,16.199,Africa,Burundi
2005,BDI,Chemical & Pharmaceutical,46.239,Africa,Burundi
2005,BDI,Industrial Equipment & Technology,4690.0599999999995,Africa,Burundi
2005,BEN,Agricultural & Foods,402.05,Africa,Benin
2005,BEN,Art & Collectibles,48.876,Africa,Benin
2005,BEN,Chemical & Pharmaceutical,6.412,Africa,Benin
2005,BEN,Consumer Goods & Crafts,100.865,Africa,Benin
2005,BEN,Textile & Apparel Manufacturing,6.208,Africa,Benin
2005,BFA,Agricultural & Foods,151.426,Africa,Burkina Faso
2005,BFA,Art & Collectibles,453.811,Africa,Burkina Faso
2005,BFA,Base Metals,181.882,Africa,Burkina Faso
2005,BFA,Consumer Goods & Crafts,216.74099999999999,Africa,Burkina Faso
2005,BFA,Energy & Minerals,0.156,Africa,Burkina Faso
2005,BFA,Industrial Equipment & Technology,218.255,Africa,Burkina Faso
2005,BFA,Textile & Apparel Manufacturing,30.686,Africa,Burkina Faso
2005,BWA,Art & Collectibles,5.057,Africa,Botswana
2005,BWA,Chemical & Pharmaceutical,7.588,Africa,Botswana
2005,BWA,Consumer Goods & Crafts,146082.166,Africa,Botswana
2005,BWA,Industrial Equipment & Technology,869.7330000000001,Africa,Botswana
2005,BWA,Textile & Apparel Manufacturing,31549.248,Africa,Botswana
2005,CAF,Agricultural & Foods,404.401,Africa,Central African Republic
2005,CAF,Art & Collectibles,7.693,Africa,Central African Republic
2005,CAF,Base Metals,10.24,Africa,Central African Republic
2005,CAF,Chemical & Pharmaceutical,113.388,Africa,Central African Republic
2005,CAF,Consumer Goods & Crafts,5023.06,Africa,Central African Republic
2005,CAF,Industrial Equipment & Technology,22.607,Africa,Central African Republic
2005,CAF,Textile & Apparel Manufacturing,15.815999999999999,Africa,Central African Republic
2005,CIV,Agricultural & Foods,657559.3559999999,Africa,Côte d'Ivoire
2005,CIV,Art & Collectibles,5880.218,Africa,Côte d'Ivoire
2005,CIV,Base Metals,6972.148,Africa,Côte d'Ivoire
2005,CIV,Chemical & Pharmaceutical,5997.134,Africa,Côte d'Ivoire
2005,CIV,Consumer Goods & Crafts,31494.325,Africa,Côte d'Ivoire
2005,CIV,Energy & Minerals,537443.281,Africa,Côte d'Ivoire
2005,CIV,Industrial Equipment & Technology,4785.7519999999995,Africa,Côte d'Ivoire
2005,CIV,Textile & Apparel Manufacturing,416.662,Africa,Côte d'Ivoire
2005,CMR,Agricultural & Foods,19316.728,Africa,Cameroon
2005,CMR,Art & Collectibles,833.7280000000001,Africa,Cameroon
2005,CMR,Base Metals,639.139,Africa,Cameroon
2005,CMR,Chemical & Pharmaceutical,8342.593,Africa,Cameroon
2005,CMR,Consumer Goods & Crafts,16082.289,Africa,Cameroon
2005,CMR,Energy & Minerals,113259.70199999999,Africa,Cameroon
2005,CMR,Industrial Equipment & Technology,5753.369,Africa,Cameroon
2005,CMR,Textile & Apparel Manufacturing,646.088,Africa,Cameroon
2005,COD,Agricultural & Foods,4107.955,Africa,DR Congo
2005,COD,Art & Collectibles,2073.995,Africa,DR Congo
2005,COD,Base Metals,1715.339,Africa,DR Congo
2005,COD,Chemical & Pharmaceutical,405.897,Africa,DR Congo
2005,COD,Consumer Goods & Crafts,122284.81300000001,Africa,DR Congo
2005,COD,Energy & Minerals,139667.446,Africa,DR Congo
2005,COD,Industrial Equipment & Technology,238.436,Africa,DR Congo
2005,COD,Textile & Apparel Manufacturing,57.717,Africa,DR Congo
2005,COG,Agricultural & Foods,4294.798,Africa,Congo Republic
2005,COG,Art & Collectibles,914.3499999999999,Africa,Congo Republic
2005,COG,Base Metals,108.836,Africa,Congo Republic
2005,COG,Chemical & Pharmaceutical,159.494,Africa,Congo Republic
2005,COG,Consumer Goods & Crafts,10157.179,Africa,Congo Republic
2005,COG,Energy & Minerals,1677570.792,Africa,Congo Republic
2005,COG,Industrial Equipment & Technology,437.816,Africa,Congo Republic
2005,COM,Agricultural & Foods,27.208,Africa,Comoros
2005,COM,Chemical & Pharmaceutical,39.716,Africa,Comoros
2005,COM,Industrial Equipment & Technology,1381.377,Africa,Comoros
2005,COM,Textile & Apparel Manufacturing,3.188,Africa,Comoros
2005,CPV,Agricultural & Foods,231.198,Africa,Cabo Verde
2005,CPV,Base Metals,59.636,Africa,Cabo Verde
2005,CPV,Chemical & Pharmaceutical,4.45,Africa,Cabo Verde
2005,CPV,Consumer Goods & Crafts,16.667,Africa,Cabo Verde
2005,CPV,Energy & Minerals,9.99,Africa,Cabo Verde
2005,CPV,Industrial Equipment & Technology,37.186,Africa,Cabo Verde
2005,CPV,Textile & Apparel Manufacturing,2431.576,Africa,Cabo Verde
2005,DJI,Agricultural & Foods,225.501,Africa,Djibouti
2005,DJI,Chemical & Pharmaceutical,4.051,Africa,Djibouti
2005,DJI,Consumer Goods & Crafts,22.804000000000002,Africa,Djibouti
2005,DJI,Industrial Equipment & Technology,652.735,Africa,Djibouti
2005,DZA,Agricultural & Foods,115.284,Africa,Algeria
2005,DZA,Art & Collectibles,18.458,Africa,Algeria
2005,DZA,Base Metals,4670.477,Africa,Algeria
2005,DZA,Chemical & Pharmaceutical,12580.744,Africa,Algeria
2005,DZA,Consumer Goods & Crafts,145.10999999999999,Africa,Algeria
2005,DZA,Energy & Minerals,10817325.981,Africa,Algeria
2005,DZA,Industrial Equipment & Technology,4742.294,Africa,Algeria
2005,DZA,Textile & Apparel Manufacturing,15.948,Africa,Algeria
2005,EGY,Agricultural & Foods,24472.402,Africa,Egypt
2005,EGY,Art & Collectibles,17224.663,Africa,Egypt
2005,EGY,Base Metals,143255.108,Africa,Egypt
2005,EGY,Chemical & Pharmaceutical,30892.258,Africa,Egypt
2005,EGY,Consumer Goods & Crafts,46694.662000000004,Africa,Egypt
2005,EGY,Energy & Minerals,1190309.773,Africa,Egypt
2005,EGY,Industrial Equipment & Technology,11096.895,Africa,Egypt
2005,EGY,Textile & Apparel Manufacturing,666282.034,Africa,Egypt
2005,ERI,Agricultural & Foods,863.288,Africa,Eritrea
2005,ERI,Chemical & Pharmaceutical,24.212,Africa,Eritrea
2005,ERI,Consumer Goods & Crafts,205.623,Africa,Eritrea
2005,ERI,Industrial Equipment & Technology,30.489,Africa,Eritrea
2005,ERI,Textile & Apparel Manufacturing,5.386,Africa,Eritrea
2005,ETH,Agricultural & Foods,21455.835,Africa,Ethiopia
2005,ETH,Art & Collectibles,5406.075,Africa,Ethiopia
2005,ETH,Base Metals,141.769,Africa,Ethiopia
2005,ETH,Chemical & Pharmaceutical,19.982,Africa,Ethiopia
2005,ETH,Consumer Goods & Crafts,1788.9309999999998,Africa,Ethiopia
2005,ETH,Energy & Minerals,77.24300000000001,Africa,Ethiopia
2005,ETH,Industrial Equipment & Technology,30481.880999999998,Africa,Ethiopia
2005,ETH,Textile & Apparel Manufacturing,4928.067,Africa,Ethiopia
2005,GAB,Agricultural & Foods,440.846,Africa,Gabon
2005,GAB,Art & Collectibles,2201.344,Africa,Gabon
2005,GAB,Base Metals,65.8,Africa,Gabon
2005,GAB,Chemical & Pharmaceutical,9.462,Africa,Gabon
2005,GAB,Consumer Goods & Crafts,9826.181,Africa,Gabon
2005,GAB,Energy & Minerals,2959910.012,Africa,Gabon
2005,GAB,Industrial Equipment & Technology,1591.176,Africa,Gabon
2005,GAB,Textile & Apparel Manufacturing,0.966,Africa,Gabon
2005,GHA,Agricultural & Foods,38430.503,Africa,Ghana
2005,GHA,Art & Collectibles,96.479,Africa,Ghana
2005,GHA,Base Metals,181.796,Africa,Ghana
2005,GHA,Chemical & Pharmaceutical,2122.872,Africa,Ghana
2005,GHA,Consumer Goods & Crafts,72732.279,Africa,Ghana
2005,GHA,Energy & Minerals,61045.049,Africa,Ghana
2005,GHA,Industrial Equipment & Technology,955.979,Africa,Ghana
2005,GHA,Textile & Apparel Manufacturing,6371.553999999999,Africa,Ghana
2005,GIN,Agricultural & Foods,408.659,Africa,Guinea
2005,GIN,Art & Collectibles,948.621,Africa,Guinea
2005,GIN,Base Metals,106.233,Africa,Guinea
2005,GIN,Chemical & Pharmaceutical,164.78,Africa,Guinea
2005,GIN,Consumer Goods & Crafts,12332.894,Africa,Guinea
2005,GIN,Energy & Minerals,74411.715,Africa,Guinea
2005,GIN,Industrial Equipment & Technology,2114.868,Africa,Guinea
2005,GIN,Textile & Apparel Manufacturing,114.59800000000001,Africa,Guinea
2005,GMB,Chemical & Pharmaceutical,65.121,Africa,Gambia
2005,GMB,Consumer Goods & Crafts,9.198,Africa,Gambia
2005,GMB,Industrial Equipment & Technology,324.13399999999996,Africa,Gambia
2005,GMB,Textile & Apparel Manufacturing,34.209,Africa,Gambia
2005,GNB,Base Metals,47.391,Africa,Guinea-Bissau
2005,GNB,Chemical & Pharmaceutical,7.315,Africa,Guinea-Bissau
2005,GNB,Industrial Equipment & Technology,6.461,Africa,Guinea-Bissau
2005,GNQ,Agricultural & Foods,91.92099999999999,Africa,Equatorial Guinea
2005,GNQ,Chemical & Pharmaceutical,161571.004,Africa,Equatorial Guinea
2005,GNQ,Consumer Goods & Crafts,263.867,Africa,Equatorial Guinea
2005,GNQ,Energy & Minerals,1506489.716,Africa,Equatorial Guinea
2005,GNQ,Industrial Equipment & Technology,12.977,Africa,Equatorial Guinea
2005,KEN,Agricultural & Foods,13026.67,Africa,Kenya
2005,KEN,Art & Collectibles,250.595,Africa,Kenya
2005,KEN,Base Metals,7629.383999999999,Africa,Kenya
2005,KEN,Chemical & Pharmaceutical,6710.3730000000005,Africa,Kenya
2005,KEN,Consumer Goods & Crafts,8881.316,Africa,Kenya
2005,KEN,Energy & Minerals,1402.318,Africa,Kenya
2005,KEN,Industrial Equipment & Technology,35721.949,Africa,Kenya
2005,KEN,Textile & Apparel Manufacturing,337843.466,Africa,Kenya
2005,LBR,Agricultural & Foods,156.536,Africa,Liberia
2005,LBR,Art & Collectibles,3.775,Africa,Liberia
2005,LBR,Base Metals,48.959,Africa,Liberia
2005,LBR,Chemical & Pharmaceutical,95641.084,Africa,Liberia
2005,LBR,Consumer Goods & Crafts,510.025,Africa,Liberia
2005,LBR,Industrial Equipment & Technology,77.90899999999999,Africa,Liberia
2005,LBR,Textile & Apparel Manufacturing,116.28,Africa,Liberia
2005,LBY,Agricultural & Foods,21.045,Africa,Libya
2005,LBY,Chemical & Pharmaceutical,27063.813000000002,Africa,Libya
2005,LBY,Energy & Minerals,1658958.766,Africa,Libya
2005,LBY,Industrial Equipment & Technology,58.284,Africa,Libya
2005,LSO,Art & Collectibles,5.557,Africa,Lesotho
2005,LSO,Chemical & Pharmaceutical,203.937,Africa,Lesotho
2005,LSO,Consumer Goods & Crafts,10781.368,Africa,Lesotho
2005,LSO,Textile & Apparel Manufacturing,408348.738,Africa,Lesotho
2005,MAR,Agricultural & Foods,83543.056,Africa,Morocco
2005,MAR,Art & Collectibles,1214.1499999999999,Africa,Morocco
2005,MAR,Base Metals,18162.006,Africa,Morocco
2005,MAR,Chemical & Pharmaceutical,8114.6669999999995,Africa,Morocco
2005,MAR,Consumer Goods & Crafts,19121.604,Africa,Morocco
2005,MAR,Energy & Minerals,178873.72100000002,Africa,Morocco
2005,MAR,Industrial Equipment & Technology,115313.34999999999,Africa,Morocco
2005,MAR,Textile & Apparel Manufacturing,68253.367,Africa,Morocco
2005,MDG,Agricultural & Foods,1483.803,Africa,Madagascar
2005,MDG,Art & Collectibles,22.875,Africa,Madagascar
2005,MDG,Base Metals,159.314,Africa,Madagascar
2005,MDG,Chemical & Pharmaceutical,2255.189,Africa,Madagascar
2005,MDG,Consumer Goods & Crafts,3859.599,Africa,Madagascar
2005,MDG,Energy & Minerals,1362.14,Africa,Madagascar
2005,MDG,Industrial Equipment & Technology,36101.441,Africa,Madagascar
2005,MDG,Textile & Apparel Manufacturing,278672.744,Africa,Madagascar
2005,MLI,Agricultural & Foods,196.697,Africa,Mali
2005,MLI,Art & Collectibles,235.004,Africa,Mali
2005,MLI,Base Metals,26.259,Africa,Mali
2005,MLI,Chemical & Pharmaceutical,76.231,Africa,Mali
2005,MLI,Consumer Goods & Crafts,354.034,Africa,Mali
2005,MLI,Energy & Minerals,0.283,Africa,Mali
2005,MLI,Industrial Equipment & Technology,2419.902,Africa,Mali
2005,MLI,Textile & Apparel Manufacturing,116.62599999999999,Africa,Mali
2005,MOZ,Agricultural & Foods,7966.679,Africa,Mozambique
2005,MOZ,Art & Collectibles,142.402,Africa,Mozambique
2005,MOZ,Base Metals,1296.662,Africa,Mozambique
2005,MOZ,Chemical & Pharmaceutical,1429.5449999999998,Africa,Mozambique
2005,MOZ,Consumer Goods & Crafts,75.401,Africa,Mozambique
2005,MOZ,Industrial Equipment & Technology,10345.086000000001,Africa,Mozambique
2005,MOZ,Textile & Apparel Manufacturing,3964.456,Africa,Mozambique
2005,MRT,Agricultural & Foods,280.08,Africa,Mauritania
2005,MRT,Art & Collectibles,6.582,Africa,Mauritania
2005,MRT,Chemical & Pharmaceutical,3.097,Africa,Mauritania
2005,MRT,Consumer Goods & Crafts,18.258000000000003,Africa,Mauritania
2005,MRT,Industrial Equipment & Technology,130.343,Africa,Mauritania
2005,MRT,Textile & Apparel Manufacturing,144.196,Africa,Mauritania
2005,MUS,Agricultural & Foods,21452.924,Africa,Mauritius
2005,MUS,Base Metals,243.793,Africa,Mauritius
2005,MUS,Chemical & Pharmaceutical,4117.08,Africa,Mauritius
2005,MUS,Consumer Goods & Crafts,21613.37,Africa,Mauritius
2005,MUS,Energy & Minerals,58.314,Africa,Mauritius
2005,MUS,Industrial Equipment & Technology,6789.382,Africa,Mauritius
2005,MUS,Textile & Apparel Manufacturing,183223.537,Africa,Mauritius
2005,MWI,Agricultural & Foods,111576.493,Africa,Malawi
2005,MWI,Art & Collectibles,0.77,Africa,Malawi
2005,MWI,Base Metals,5777.723,Africa,Malawi
2005,MWI,Chemical & Pharmaceutical,42.021,Africa,Malawi
2005,MWI,Consumer Goods & Crafts,466.399,Africa,Malawi
2005,MWI,Energy & Minerals,3.745,Africa,Malawi
2005,MWI,Industrial Equipment & Technology,4413.309,Africa,Malawi
2005,MWI,Textile & Apparel Manufacturing,30420.83,Africa,Malawi
2005,NAM,Agricultural & Foods,81.65899999999999,Africa,Namibia
2005,NAM,Art & Collectibles,755.073,Africa,Namibia
2005,NAM,Base Metals,794.048,Africa,Namibia
2005,NAM,Chemical & Pharmaceutical,8028.5289999999995,Africa,Namibia
2005,NAM,Consumer Goods & Crafts,34647.144,Africa,Namibia
2005,NAM,Energy & Minerals,50614.766,Africa,Namibia
2005,NAM,Industrial Equipment & Technology,3015.567,Africa,Namibia
2005,NAM,Textile & Apparel Manufacturing,93933.387,Africa,Namibia
2005,NER,Agricultural & Foods,1055.186,Africa,Niger
2005,NER,Art & Collectibles,5.021,Africa,Niger
2005,NER,Base Metals,311.173,Africa,Niger
2005,NER,Chemical & Pharmaceutical,278.543,Africa,Niger
2005,NER,Consumer Goods & Crafts,78.21600000000001,Africa,Niger
2005,NER,Energy & Minerals,59701.153,Africa,Niger
2005,NER,Industrial Equipment & Technology,1045.296,Africa,Niger
2005,NER,Textile & Apparel Manufacturing,8890.879,Africa,Niger
2005,NGA,Agricultural & Foods,62749.945,Africa,Nigeria
2005,NGA,Art & Collectibles,5876.18,Africa,Nigeria
2005,NGA,Base Metals,184.133,Africa,Nigeria
2005,NGA,Chemical & Pharmaceutical,3946.598,Africa,Nigeria
2005,NGA,Consumer Goods & Crafts,4620.264,Africa,Nigeria
2005,NGA,Energy & Minerals,25044663.641,Africa,Nigeria
2005,NGA,Industrial Equipment & Technology,1171.567,Africa,Nigeria
2005,NGA,Textile & Apparel Manufacturing,389.88,Africa,Nigeria
2005,RWA,Art & Collectibles,105.91300000000001,Africa,Rwanda
2005,RWA,Base Metals,32.099000000000004,Africa,Rwanda
2005,RWA,Chemical & Pharmaceutical,23.734,Africa,Rwanda
2005,RWA,Consumer Goods & Crafts,120.584,Africa,Rwanda
2005,RWA,Energy & Minerals,1925.1660000000002,Africa,Rwanda
2005,RWA,Industrial Equipment & Technology,6186.781,Africa,Rwanda
2005,RWA,Textile & Apparel Manufacturing,73.799,Africa,Rwanda
2005,SDN,Agricultural & Foods,14046.556,Africa,Sudan
2005,SEN,Agricultural & Foods,188.05700000000002,Africa,Senegal
2005,SEN,Art & Collectibles,166.383,Africa,Senegal
2005,SEN,Base Metals,63.646,Africa,Senegal
2005,SEN,Chemical & Pharmaceutical,1773.132,Africa,Senegal
2005,SEN,Consumer Goods & Crafts,277.61,Africa,Senegal
2005,SEN,Energy & Minerals,2.9240000000000004,Africa,Senegal
2005,SEN,Industrial Equipment & Technology,15472.822,Africa,Senegal
2005,SEN,Textile & Apparel Manufacturing,572.118,Africa,Senegal
2005,SLE,Agricultural & Foods,261.359,Africa,Sierra Leone
2005,SLE,Art & Collectibles,74.273,Africa,Sierra Leone
2005,SLE,Base Metals,89.608,Africa,Sierra Leone
2005,SLE,Chemical & Pharmaceutical,382.104,Africa,Sierra Leone
2005,SLE,Consumer Goods & Crafts,5476.727,Africa,Sierra Leone
2005,SLE,Energy & Minerals,1353.763,Africa,Sierra Leone
2005,SLE,Industrial Equipment & Technology,1846.823,Africa,Sierra Leone
2005,SLE,Textile & Apparel Manufacturing,232.72400000000002,Africa,Sierra Leone
2005,SOM,Agricultural & Foods,89.173,Africa,Somalia
2005,SOM,Chemical & Pharmaceutical,156.726,Africa,Somalia
2005,SOM,Consumer Goods & Crafts,2.725,Africa,Somalia
2005,SOM,Industrial Equipment & Technology,45.408,Africa,Somalia
2005,SOM,Textile & Apparel Manufacturing,85.20299999999999,Africa,Somalia
2005,STP,Chemical & Pharmaceutical,87.68,Africa,Sao Tome and Principe
2005,STP,Industrial Equipment & Technology,130.31,Africa,Sao Tome and Principe
2005,STP,Textile & Apparel Manufacturing,4.7780000000000005,Africa,Sao Tome and Principe
2005,SWZ,Agricultural & Foods,17487.848,Africa,Eswatini
2005,SWZ,Base Metals,16726.877,Africa,Eswatini
2005,SWZ,Chemical & Pharmaceutical,688.473,Africa,Eswatini
2005,SWZ,Consumer Goods & Crafts,282.83299999999997,Africa,Eswatini
2005,SWZ,Industrial Equipment & Technology,2607.536,Africa,Eswatini
2005,SWZ,Textile & Apparel Manufacturing,168791.187,Africa,Eswatini
2005,SYC,Agricultural & Foods,20.886,Africa,Seychelles
2005,SYC,Art & Collectibles,7.464,Africa,Seychelles
2005,SYC,Chemical & Pharmaceutical,227.707,Africa,Seychelles
2005,SYC,Consumer Goods & Crafts,68.785,Africa,Seychelles
2005,SYC,Industrial Equipment & Technology,4999.535000000001,Africa,Seychelles
2005,SYC,Textile & Apparel Manufacturing,19.836,Africa,Seychelles
2005,TCD,Agricultural & Foods,15922.303,Africa,Chad
2005,TCD,Consumer Goods & Crafts,54.482,Africa,Chad
2005,TCD,Energy & Minerals,1562584.9170000001,Africa,Chad
2005,TCD,Industrial Equipment & Technology,10.16,Africa,Chad
2005,TCD,Textile & Apparel Manufacturing,1.645,Africa,Chad
2005,TGO,Agricultural & Foods,4308.059,Africa,Togo
2005,TGO,Art & Collectibles,115.36900000000001,Africa,Togo
2005,TGO,Base Metals,3955.3109999999997,Africa,Togo
2005,TGO,Chemical & Pharmaceutical,10.429,Africa,Togo
2005,TGO,Consumer Goods & Crafts,174.363,Africa,Togo
2005,TGO,Energy & Minerals,42.109,Africa,Togo
2005,TGO,Industrial Equipment & Technology,160.924,Africa,Togo
2005,TGO,Textile & Apparel Manufacturing,157.491,Africa,Togo
2005,TUN,Agricultural & Foods,26689.778,Africa,Tunisia
2005,TUN,Art & Collectibles,1232.339,Africa,Tunisia
2005,TUN,Base Metals,1803.652,Africa,Tunisia
2005,TUN,Chemical & Pharmaceutical,2683.462,Africa,Tunisia
2005,TUN,Consumer Goods & Crafts,12037.57,Africa,Tunisia
2005,TUN,Energy & Minerals,161245.555,Africa,Tunisia
2005,TUN,Industrial Equipment & Technology,12365.894,Africa,Tunisia
2005,TUN,Textile & Apparel Manufacturing,60106.846000000005,Africa,Tunisia
2005,TZA,Agricultural & Foods,3211.516,Africa,Tanzania
2005,TZA,Art & Collectibles,227.877,Africa,Tanzania
2005,TZA,Base Metals,4302.096,Africa,Tanzania
2005,TZA,Chemical & Pharmaceutical,3345.231,Africa,Tanzania
2005,TZA,Consumer Goods & Crafts,13390.837,Africa,Tanzania
2005,TZA,Energy & Minerals,22.374,Africa,Tanzania
2005,TZA,Industrial Equipment & Technology,7083.715,Africa,Tanzania
2005,TZA,Textile & Apparel Manufacturing,7001.322999999999,Africa,Tanzania
2005,UGA,Agricultural & Foods,647.072,Africa,Uganda
2005,UGA,Art & Collectibles,83.547,Africa,Uganda
2005,UGA,Base Metals,2159.667,Africa,Uganda
2005,UGA,Chemical & Pharmaceutical,6303.757999999999,Africa,Uganda
2005,UGA,Consumer Goods & Crafts,258.014,Africa,Uganda
2005,UGA,Energy & Minerals,1068.4569999999999,Africa,Uganda
2005,UGA,Industrial Equipment & Technology,13661.357,Africa,Uganda
2005,UGA,Textile & Apparel Manufacturing,5667.284,Africa,Uganda
2005,ZAF,Agricultural & Foods,123963.261,Africa,South Africa
2005,ZAF,Art & Collectibles,7454.558,Africa,South Africa
2005,ZAF,Base Metals,1165181.229,Africa,South Africa
2005,ZAF,Chemical & Pharmaceutical,430961.167,Africa,South Africa
2005,ZAF,Consumer Goods & Crafts,2571395.396,Africa,South Africa
2005,ZAF,Energy & Minerals,784498.229,Africa,South Africa
2005,ZAF,Industrial Equipment & Technology,861278.7829999999,Africa,South Africa
2005,ZAF,Textile & Apparel Manufacturing,135686.088,Africa,South Africa
2005,ZMB,Agricultural & Foods,600.7909999999999,Africa,Zambia
2005,ZMB,Art & Collectibles,56.443000000000005,Africa,Zambia
2005,ZMB,Base Metals,42001.716,Africa,Zambia
2005,ZMB,Chemical & Pharmaceutical,146.285,Africa,Zambia
2005,ZMB,Consumer Goods & Crafts,930.236,Africa,Zambia
2005,ZMB,Energy & Minerals,451.973,Africa,Zambia
2005,ZMB,Industrial Equipment & Technology,796.499,Africa,Zambia
2005,ZMB,Textile & Apparel Manufacturing,187.715,Africa,Zambia
2005,ZWE,Agricultural & Foods,9388.462,Africa,Zimbabwe
2005,ZWE,Art & Collectibles,7400.467,Africa,Zimbabwe
2005,ZWE,Base Metals,72713.736,Africa,Zimbabwe
2005,ZWE,Chemical & Pharmaceutical,31.216,Africa,Zimbabwe
2005,ZWE,Consumer Goods & Crafts,11626.684000000001,Africa,Zimbabwe
2005,ZWE,Energy & Minerals,3060.307,Africa,Zimbabwe
2005,ZWE,Industrial Equipment & Technology,3625.66,Africa,Zimbabwe
2005,ZWE,Textile & Apparel Manufacturing,3763.0840000000003,Africa,Zimbabwe
2006,AGO,Agricultural & Foods,1.479,Africa,Angola
2006,AGO,Art & Collectibles,1072.728,Africa,Angola
2006,AGO,Base Metals,8453.829,Africa,Angola
2006,AGO,Chemical & Pharmaceutical,13907.36,Africa,Angola
2006,AGO,Consumer Goods & Crafts,35805.395,Africa,Angola
2006,AGO,Energy & Minerals,11881887.412,Africa,Angola
2006,AGO,Industrial Equipment & Technology,15978.72,Africa,Angola
2006,AGO,Textile & Apparel Manufacturing,57.826,Africa,Angola
2006,BDI,Agricultural & Foods,2.854,Africa,Burundi
2006,BDI,Base Metals,0.48,Africa,Burundi
2006,BDI,Chemical & Pharmaceutical,32.962,Africa,Burundi
2006,BDI,Consumer Goods & Crafts,1.7129999999999999,Africa,Burundi
2006,BDI,Industrial Equipment & Technology,1948.5629999999999,Africa,Burundi
2006,BDI,Textile & Apparel Manufacturing,15.213999999999999,Africa,Burundi
2006,BEN,Agricultural & Foods,367.651,Africa,Benin
2006,BEN,Art & Collectibles,57.731,Africa,Benin
2006,BEN,Base Metals,0.77,Africa,Benin
2006,BEN,Chemical & Pharmaceutical,28.676000000000002,Africa,Benin
2006,BEN,Consumer Goods & Crafts,273.057,Africa,Benin
2006,BEN,Industrial Equipment & Technology,10.545,Africa,Benin
2006,BEN,Textile & Apparel Manufacturing,34.662,Africa,Benin
2006,BFA,Agricultural & Foods,68.799,Africa,Burkina Faso
2006,BFA,Art & Collectibles,108.844,Africa,Burkina Faso
2006,BFA,Base Metals,20.001,Africa,Burkina Faso
2006,BFA,Chemical & Pharmaceutical,39.963,Africa,Burkina Faso
2006,BFA,Consumer Goods & Crafts,813.113,Africa,Burkina Faso
2006,BFA,Energy & Minerals,584.738,Africa,Burkina Faso
2006,BFA,Industrial Equipment & Technology,73.271,Africa,Burkina Faso
2006,BFA,Textile & Apparel Manufacturing,132.018,Africa,Burkina Faso
2006,BWA,Art & Collectibles,4.251,Africa,Botswana
2006,BWA,Chemical & Pharmaceutical,33.697,Africa,Botswana
2006,BWA,Consumer Goods & Crafts,221768.772,Africa,Botswana
2006,BWA,Industrial Equipment & Technology,619.876,Africa,Botswana
2006,BWA,Textile & Apparel Manufacturing,30074.407,Africa,Botswana
2006,CAF,Agricultural & Foods,252.408,Africa,Central African Republic
2006,CAF,Art & Collectibles,69.035,Africa,Central African Republic
2006,CAF,Chemical & Pharmaceutical,3.361,Africa,Central African Republic
2006,CAF,Consumer Goods & Crafts,3876.997,Africa,Central African Republic
2006,CAF,Industrial Equipment & Technology,149.05,Africa,Central African Republic
2006,CAF,Textile & Apparel Manufacturing,2.155,Africa,Central African Republic
2006,CIV,Agricultural & Foods,519367.23600000003,Africa,Côte d'Ivoire
2006,CIV,Art & Collectibles,7066.407,Africa,Côte d'Ivoire
2006,CIV,Base Metals,4477.374,Africa,Côte d'Ivoire
2006,CIV,Chemical & Pharmaceutical,10741.646999999999,Africa,Côte d'Ivoire
2006,CIV,Consumer Goods & Crafts,23721.691,Africa,Côte d'Ivoire
2006,CIV,Energy & Minerals,216448.19600000003,Africa,Côte d'Ivoire
2006,CIV,Industrial Equipment & Technology,6976.744,Africa,Côte d'Ivoire
2006,CIV,Textile & Apparel Manufacturing,510.724,Africa,Côte d'Ivoire
2006,CMR,Agricultural & Foods,17448.757,Africa,Cameroon
2006,CMR,Art & Collectibles,901.538,Africa,Cameroon
2006,CMR,Base Metals,674.547,Africa,Cameroon
2006,CMR,Chemical & Pharmaceutical,9858.665,Africa,Cameroon
2006,CMR,Consumer Goods & Crafts,26964.375,Africa,Cameroon
2006,CMR,Energy & Minerals,220544.57,Africa,Cameroon
2006,CMR,Industrial Equipment & Technology,11278.574,Africa,Cameroon
2006,CMR,Textile & Apparel Manufacturing,752.174,Africa,Cameroon
2006,COD,Agricultural & Foods,1282.098,Africa,DR Congo
2006,COD,Art & Collectibles,4149.0830000000005,Africa,DR Congo
2006,COD,Base Metals,2595.913,Africa,DR Congo
2006,COD,Chemical & Pharmaceutical,617.1320000000001,Africa,DR Congo
2006,COD,Consumer Goods & Crafts,74124.62400000001,Africa,DR Congo
2006,COD,Energy & Minerals,734.275,Africa,DR Congo
2006,COD,Industrial Equipment & Technology,1452.239,Africa,DR Congo
2006,COD,Textile & Apparel Manufacturing,26.797,Africa,DR Congo
2006,COG,Art & Collectibles,5755.526,Africa,Congo Republic
2006,COG,Base Metals,5.032,Africa,Congo Republic
2006,COG,Chemical & Pharmaceutical,133.356,Africa,Congo Republic
2006,COG,Consumer Goods & Crafts,8066.819,Africa,Congo Republic
2006,COG,Energy & Minerals,3167801.997,Africa,Congo Republic
2006,COG,Industrial Equipment & Technology,412.698,Africa,Congo Republic
2006,COM,Agricultural & Foods,3.226,Africa,Comoros
2006,COM,Chemical & Pharmaceutical,105.513,Africa,Comoros
2006,COM,Industrial Equipment & Technology,1467.104,Africa,Comoros
2006,COM,Textile & Apparel Manufacturing,21.156,Africa,Comoros
2006,CPV,Agricultural & Foods,277.46,Africa,Cabo Verde
2006,CPV,Base Metals,94.003,Africa,Cabo Verde
2006,CPV,Chemical & Pharmaceutical,25.888,Africa,Cabo Verde
2006,CPV,Consumer Goods & Crafts,103.552,Africa,Cabo Verde
2006,CPV,Industrial Equipment & Technology,458.636,Africa,Cabo Verde
2006,CPV,Textile & Apparel Manufacturing,1.088,Africa,Cabo Verde
2006,DJI,Chemical & Pharmaceutical,0.83,Africa,Djibouti
2006,DJI,Consumer Goods & Crafts,5.09,Africa,Djibouti
2006,DJI,Industrial Equipment & Technology,856.039,Africa,Djibouti
2006,DJI,Textile & Apparel Manufacturing,0.55,Africa,Djibouti
2006,DZA,Agricultural & Foods,279.73400000000004,Africa,Algeria
2006,DZA,Art & Collectibles,22.371000000000002,Africa,Algeria
2006,DZA,Base Metals,1147.2279999999998,Africa,Algeria
2006,DZA,Chemical & Pharmaceutical,19713.04,Africa,Algeria
2006,DZA,Consumer Goods & Crafts,147.18,Africa,Algeria
2006,DZA,Energy & Minerals,15625018.683,Africa,Algeria
2006,DZA,Industrial Equipment & Technology,2711.216,Africa,Algeria
2006,DZA,Textile & Apparel Manufacturing,3.175,Africa,Algeria
2006,EGY,Agricultural & Foods,38050.218,Africa,Egypt
2006,EGY,Art & Collectibles,14182.051000000001,Africa,Egypt
2006,EGY,Base Metals,413297.555,Africa,Egypt
2006,EGY,Chemical & Pharmaceutical,44522.25399999999,Africa,Egypt
2006,EGY,Consumer Goods & Crafts,51131.687,Africa,Egypt
2006,EGY,Energy & Minerals,1081261.697,Africa,Egypt
2006,EGY,Industrial Equipment & Technology,13784.574,Africa,Egypt
2006,EGY,Textile & Apparel Manufacturing,871651.167,Africa,Egypt
2006,ERI,Agricultural & Foods,167.934,Africa,Eritrea
2006,ERI,Art & Collectibles,3.842,Africa,Eritrea
2006,ERI,Base Metals,16.143,Africa,Eritrea
2006,ERI,Chemical & Pharmaceutical,3.494,Africa,Eritrea
2006,ERI,Consumer Goods & Crafts,158.03199999999998,Africa,Eritrea
2006,ERI,Industrial Equipment & Technology,154.88400000000001,Africa,Eritrea
2006,ERI,Textile & Apparel Manufacturing,57.554,Africa,Eritrea
2006,ETH,Agricultural & Foods,11854.989000000001,Africa,Ethiopia
2006,ETH,Art & Collectibles,1637.464,Africa,Ethiopia
2006,ETH,Base Metals,14.181000000000001,Africa,Ethiopia
2006,ETH,Chemical & Pharmaceutical,47.34100000000001,Africa,Ethiopia
2006,ETH,Consumer Goods & Crafts,560.205,Africa,Ethiopia
2006,ETH,Energy & Minerals,8.3,Africa,Ethiopia
2006,ETH,Industrial Equipment & Technology,41858.485,Africa,Ethiopia
2006,ETH,Textile & Apparel Manufacturing,7992.7660000000005,Africa,Ethiopia
2006,GAB,Agricultural & Foods,791.4830000000001,Africa,Gabon
2006,GAB,Art & Collectibles,3197.9960000000005,Africa,Gabon
2006,GAB,Base Metals,56.894999999999996,Africa,Gabon
2006,GAB,Chemical & Pharmaceutical,1520.84,Africa,Gabon
2006,GAB,Consumer Goods & Crafts,4889.533,Africa,Gabon
2006,GAB,Energy & Minerals,1403938.806,Africa,Gabon
2006,GAB,Industrial Equipment & Technology,2703.98,Africa,Gabon
2006,GAB,Textile & Apparel Manufacturing,5.949,Africa,Gabon
2006,GHA,Agricultural & Foods,78969.37,Africa,Ghana
2006,GHA,Art & Collectibles,95.687,Africa,Ghana
2006,GHA,Base Metals,143.939,Africa,Ghana
2006,GHA,Chemical & Pharmaceutical,1591.987,Africa,Ghana
2006,GHA,Consumer Goods & Crafts,49780.211,Africa,Ghana
2006,GHA,Energy & Minerals,53871.916000000005,Africa,Ghana
2006,GHA,Industrial Equipment & Technology,751.54,Africa,Ghana
2006,GHA,Textile & Apparel Manufacturing,12819.01,Africa,Ghana
2006,GIN,Agricultural & Foods,585.146,Africa,Guinea
2006,GIN,Art & Collectibles,374.941,Africa,Guinea
2006,GIN,Base Metals,8.223,Africa,Guinea
2006,GIN,Chemical & Pharmaceutical,216.67999999999998,Africa,Guinea
2006,GIN,Consumer Goods & Crafts,19188.569,Africa,Guinea
2006,GIN,Energy & Minerals,94093.266,Africa,Guinea
2006,GIN,Industrial Equipment & Technology,931.876,Africa,Guinea
2006,GIN,Textile & Apparel Manufacturing,20.21,Africa,Guinea
2006,GMB,Agricultural & Foods,2.501,Africa,Gambia
2006,GMB,Art & Collectibles,2.357,Africa,Gambia
2006,GMB,Base Metals,27.779,Africa,Gambia
2006,GMB,Chemical & Pharmaceutical,39.707,Africa,Gambia
2006,GMB,Consumer Goods & Crafts,136.23399999999998,Africa,Gambia
2006,GMB,Industrial Equipment & Technology,71.86699999999999,Africa,Gambia
2006,GMB,Textile & Apparel Manufacturing,23.061,Africa,Gambia
2006,GNB,Base Metals,57.899,Africa,Guinea-Bissau
2006,GNB,Consumer Goods & Crafts,132.03,Africa,Guinea-Bissau
2006,GNB,Industrial Equipment & Technology,291.53,Africa,Guinea-Bissau
2006,GNQ,Agricultural & Foods,52.228,Africa,Equatorial Guinea
2006,GNQ,Art & Collectibles,5.122,Africa,Equatorial Guinea
2006,GNQ,Chemical & Pharmaceutical,95391.916,Africa,Equatorial Guinea
2006,GNQ,Consumer Goods & Crafts,14.546,Africa,Equatorial Guinea
2006,GNQ,Energy & Minerals,1722720.475,Africa,Equatorial Guinea
2006,GNQ,Industrial Equipment & Technology,315.524,Africa,Equatorial Guinea
2006,GNQ,Textile & Apparel Manufacturing,5.938,Africa,Equatorial Guinea
2006,KEN,Agricultural & Foods,14422.957999999999,Africa,Kenya
2006,KEN,Art & Collectibles,917.1750000000001,Africa,Kenya
2006,KEN,Base Metals,10213.368,Africa,Kenya
2006,KEN,Chemical & Pharmaceutical,8920.637,Africa,Kenya
2006,KEN,Consumer Goods & Crafts,11591.222,Africa,Kenya
2006,KEN,Energy & Minerals,1438.8100000000002,Africa,Kenya
2006,KEN,Industrial Equipment & Technology,43824.432,Africa,Kenya
2006,KEN,Textile & Apparel Manufacturing,328862.843,Africa,Kenya
2006,LBR,Agricultural & Foods,128.087,Africa,Liberia
2006,LBR,Art & Collectibles,2.384,Africa,Liberia
2006,LBR,Chemical & Pharmaceutical,133411.62700000004,Africa,Liberia
2006,LBR,Energy & Minerals,10082.792,Africa,Liberia
2006,LBR,Industrial Equipment & Technology,40.414,Africa,Liberia
2006,LBR,Textile & Apparel Manufacturing,122.91900000000001,Africa,Liberia
2006,LBY,Agricultural & Foods,20.061,Africa,Libya
2006,LBY,Chemical & Pharmaceutical,24542.853,Africa,Libya
2006,LBY,Consumer Goods & Crafts,11.458,Africa,Libya
2006,LBY,Energy & Minerals,2604513.752,Africa,Libya
2006,LBY,Textile & Apparel Manufacturing,4.547,Africa,Libya
2006,LSO,Base Metals,11.867,Africa,Lesotho
2006,LSO,Chemical & Pharmaceutical,225.01500000000001,Africa,Lesotho
2006,LSO,Consumer Goods & Crafts,20066.453,Africa,Lesotho
2006,LSO,Industrial Equipment & Technology,2.66,Africa,Lesotho
2006,LSO,Textile & Apparel Manufacturing,407311.49,Africa,Lesotho
2006,MAR,Agricultural & Foods,87708.579,Africa,Morocco
2006,MAR,Art & Collectibles,5691.599,Africa,Morocco
2006,MAR,Base Metals,17510.324,Africa,Morocco
2006,MAR,Chemical & Pharmaceutical,18671.423,Africa,Morocco
2006,MAR,Consumer Goods & Crafts,18753.916,Africa,Morocco
2006,MAR,Energy & Minerals,156269.071,Africa,Morocco
2006,MAR,Industrial Equipment & Technology,139682.948,Africa,Morocco
2006,MAR,Textile & Apparel Manufacturing,116606.329,Africa,Morocco
2006,MDG,Agricultural & Foods,1862.869,Africa,Madagascar
2006,MDG,Art & Collectibles,349.813,Africa,Madagascar
2006,MDG,Base Metals,80.343,Africa,Madagascar
2006,MDG,Chemical & Pharmaceutical,1947.375,Africa,Madagascar
2006,MDG,Consumer Goods & Crafts,4287.318,Africa,Madagascar
2006,MDG,Energy & Minerals,930.29,Africa,Madagascar
2006,MDG,Industrial Equipment & Technology,31030.590000000004,Africa,Madagascar
2006,MDG,Textile & Apparel Manufacturing,229834.68600000002,Africa,Madagascar
2006,MLI,Agricultural & Foods,327.875,Africa,Mali
2006,MLI,Art & Collectibles,3333.297,Africa,Mali
2006,MLI,Base Metals,31.125000000000004,Africa,Mali
2006,MLI,Chemical & Pharmaceutical,292.512,Africa,Mali
2006,MLI,Consumer Goods & Crafts,1579.71,Africa,Mali
2006,MLI,Energy & Minerals,23.087999999999997,Africa,Mali
2006,MLI,Industrial Equipment & Technology,3992.628,Africa,Mali
2006,MLI,Textile & Apparel Manufacturing,78.53,Africa,Mali
2006,MOZ,Agricultural & Foods,13380.024,Africa,Mozambique
2006,MOZ,Art & Collectibles,26.284,Africa,Mozambique
2006,MOZ,Base Metals,1190.844,Africa,Mozambique
2006,MOZ,Chemical & Pharmaceutical,1859.1,Africa,Mozambique
2006,MOZ,Consumer Goods & Crafts,228.12900000000002,Africa,Mozambique
2006,MOZ,Industrial Equipment & Technology,229.282,Africa,Mozambique
2006,MOZ,Textile & Apparel Manufacturing,1842.0520000000001,Africa,Mozambique
2006,MRT,Agricultural & Foods,134.776,Africa,Mauritania
2006,MRT,Chemical & Pharmaceutical,33.562,Africa,Mauritania
2006,MRT,Consumer Goods & Crafts,42.101,Africa,Mauritania
2006,MRT,Energy & Minerals,53307.779,Africa,Mauritania
2006,MRT,Industrial Equipment & Technology,30.902,Africa,Mauritania
2006,MRT,Textile & Apparel Manufacturing,18.489,Africa,Mauritania
2006,MUS,Agricultural & Foods,47517.329,Africa,Mauritius
2006,MUS,Art & Collectibles,31.749,Africa,Mauritius
2006,MUS,Base Metals,44.41,Africa,Mauritius
2006,MUS,Chemical & Pharmaceutical,9428.903,Africa,Mauritius
2006,MUS,Consumer Goods & Crafts,24095.697,Africa,Mauritius
2006,MUS,Energy & Minerals,13.361,Africa,Mauritius
2006,MUS,Industrial Equipment & Technology,32691.257,Africa,Mauritius
2006,MUS,Textile & Apparel Manufacturing,136351.771,Africa,Mauritius
2006,MWI,Agricultural & Foods,70794.63,Africa,Malawi
2006,MWI,Art & Collectibles,3.158,Africa,Malawi
2006,MWI,Base Metals,1521.781,Africa,Malawi
2006,MWI,Chemical & Pharmaceutical,65.826,Africa,Malawi
2006,MWI,Consumer Goods & Crafts,202.75900000000001,Africa,Malawi
2006,MWI,Energy & Minerals,2.883,Africa,Malawi
2006,MWI,Industrial Equipment & Technology,3188.254,Africa,Malawi
2006,MWI,Textile & Apparel Manufacturing,21298.889,Africa,Malawi
2006,NAM,Agricultural & Foods,142.487,Africa,Namibia
2006,NAM,Art & Collectibles,143.78400000000002,Africa,Namibia
2006,NAM,Base Metals,37.092999999999996,Africa,Namibia
2006,NAM,Chemical & Pharmaceutical,9806.227,Africa,Namibia
2006,NAM,Consumer Goods & Crafts,15038.617999999999,Africa,Namibia
2006,NAM,Energy & Minerals,93340.625,Africa,Namibia
2006,NAM,Industrial Equipment & Technology,502.088,Africa,Namibia
2006,NAM,Textile & Apparel Manufacturing,51938.362,Africa,Namibia
2006,NER,Agricultural & Foods,920.9390000000001,Africa,Niger
2006,NER,Art & Collectibles,5279.176,Africa,Niger
2006,NER,Base Metals,35.819,Africa,Niger
2006,NER,Chemical & Pharmaceutical,125.398,Africa,Niger
2006,NER,Consumer Goods & Crafts,186.178,Africa,Niger
2006,NER,Energy & Minerals,110845.083,Africa,Niger
2006,NER,Industrial Equipment & Technology,953.569,Africa,Niger
2006,NER,Textile & Apparel Manufacturing,10035.919,Africa,Niger
2006,NGA,Agricultural & Foods,12999.17,Africa,Nigeria
2006,NGA,Art & Collectibles,3688.475,Africa,Nigeria
2006,NGA,Base Metals,2077.346,Africa,Nigeria
2006,NGA,Chemical & Pharmaceutical,11300.394,Africa,Nigeria
2006,NGA,Consumer Goods & Crafts,11561.119,Africa,Nigeria
2006,NGA,Energy & Minerals,28899887.753,Africa,Nigeria
2006,NGA,Industrial Equipment & Technology,164562.351,Africa,Nigeria
2006,NGA,Textile & Apparel Manufacturing,1971.565,Africa,Nigeria
2006,RWA,Agricultural & Foods,94.075,Africa,Rwanda
2006,RWA,Art & Collectibles,193.154,Africa,Rwanda
2006,RWA,Base Metals,18.658,Africa,Rwanda
2006,RWA,Chemical & Pharmaceutical,1.15,Africa,Rwanda
2006,RWA,Consumer Goods & Crafts,407.197,Africa,Rwanda
2006,RWA,Energy & Minerals,2629.129,Africa,Rwanda
2006,RWA,Industrial Equipment & Technology,7851.773,Africa,Rwanda
2006,RWA,Textile & Apparel Manufacturing,68.634,Africa,Rwanda
2006,SDN,Agricultural & Foods,6497.383,Africa,Sudan
2006,SDN,Industrial Equipment & Technology,2978.864,Africa,Sudan
2006,SEN,Agricultural & Foods,14474.503,Africa,Senegal
2006,SEN,Art & Collectibles,54.991,Africa,Senegal
2006,SEN,Base Metals,40.555,Africa,Senegal
2006,SEN,Chemical & Pharmaceutical,3108.123,Africa,Senegal
2006,SEN,Consumer Goods & Crafts,293.3,Africa,Senegal
2006,SEN,Energy & Minerals,752.566,Africa,Senegal
2006,SEN,Industrial Equipment & Technology,5179.447,Africa,Senegal
2006,SEN,Textile & Apparel Manufacturing,773.2909999999999,Africa,Senegal
2006,SLE,Agricultural & Foods,101.853,Africa,Sierra Leone
2006,SLE,Art & Collectibles,6.042,Africa,Sierra Leone
2006,SLE,Base Metals,152.946,Africa,Sierra Leone
2006,SLE,Chemical & Pharmaceutical,364.42999999999995,Africa,Sierra Leone
2006,SLE,Consumer Goods & Crafts,6092.16,Africa,Sierra Leone
2006,SLE,Energy & Minerals,35364.849,Africa,Sierra Leone
2006,SLE,Industrial Equipment & Technology,1069.479,Africa,Sierra Leone
2006,SLE,Textile & Apparel Manufacturing,624.989,Africa,Sierra Leone
2006,SOM,Agricultural & Foods,66.372,Africa,Somalia
2006,SOM,Chemical & Pharmaceutical,0.999,Africa,Somalia
2006,SOM,Consumer Goods & Crafts,22.497,Africa,Somalia
2006,SOM,Industrial Equipment & Technology,216.059,Africa,Somalia
2006,SOM,Textile & Apparel Manufacturing,3.206,Africa,Somalia
2006,STP,Agricultural & Foods,6.672,Africa,Sao Tome and Principe
2006,STP,Art & Collectibles,16.084,Africa,Sao Tome and Principe
2006,STP,Base Metals,13.151,Africa,Sao Tome and Principe
2006,STP,Chemical & Pharmaceutical,46.637,Africa,Sao Tome and Principe
2006,STP,Consumer Goods & Crafts,52.352999999999994,Africa,Sao Tome and Principe
2006,STP,Industrial Equipment & Technology,34.803,Africa,Sao Tome and Principe
2006,STP,Textile & Apparel Manufacturing,33.162,Africa,Sao Tome and Principe
2006,SWZ,Agricultural & Foods,16765.507,Africa,Eswatini
2006,SWZ,Base Metals,314.794,Africa,Eswatini
2006,SWZ,Chemical & Pharmaceutical,800.276,Africa,Eswatini
2006,SWZ,Consumer Goods & Crafts,2619.28,Africa,Eswatini
2006,SWZ,Industrial Equipment & Technology,1437.877,Africa,Eswatini
2006,SWZ,Textile & Apparel Manufacturing,142121.114,Africa,Eswatini
2006,SYC,Agricultural & Foods,158.944,Africa,Seychelles
2006,SYC,Base Metals,172.463,Africa,Seychelles
2006,SYC,Chemical & Pharmaceutical,236.467,Africa,Seychelles
2006,SYC,Consumer Goods & Crafts,65.498,Africa,Seychelles
2006,SYC,Industrial Equipment & Technology,8483.375999999998,Africa,Seychelles
2006,SYC,Textile & Apparel Manufacturing,115.426,Africa,Seychelles
2006,TCD,Agricultural & Foods,20961.963,Africa,Chad
2006,TCD,Base Metals,3.086,Africa,Chad
2006,TCD,Chemical & Pharmaceutical,957.11,Africa,Chad
2006,TCD,Consumer Goods & Crafts,138.082,Africa,Chad
2006,TCD,Energy & Minerals,1991953.173,Africa,Chad
2006,TCD,Industrial Equipment & Technology,68.236,Africa,Chad
2006,TCD,Textile & Apparel Manufacturing,6.703,Africa,Chad
2006,TGO,Agricultural & Foods,801.0880000000001,Africa,Togo
2006,TGO,Art & Collectibles,5.122,Africa,Togo
2006,TGO,Base Metals,10.596,Africa,Togo
2006,TGO,Chemical & Pharmaceutical,24.21,Africa,Togo
2006,TGO,Consumer Goods & Crafts,543.117,Africa,Togo
2006,TGO,Energy & Minerals,2232.756,Africa,Togo
2006,TGO,Industrial Equipment & Technology,38.733000000000004,Africa,Togo
2006,TGO,Textile & Apparel Manufacturing,62.176,Africa,Togo
2006,TUN,Agricultural & Foods,64683.803,Africa,Tunisia
2006,TUN,Art & Collectibles,1200.856,Africa,Tunisia
2006,TUN,Base Metals,1570.363,Africa,Tunisia
2006,TUN,Chemical & Pharmaceutical,8263.198999999999,Africa,Tunisia
2006,TUN,Consumer Goods & Crafts,59392.021,Africa,Tunisia
2006,TUN,Energy & Minerals,305743.385,Africa,Tunisia
2006,TUN,Industrial Equipment & Technology,18322.553,Africa,Tunisia
2006,TUN,Textile & Apparel Manufacturing,55397.195,Africa,Tunisia
2006,TZA,Agricultural & Foods,3425.529,Africa,Tanzania
2006,TZA,Art & Collectibles,393.646,Africa,Tanzania
2006,TZA,Base Metals,9286.364,Africa,Tanzania
2006,TZA,Chemical & Pharmaceutical,5000.8769999999995,Africa,Tanzania
2006,TZA,Consumer Goods & Crafts,8475.45,Africa,Tanzania
2006,TZA,Energy & Minerals,4.9110000000000005,Africa,Tanzania
2006,TZA,Industrial Equipment & Technology,8219.717999999999,Africa,Tanzania
2006,TZA,Textile & Apparel Manufacturing,5873.659,Africa,Tanzania
2006,UGA,Agricultural & Foods,49.385999999999996,Africa,Uganda
2006,UGA,Art & Collectibles,81.73500000000001,Africa,Uganda
2006,UGA,Base Metals,3782.238,Africa,Uganda
2006,UGA,Chemical & Pharmaceutical,5963.236,Africa,Uganda
2006,UGA,Consumer Goods & Crafts,255.804,Africa,Uganda
2006,UGA,Energy & Minerals,3098.453,Africa,Uganda
2006,UGA,Industrial Equipment & Technology,10566.05,Africa,Uganda
2006,UGA,Textile & Apparel Manufacturing,2030.768,Africa,Uganda
2006,ZAF,Agricultural & Foods,159223.583,Africa,South Africa
2006,ZAF,Art & Collectibles,12464.24,Africa,South Africa
2006,ZAF,Base Metals,1398379.492,Africa,South Africa
2006,ZAF,Chemical & Pharmaceutical,438428.971,Africa,South Africa
2006,ZAF,Consumer Goods & Crafts,3450903.081,Africa,South Africa
2006,ZAF,Energy & Minerals,699006.756,Africa,South Africa
2006,ZAF,Industrial Equipment & Technology,1144031.584,Africa,South Africa
2006,ZAF,Textile & Apparel Manufacturing,113623.36,Africa,South Africa
2006,ZMB,Agricultural & Foods,357.112,Africa,Zambia
2006,ZMB,Art & Collectibles,334.322,Africa,Zambia
2006,ZMB,Base Metals,26459.191,Africa,Zambia
2006,ZMB,Chemical & Pharmaceutical,263.23900000000003,Africa,Zambia
2006,ZMB,Consumer Goods & Crafts,1613.1670000000001,Africa,Zambia
2006,ZMB,Energy & Minerals,216.497,Africa,Zambia
2006,ZMB,Industrial Equipment & Technology,1416.8129999999999,Africa,Zambia
2006,ZMB,Textile & Apparel Manufacturing,93.207,Africa,Zambia
2006,ZWE,Agricultural & Foods,22587.258,Africa,Zimbabwe
2006,ZWE,Art & Collectibles,2507.723,Africa,Zimbabwe
2006,ZWE,Base Metals,63743.936,Africa,Zimbabwe
2006,ZWE,Chemical & Pharmaceutical,402.296,Africa,Zimbabwe
2006,ZWE,Consumer Goods & Crafts,12369.649,Africa,Zimbabwe
2006,ZWE,Energy & Minerals,2494.547,Africa,Zimbabwe
2006,ZWE,Industrial Equipment & Technology,144010.075,Africa,Zimbabwe
2006,ZWE,Textile & Apparel Manufacturing,3176.645,Africa,Zimbabwe
2007,AGO,Chemical & Pharmaceutical,12117.85,Africa,Angola
2007,AGO,Consumer Goods & Crafts,43524.402,Africa,Angola
2007,AGO,Energy & Minerals,12862652.658,Africa,Angola
2007,AGO,Industrial Equipment & Technology,533.593,Africa,Angola
2007,BDI,Art & Collectibles,0.353,Africa,Burundi
2007,BDI,Chemical & Pharmaceutical,32.953,Africa,Burundi
2007,BDI,Consumer Goods & Crafts,26.866,Africa,Burundi
2007,BDI,Industrial Equipment & Technology,1544.0040000000001,Africa,Burundi
2007,BEN,Agricultural & Foods,292.066,Africa,Benin
2007,BEN,Art & Collectibles,4287.49,Africa,Benin
2007,BEN,Base Metals,1.468,Africa,Benin
2007,BEN,Chemical & Pharmaceutical,57.573,Africa,Benin
2007,BEN,Consumer Goods & Crafts,621.061,Africa,Benin
2007,BEN,Industrial Equipment & Technology,8.91,Africa,Benin
2007,BEN,Textile & Apparel Manufacturing,3.12,Africa,Benin
2007,BFA,Agricultural & Foods,195.67399999999998,Africa,Burkina Faso
2007,BFA,Art & Collectibles,581.31,Africa,Burkina Faso
2007,BFA,Base Metals,17.322,Africa,Burkina Faso
2007,BFA,Chemical & Pharmaceutical,11.539,Africa,Burkina Faso
2007,BFA,Consumer Goods & Crafts,868.927,Africa,Burkina Faso
2007,BFA,Energy & Minerals,2.963,Africa,Burkina Faso
2007,BFA,Industrial Equipment & Technology,861.355,Africa,Burkina Faso
2007,BFA,Textile & Apparel Manufacturing,39.467,Africa,Burkina Faso
2007,BWA,Art & Collectibles,16.403,Africa,Botswana
2007,BWA,Chemical & Pharmaceutical,3.8040000000000003,Africa,Botswana
2007,BWA,Consumer Goods & Crafts,154585.944,Africa,Botswana
2007,BWA,Industrial Equipment & Technology,139.06,Africa,Botswana
2007,BWA,Textile & Apparel Manufacturing,32963.409,Africa,Botswana
2007,CAF,Agricultural & Foods,562.835,Africa,Central African Republic
2007,CAF,Art & Collectibles,19.295,Africa,Central African Republic
2007,CAF,Chemical & Pharmaceutical,9.085,Africa,Central African Republic
2007,CAF,Consumer Goods & Crafts,2278.356,Africa,Central African Republic
2007,CAF,Industrial Equipment & Technology,233.236,Africa,Central African Republic
2007,CAF,Textile & Apparel Manufacturing,38.97,Africa,Central African Republic
2007,CIV,Agricultural & Foods,478314.787,Africa,Côte d'Ivoire
2007,CIV,Art & Collectibles,3771.987,Africa,Côte d'Ivoire
2007,CIV,Base Metals,5857.152,Africa,Côte d'Ivoire
2007,CIV,Chemical & Pharmaceutical,12343.597,Africa,Côte d'Ivoire
2007,CIV,Consumer Goods & Crafts,29518.182,Africa,Côte d'Ivoire
2007,CIV,Energy & Minerals,118759.746,Africa,Côte d'Ivoire
2007,CIV,Industrial Equipment & Technology,6804.9259999999995,Africa,Côte d'Ivoire
2007,CIV,Textile & Apparel Manufacturing,937.206,Africa,Côte d'Ivoire
2007,CMR,Agricultural & Foods,13356.453,Africa,Cameroon
2007,CMR,Art & Collectibles,4531.808,Africa,Cameroon
2007,CMR,Base Metals,1062.0910000000001,Africa,Cameroon
2007,CMR,Chemical & Pharmaceutical,10199.386,Africa,Cameroon
2007,CMR,Consumer Goods & Crafts,43308.528999999995,Africa,Cameroon
2007,CMR,Energy & Minerals,221688.733,Africa,Cameroon
2007,CMR,Industrial Equipment & Technology,12485.838,Africa,Cameroon
2007,CMR,Textile & Apparel Manufacturing,2731.8920000000003,Africa,Cameroon
2007,COD,Agricultural & Foods,2648.0190000000002,Africa,DR Congo
2007,COD,Art & Collectibles,6142.888999999999,Africa,DR Congo
2007,COD,Base Metals,3085.1690000000003,Africa,DR Congo
2007,COD,Chemical & Pharmaceutical,514.157,Africa,DR Congo
2007,COD,Consumer Goods & Crafts,152693.604,Africa,DR Congo
2007,COD,Energy & Minerals,42485.778,Africa,DR Congo
2007,COD,Industrial Equipment & Technology,647.103,Africa,DR Congo
2007,COD,Textile & Apparel Manufacturing,54.376,Africa,DR Congo
2007,COG,Agricultural & Foods,2250.124,Africa,Congo Republic
2007,COG,Art & Collectibles,1262.524,Africa,Congo Republic
2007,COG,Base Metals,373.12399999999997,Africa,Congo Republic
2007,COG,Chemical & Pharmaceutical,256.706,Africa,Congo Republic
2007,COG,Consumer Goods & Crafts,12667.919,Africa,Congo Republic
2007,COG,Energy & Minerals,3170186.312,Africa,Congo Republic
2007,COG,Industrial Equipment & Technology,4255.383,Africa,Congo Republic
2007,COG,Textile & Apparel Manufacturing,8.878,Africa,Congo Republic
2007,COM,Agricultural & Foods,6.11,Africa,Comoros
2007,COM,Chemical & Pharmaceutical,184.912,Africa,Comoros
2007,COM,Industrial Equipment & Technology,155.175,Africa,Comoros
2007,COM,Textile & Apparel Manufacturing,212.565,Africa,Comoros
2007,CPV,Agricultural & Foods,387.07800000000003,Africa,Cabo Verde
2007,CPV,Art & Collectibles,2.243,Africa,Cabo Verde
2007,CPV,Base Metals,25.539,Africa,Cabo Verde
2007,CPV,Chemical & Pharmaceutical,112.0,Africa,Cabo Verde
2007,CPV,Consumer Goods & Crafts,71.003,Africa,Cabo Verde
2007,CPV,Industrial Equipment & Technology,1750.935,Africa,Cabo Verde
2007,CPV,Textile & Apparel Manufacturing,48.544999999999995,Africa,Cabo Verde
2007,DJI,Agricultural & Foods,162.825,Africa,Djibouti
2007,DJI,Base Metals,5.419,Africa,Djibouti
2007,DJI,Chemical & Pharmaceutical,10.774,Africa,Djibouti
2007,DJI,Consumer Goods & Crafts,14.808,Africa,Djibouti
2007,DJI,Industrial Equipment & Technology,916.5219999999999,Africa,Djibouti
2007,DJI,Textile & Apparel Manufacturing,0.85,Africa,Djibouti
2007,DZA,Agricultural & Foods,28.725,Africa,Algeria
2007,DZA,Art & Collectibles,2200.084,Africa,Algeria
2007,DZA,Base Metals,1492.3229999999999,Africa,Algeria
2007,DZA,Chemical & Pharmaceutical,37120.048,Africa,Algeria
2007,DZA,Consumer Goods & Crafts,990.3090000000001,Africa,Algeria
2007,DZA,Energy & Minerals,18271992.003,Africa,Algeria
2007,DZA,Industrial Equipment & Technology,1345.484,Africa,Algeria
2007,DZA,Textile & Apparel Manufacturing,338.025,Africa,Algeria
2007,EGY,Agricultural & Foods,41103.636999999995,Africa,Egypt
2007,EGY,Art & Collectibles,26181.433,Africa,Egypt
2007,EGY,Base Metals,29022.058,Africa,Egypt
2007,EGY,Chemical & Pharmaceutical,206251.414,Africa,Egypt
2007,EGY,Consumer Goods & Crafts,70704.558,Africa,Egypt
2007,EGY,Energy & Minerals,1188029.62,Africa,Egypt
2007,EGY,Industrial Equipment & Technology,20255.295,Africa,Egypt
2007,EGY,Textile & Apparel Manufacturing,929109.526,Africa,Egypt
2007,ERI,Agricultural & Foods,226.29,Africa,Eritrea
2007,ERI,Chemical & Pharmaceutical,29.278,Africa,Eritrea
2007,ERI,Consumer Goods & Crafts,15.023,Africa,Eritrea
2007,ERI,Industrial Equipment & Technology,6.954,Africa,Eritrea
2007,ETH,Agricultural & Foods,28411.987999999998,Africa,Ethiopia
2007,ETH,Art & Collectibles,2929.444,Africa,Ethiopia
2007,ETH,Base Metals,51.196000000000005,Africa,Ethiopia
2007,ETH,Chemical & Pharmaceutical,58.327,Africa,Ethiopia
2007,ETH,Consumer Goods & Crafts,3373.882,Africa,Ethiopia
2007,ETH,Energy & Minerals,76.065,Africa,Ethiopia
2007,ETH,Industrial Equipment & Technology,46323.049,Africa,Ethiopia
2007,ETH,Textile & Apparel Manufacturing,10198.924,Africa,Ethiopia
2007,GAB,Agricultural & Foods,676.399,Africa,Gabon
2007,GAB,Art & Collectibles,8393.571999999998,Africa,Gabon
2007,GAB,Base Metals,200.446,Africa,Gabon
2007,GAB,Chemical & Pharmaceutical,1451.05,Africa,Gabon
2007,GAB,Consumer Goods & Crafts,8040.407999999999,Africa,Gabon
2007,GAB,Energy & Minerals,2280084.5979999998,Africa,Gabon
2007,GAB,Industrial Equipment & Technology,1037.414,Africa,Gabon
2007,GAB,Textile & Apparel Manufacturing,2.14,Africa,Gabon
2007,GHA,Agricultural & Foods,58461.031,Africa,Ghana
2007,GHA,Art & Collectibles,182.57600000000002,Africa,Ghana
2007,GHA,Base Metals,249.263,Africa,Ghana
2007,GHA,Chemical & Pharmaceutical,4589.13,Africa,Ghana
2007,GHA,Consumer Goods & Crafts,70717.206,Africa,Ghana
2007,GHA,Energy & Minerals,82941.36,Africa,Ghana
2007,GHA,Industrial Equipment & Technology,2629.54,Africa,Ghana
2007,GHA,Textile & Apparel Manufacturing,10837.576,Africa,Ghana
2007,GIN,Agricultural & Foods,442.375,Africa,Guinea
2007,GIN,Art & Collectibles,188.198,Africa,Guinea
2007,GIN,Base Metals,61.364000000000004,Africa,Guinea
2007,GIN,Chemical & Pharmaceutical,967.677,Africa,Guinea
2007,GIN,Consumer Goods & Crafts,8827.917000000001,Africa,Guinea
2007,GIN,Energy & Minerals,127710.04000000001,Africa,Guinea
2007,GIN,Industrial Equipment & Technology,2575.486,Africa,Guinea
2007,GIN,Textile & Apparel Manufacturing,37.537,Africa,Guinea
2007,GMB,Agricultural & Foods,40.204,Africa,Gambia
2007,GMB,Art & Collectibles,70.885,Africa,Gambia
2007,GMB,Chemical & Pharmaceutical,26.073,Africa,Gambia
2007,GMB,Consumer Goods & Crafts,0.934,Africa,Gambia
2007,GMB,Textile & Apparel Manufacturing,23.502000000000002,Africa,Gambia
2007,GNB,Base Metals,23.395,Africa,Guinea-Bissau
2007,GNB,Industrial Equipment & Technology,18.067,Africa,Guinea-Bissau
2007,GNQ,Agricultural & Foods,32.504,Africa,Equatorial Guinea
2007,GNQ,Chemical & Pharmaceutical,223520.39,Africa,Equatorial Guinea
2007,GNQ,Consumer Goods & Crafts,5.342,Africa,Equatorial Guinea
2007,GNQ,Energy & Minerals,1624171.3760000002,Africa,Equatorial Guinea
2007,GNQ,Industrial Equipment & Technology,448.107,Africa,Equatorial Guinea
2007,KEN,Agricultural & Foods,14859.034,Africa,Kenya
2007,KEN,Art & Collectibles,466.126,Africa,Kenya
2007,KEN,Base Metals,4453.284,Africa,Kenya
2007,KEN,Chemical & Pharmaceutical,7398.918,Africa,Kenya
2007,KEN,Consumer Goods & Crafts,10361.613,Africa,Kenya
2007,KEN,Energy & Minerals,333.769,Africa,Kenya
2007,KEN,Industrial Equipment & Technology,42084.481999999996,Africa,Kenya
2007,KEN,Textile & Apparel Manufacturing,341089.345,Africa,Kenya
2007,LBR,Agricultural & Foods,326.996,Africa,Liberia
2007,LBR,Art & Collectibles,42.551,Africa,Liberia
2007,LBR,Chemical & Pharmaceutical,117468.24900000001,Africa,Liberia
2007,LBR,Consumer Goods & Crafts,133.785,Africa,Liberia
2007,LBR,Energy & Minerals,23.309,Africa,Liberia
2007,LBR,Industrial Equipment & Technology,39.248000000000005,Africa,Liberia
2007,LBR,Textile & Apparel Manufacturing,9.668,Africa,Liberia
2007,LBY,Base Metals,3.213,Africa,Libya
2007,LBY,Chemical & Pharmaceutical,92956.653,Africa,Libya
2007,LBY,Energy & Minerals,2358948.295,Africa,Libya
2007,LBY,Industrial Equipment & Technology,8.193999999999999,Africa,Libya
2007,LSO,Chemical & Pharmaceutical,237.885,Africa,Lesotho
2007,LSO,Consumer Goods & Crafts,52412.24,Africa,Lesotho
2007,LSO,Textile & Apparel Manufacturing,402336.518,Africa,Lesotho
2007,MAR,Agricultural & Foods,95048.666,Africa,Morocco
2007,MAR,Art & Collectibles,4273.197,Africa,Morocco
2007,MAR,Base Metals,33082.084,Africa,Morocco
2007,MAR,Chemical & Pharmaceutical,38290.049,Africa,Morocco
2007,MAR,Consumer Goods & Crafts,22238.182,Africa,Morocco
2007,MAR,Energy & Minerals,260665.97600000002,Africa,Morocco
2007,MAR,Industrial Equipment & Technology,144953.254,Africa,Morocco
2007,MAR,Textile & Apparel Manufacturing,107851.71,Africa,Morocco
2007,MDG,Agricultural & Foods,2584.772,Africa,Madagascar
2007,MDG,Art & Collectibles,489.845,Africa,Madagascar
2007,MDG,Base Metals,82.795,Africa,Madagascar
2007,MDG,Chemical & Pharmaceutical,3365.238,Africa,Madagascar
2007,MDG,Consumer Goods & Crafts,3829.7000000000003,Africa,Madagascar
2007,MDG,Energy & Minerals,513.185,Africa,Madagascar
2007,MDG,Industrial Equipment & Technology,35027.452,Africa,Madagascar
2007,MDG,Textile & Apparel Manufacturing,302416.846,Africa,Madagascar
2007,MLI,Agricultural & Foods,489.321,Africa,Mali
2007,MLI,Art & Collectibles,1235.6,Africa,Mali
2007,MLI,Base Metals,52.806,Africa,Mali
2007,MLI,Chemical & Pharmaceutical,165.727,Africa,Mali
2007,MLI,Consumer Goods & Crafts,1468.108,Africa,Mali
2007,MLI,Energy & Minerals,4.231999999999999,Africa,Mali
2007,MLI,Industrial Equipment & Technology,8917.744,Africa,Mali
2007,MLI,Textile & Apparel Manufacturing,547.419,Africa,Mali
2007,MOZ,Agricultural & Foods,194.175,Africa,Mozambique
2007,MOZ,Art & Collectibles,213.92,Africa,Mozambique
2007,MOZ,Base Metals,2103.04,Africa,Mozambique
2007,MOZ,Chemical & Pharmaceutical,1027.388,Africa,Mozambique
2007,MOZ,Consumer Goods & Crafts,582.129,Africa,Mozambique
2007,MOZ,Energy & Minerals,1389.515,Africa,Mozambique
2007,MOZ,Industrial Equipment & Technology,1397.279,Africa,Mozambique
2007,MOZ,Textile & Apparel Manufacturing,302.091,Africa,Mozambique
2007,MRT,Agricultural & Foods,280.805,Africa,Mauritania
2007,MRT,Art & Collectibles,2.271,Africa,Mauritania
2007,MRT,Chemical & Pharmaceutical,201.26700000000002,Africa,Mauritania
2007,MRT,Consumer Goods & Crafts,21.119999999999997,Africa,Mauritania
2007,MRT,Industrial Equipment & Technology,85.303,Africa,Mauritania
2007,MRT,Textile & Apparel Manufacturing,22.66,Africa,Mauritania
2007,MUS,Agricultural & Foods,28036.272,Africa,Mauritius
2007,MUS,Art & Collectibles,26.966,Africa,Mauritius
2007,MUS,Base Metals,57.91,Africa,Mauritius
2007,MUS,Chemical & Pharmaceutical,5865.741,Africa,Mauritius
2007,MUS,Consumer Goods & Crafts,14798.459,Africa,Mauritius
2007,MUS,Energy & Minerals,7.212999999999999,Africa,Mauritius
2007,MUS,Industrial Equipment & Technology,8062.732,Africa,Mauritius
2007,MUS,Textile & Apparel Manufacturing,125511.837,Africa,Mauritius
2007,MWI,Agricultural & Foods,47530.414000000004,Africa,Malawi
2007,MWI,Art & Collectibles,2.9050000000000002,Africa,Malawi
2007,MWI,Base Metals,930.1640000000001,Africa,Malawi
2007,MWI,Chemical & Pharmaceutical,63.299,Africa,Malawi
2007,MWI,Consumer Goods & Crafts,1640.792,Africa,Malawi
2007,MWI,Industrial Equipment & Technology,4888.765,Africa,Malawi
2007,MWI,Textile & Apparel Manufacturing,21437.266,Africa,Malawi
2007,NAM,Agricultural & Foods,52.209999999999994,Africa,Namibia
2007,NAM,Art & Collectibles,178.34900000000002,Africa,Namibia
2007,NAM,Base Metals,122.838,Africa,Namibia
2007,NAM,Chemical & Pharmaceutical,9957.994999999999,Africa,Namibia
2007,NAM,Consumer Goods & Crafts,23089.901,Africa,Namibia
2007,NAM,Energy & Minerals,158867.781,Africa,Namibia
2007,NAM,Industrial Equipment & Technology,1125.704,Africa,Namibia
2007,NAM,Textile & Apparel Manufacturing,35502.151,Africa,Namibia
2007,NER,Agricultural & Foods,357.438,Africa,Niger
2007,NER,Art & Collectibles,6604.92,Africa,Niger
2007,NER,Base Metals,161.12400000000002,Africa,Niger
2007,NER,Chemical & Pharmaceutical,320.845,Africa,Niger
2007,NER,Consumer Goods & Crafts,184.876,Africa,Niger
2007,NER,Energy & Minerals,22287.683,Africa,Niger
2007,NER,Industrial Equipment & Technology,1817.24,Africa,Niger
2007,NER,Textile & Apparel Manufacturing,4627.105,Africa,Niger
2007,NGA,Agricultural & Foods,49721.026000000005,Africa,Nigeria
2007,NGA,Art & Collectibles,2694.8179999999998,Africa,Nigeria
2007,NGA,Base Metals,51338.383,Africa,Nigeria
2007,NGA,Chemical & Pharmaceutical,35461.409,Africa,Nigeria
2007,NGA,Consumer Goods & Crafts,4893.012,Africa,Nigeria
2007,NGA,Energy & Minerals,33624382.921000004,Africa,Nigeria
2007,NGA,Industrial Equipment & Technology,16352.163,Africa,Nigeria
2007,NGA,Textile & Apparel Manufacturing,668.479,Africa,Nigeria
2007,RWA,Agricultural & Foods,1276.137,Africa,Rwanda
2007,RWA,Art & Collectibles,370.246,Africa,Rwanda
2007,RWA,Base Metals,156.21,Africa,Rwanda
2007,RWA,Chemical & Pharmaceutical,948.332,Africa,Rwanda
2007,RWA,Consumer Goods & Crafts,981.567,Africa,Rwanda
2007,RWA,Energy & Minerals,9243.773000000001,Africa,Rwanda
2007,RWA,Industrial Equipment & Technology,7077.448,Africa,Rwanda
2007,RWA,Textile & Apparel Manufacturing,49.233000000000004,Africa,Rwanda
2007,SDN,Agricultural & Foods,7992.096,Africa,Sudan
2007,SDN,Base Metals,504.839,Africa,Sudan
2007,SDN,Industrial Equipment & Technology,196.858,Africa,Sudan
2007,SEN,Agricultural & Foods,491.859,Africa,Senegal
2007,SEN,Art & Collectibles,167.39,Africa,Senegal
2007,SEN,Base Metals,47.004,Africa,Senegal
2007,SEN,Chemical & Pharmaceutical,17985.935999999998,Africa,Senegal
2007,SEN,Consumer Goods & Crafts,232.752,Africa,Senegal
2007,SEN,Energy & Minerals,4834.429999999999,Africa,Senegal
2007,SEN,Industrial Equipment & Technology,1577.031,Africa,Senegal
2007,SEN,Textile & Apparel Manufacturing,725.4749999999999,Africa,Senegal
2007,SLE,Agricultural & Foods,689.7370000000001,Africa,Sierra Leone
2007,SLE,Art & Collectibles,122.887,Africa,Sierra Leone
2007,SLE,Base Metals,319.139,Africa,Sierra Leone
2007,SLE,Chemical & Pharmaceutical,351.19599999999997,Africa,Sierra Leone
2007,SLE,Consumer Goods & Crafts,4750.212,Africa,Sierra Leone
2007,SLE,Energy & Minerals,50832.743,Africa,Sierra Leone
2007,SLE,Industrial Equipment & Technology,2523.6820000000002,Africa,Sierra Leone
2007,SLE,Textile & Apparel Manufacturing,316.417,Africa,Sierra Leone
2007,SOM,Agricultural & Foods,77.201,Africa,Somalia
2007,SOM,Art & Collectibles,6.691,Africa,Somalia
2007,SOM,Base Metals,30.918,Africa,Somalia
2007,SOM,Consumer Goods & Crafts,5.259,Africa,Somalia
2007,SOM,Industrial Equipment & Technology,49.128,Africa,Somalia
2007,SOM,Textile & Apparel Manufacturing,16.766,Africa,Somalia
2007,STP,Agricultural & Foods,47.134,Africa,Sao Tome and Principe
2007,STP,Chemical & Pharmaceutical,40.612,Africa,Sao Tome and Principe
2007,STP,Consumer Goods & Crafts,20.817,Africa,Sao Tome and Principe
2007,STP,Industrial Equipment & Technology,279.562,Africa,Sao Tome and Principe
2007,STP,Textile & Apparel Manufacturing,13.601,Africa,Sao Tome and Principe
2007,SWZ,Agricultural & Foods,9383.632,Africa,Eswatini
2007,SWZ,Art & Collectibles,9.026,Africa,Eswatini
2007,SWZ,Base Metals,102.423,Africa,Eswatini
2007,SWZ,Chemical & Pharmaceutical,612.335,Africa,Eswatini
2007,SWZ,Consumer Goods & Crafts,466.01399999999995,Africa,Eswatini
2007,SWZ,Energy & Minerals,2.25,Africa,Eswatini
2007,SWZ,Industrial Equipment & Technology,1110.604,Africa,Eswatini
2007,SWZ,Textile & Apparel Manufacturing,142100.751,Africa,Eswatini
2007,SYC,Agricultural & Foods,41.095,Africa,Seychelles
2007,SYC,Art & Collectibles,40.772,Africa,Seychelles
2007,SYC,Chemical & Pharmaceutical,1470.956,Africa,Seychelles
2007,SYC,Consumer Goods & Crafts,135.792,Africa,Seychelles
2007,SYC,Industrial Equipment & Technology,7322.014,Africa,Seychelles
2007,SYC,Textile & Apparel Manufacturing,160.745,Africa,Seychelles
2007,TCD,Agricultural & Foods,6509.136,Africa,Chad
2007,TCD,Consumer Goods & Crafts,31.807,Africa,Chad
2007,TCD,Energy & Minerals,2226768.2830000003,Africa,Chad
2007,TCD,Industrial Equipment & Technology,26.688,Africa,Chad
2007,TGO,Agricultural & Foods,4846.24,Africa,Togo
2007,TGO,Art & Collectibles,73.717,Africa,Togo
2007,TGO,Base Metals,3.838,Africa,Togo
2007,TGO,Chemical & Pharmaceutical,65.03800000000001,Africa,Togo
2007,TGO,Consumer Goods & Crafts,307.214,Africa,Togo
2007,TGO,Energy & Minerals,1491.819,Africa,Togo
2007,TGO,Industrial Equipment & Technology,65.215,Africa,Togo
2007,TGO,Textile & Apparel Manufacturing,63.348,Africa,Togo
2007,TUN,Agricultural & Foods,72471.955,Africa,Tunisia
2007,TUN,Art & Collectibles,1032.022,Africa,Tunisia
2007,TUN,Base Metals,3159.7709999999997,Africa,Tunisia
2007,TUN,Chemical & Pharmaceutical,9948.206,Africa,Tunisia
2007,TUN,Consumer Goods & Crafts,48424.481999999996,Africa,Tunisia
2007,TUN,Energy & Minerals,235681.621,Africa,Tunisia
2007,TUN,Industrial Equipment & Technology,29159.762,Africa,Tunisia
2007,TUN,Textile & Apparel Manufacturing,70777.988,Africa,Tunisia
2007,TZA,Agricultural & Foods,4351.58,Africa,Tanzania
2007,TZA,Art & Collectibles,1285.297,Africa,Tanzania
2007,TZA,Base Metals,11421.251,Africa,Tanzania
2007,TZA,Chemical & Pharmaceutical,2025.534,Africa,Tanzania
2007,TZA,Consumer Goods & Crafts,12095.714,Africa,Tanzania
2007,TZA,Energy & Minerals,599.379,Africa,Tanzania
2007,TZA,Industrial Equipment & Technology,16318.081999999999,Africa,Tanzania
2007,TZA,Textile & Apparel Manufacturing,30759.723,Africa,Tanzania
2007,UGA,Agricultural & Foods,371.921,Africa,Uganda
2007,UGA,Art & Collectibles,94.50999999999999,Africa,Uganda
2007,UGA,Base Metals,6413.668,Africa,Uganda
2007,UGA,Chemical & Pharmaceutical,2837.055,Africa,Uganda
2007,UGA,Consumer Goods & Crafts,259.903,Africa,Uganda
2007,UGA,Energy & Minerals,5276.58,Africa,Uganda
2007,UGA,Industrial Equipment & Technology,15274.076,Africa,Uganda
2007,UGA,Textile & Apparel Manufacturing,2830.491,Africa,Uganda
2007,ZAF,Agricultural & Foods,145557.4,Africa,South Africa
2007,ZAF,Art & Collectibles,14024.946999999998,Africa,South Africa
2007,ZAF,Base Metals,1332073.634,Africa,South Africa
2007,ZAF,Chemical & Pharmaceutical,489799.79,Africa,South Africa
2007,ZAF,Consumer Goods & Crafts,4257803.592,Africa,South Africa
2007,ZAF,Energy & Minerals,969063.4280000001,Africa,South Africa
2007,ZAF,Industrial Equipment & Technology,1245429.683,Africa,South Africa
2007,ZAF,Textile & Apparel Manufacturing,83994.832,Africa,South Africa
2007,ZMB,Agricultural & Foods,119.696,Africa,Zambia
2007,ZMB,Art & Collectibles,380.162,Africa,Zambia
2007,ZMB,Base Metals,68935.266,Africa,Zambia
2007,ZMB,Chemical & Pharmaceutical,174.137,Africa,Zambia
2007,ZMB,Consumer Goods & Crafts,3479.378,Africa,Zambia
2007,ZMB,Energy & Minerals,163.96200000000002,Africa,Zambia
2007,ZMB,Industrial Equipment & Technology,2521.687,Africa,Zambia
2007,ZMB,Textile & Apparel Manufacturing,70.464,Africa,Zambia
2007,ZWE,Agricultural & Foods,11381.882,Africa,Zimbabwe
2007,ZWE,Art & Collectibles,1725.899,Africa,Zimbabwe
2007,ZWE,Base Metals,51717.113,Africa,Zimbabwe
2007,ZWE,Chemical & Pharmaceutical,129.49800000000002,Africa,Zimbabwe
2007,ZWE,Consumer Goods & Crafts,12093.664,Africa,Zimbabwe
2007,ZWE,Energy & Minerals,1855.507,Africa,Zimbabwe
2007,ZWE,Industrial Equipment & Technology,44190.924,Africa,Zimbabwe
2007,ZWE,Textile & Apparel Manufacturing,3261.311,Africa,Zimbabwe
2008,AGO,Agricultural & Foods,9.806,Africa,Angola
2008,AGO,Art & Collectibles,246.198,Africa,Angola
2008,AGO,Base Metals,13472.366,Africa,Angola
2008,AGO,Chemical & Pharmaceutical,325.33,Africa,Angola
2008,AGO,Consumer Goods & Crafts,34376.755,Africa,Angola
2008,AGO,Energy & Minerals,18941815.156,Africa,Angola
2008,AGO,Industrial Equipment & Technology,26405.113999999998,Africa,Angola
2008,AGO,Textile & Apparel Manufacturing,51.943,Africa,Angola
2008,BDI,Base Metals,4.232,Africa,Burundi
2008,BDI,Chemical & Pharmaceutical,42.081,Africa,Burundi
2008,BDI,Consumer Goods & Crafts,17.965,Africa,Burundi
2008,BDI,Industrial Equipment & Technology,2938.7129999999997,Africa,Burundi
2008,BEN,Agricultural & Foods,149.278,Africa,Benin
2008,BEN,Art & Collectibles,3.95,Africa,Benin
2008,BEN,Base Metals,3.356,Africa,Benin
2008,BEN,Chemical & Pharmaceutical,42.439,Africa,Benin
2008,BEN,Consumer Goods & Crafts,205.90099999999998,Africa,Benin
2008,BEN,Energy & Minerals,15826.296,Africa,Benin
2008,BEN,Industrial Equipment & Technology,42.506,Africa,Benin
2008,BEN,Textile & Apparel Manufacturing,347.63599999999997,Africa,Benin
2008,BFA,Agricultural & Foods,279.098,Africa,Burkina Faso
2008,BFA,Art & Collectibles,224.699,Africa,Burkina Faso
2008,BFA,Base Metals,32.114,Africa,Burkina Faso
2008,BFA,Chemical & Pharmaceutical,45.126,Africa,Burkina Faso
2008,BFA,Consumer Goods & Crafts,11306.445999999998,Africa,Burkina Faso
2008,BFA,Energy & Minerals,375.924,Africa,Burkina Faso
2008,BFA,Industrial Equipment & Technology,113.34,Africa,Burkina Faso
2008,BFA,Textile & Apparel Manufacturing,123.27199999999999,Africa,Burkina Faso
2008,BWA,Art & Collectibles,5.122,Africa,Botswana
2008,BWA,Base Metals,2.675,Africa,Botswana
2008,BWA,Chemical & Pharmaceutical,26.121,Africa,Botswana
2008,BWA,Consumer Goods & Crafts,201640.83000000002,Africa,Botswana
2008,BWA,Industrial Equipment & Technology,33.735,Africa,Botswana
2008,BWA,Textile & Apparel Manufacturing,16848.464,Africa,Botswana
2008,CAF,Agricultural & Foods,1255.915,Africa,Central African Republic
2008,CAF,Art & Collectibles,58.09,Africa,Central African Republic
2008,CAF,Chemical & Pharmaceutical,106.265,Africa,Central African Republic
2008,CAF,Consumer Goods & Crafts,6867.64,Africa,Central African Republic
2008,CAF,Energy & Minerals,2.623,Africa,Central African Republic
2008,CAF,Industrial Equipment & Technology,695.8299999999999,Africa,Central African Republic
2008,CIV,Agricultural & Foods,687756.993,Africa,Côte d'Ivoire
2008,CIV,Art & Collectibles,3308.456,Africa,Côte d'Ivoire
2008,CIV,Base Metals,4465.118,Africa,Côte d'Ivoire
2008,CIV,Chemical & Pharmaceutical,31866.860999999997,Africa,Côte d'Ivoire
2008,CIV,Consumer Goods & Crafts,33341.826,Africa,Côte d'Ivoire
2008,CIV,Energy & Minerals,382859.278,Africa,Côte d'Ivoire
2008,CIV,Industrial Equipment & Technology,3530.763,Africa,Côte d'Ivoire
2008,CIV,Textile & Apparel Manufacturing,600.7139999999999,Africa,Côte d'Ivoire
2008,CMR,Agricultural & Foods,16677.704,Africa,Cameroon
2008,CMR,Art & Collectibles,356.82000000000005,Africa,Cameroon
2008,CMR,Base Metals,321.94,Africa,Cameroon
2008,CMR,Chemical & Pharmaceutical,17248.095999999998,Africa,Cameroon
2008,CMR,Consumer Goods & Crafts,34357.45,Africa,Cameroon
2008,CMR,Energy & Minerals,566438.7949999999,Africa,Cameroon
2008,CMR,Industrial Equipment & Technology,11266.385,Africa,Cameroon
2008,CMR,Textile & Apparel Manufacturing,1111.042,Africa,Cameroon
2008,COD,Agricultural & Foods,1072.925,Africa,DR Congo
2008,COD,Art & Collectibles,2955.4210000000003,Africa,DR Congo
2008,COD,Base Metals,47.567,Africa,DR Congo
2008,COD,Chemical & Pharmaceutical,308.538,Africa,DR Congo
2008,COD,Consumer Goods & Crafts,149271.166,Africa,DR Congo
2008,COD,Energy & Minerals,115502.94699999999,Africa,DR Congo
2008,COD,Industrial Equipment & Technology,761.168,Africa,DR Congo
2008,COD,Textile & Apparel Manufacturing,59.486999999999995,Africa,DR Congo
2008,COG,Agricultural & Foods,3361.481,Africa,Congo Republic
2008,COG,Art & Collectibles,5337.474,Africa,Congo Republic
2008,COG,Base Metals,2383.263,Africa,Congo Republic
2008,COG,Chemical & Pharmaceutical,253.22500000000002,Africa,Congo Republic
2008,COG,Consumer Goods & Crafts,18782.726000000002,Africa,Congo Republic
2008,COG,Energy & Minerals,5129849.580999999,Africa,Congo Republic
2008,COG,Industrial Equipment & Technology,3026.7470000000003,Africa,Congo Republic
2008,COG,Textile & Apparel Manufacturing,58.143,Africa,Congo Republic
2008,COM,Chemical & Pharmaceutical,94.021,Africa,Comoros
2008,COM,Industrial Equipment & Technology,863.9379999999999,Africa,Comoros
2008,CPV,Agricultural & Foods,145.143,Africa,Cabo Verde
2008,CPV,Base Metals,58.858999999999995,Africa,Cabo Verde
2008,CPV,Chemical & Pharmaceutical,42.171,Africa,Cabo Verde
2008,CPV,Consumer Goods & Crafts,65.809,Africa,Cabo Verde
2008,CPV,Industrial Equipment & Technology,112.07300000000001,Africa,Cabo Verde
2008,CPV,Textile & Apparel Manufacturing,28.819000000000003,Africa,Cabo Verde
2008,DJI,Agricultural & Foods,26.995,Africa,Djibouti
2008,DJI,Chemical & Pharmaceutical,0.919,Africa,Djibouti
2008,DJI,Consumer Goods & Crafts,262.846,Africa,Djibouti
2008,DJI,Industrial Equipment & Technology,1110.9640000000002,Africa,Djibouti
2008,DJI,Textile & Apparel Manufacturing,1.194,Africa,Djibouti
2008,DZA,Agricultural & Foods,161.847,Africa,Algeria
2008,DZA,Art & Collectibles,25.662,Africa,Algeria
2008,DZA,Base Metals,2864.777,Africa,Algeria
2008,DZA,Chemical & Pharmaceutical,48241.893,Africa,Algeria
2008,DZA,Consumer Goods & Crafts,1268.596,Africa,Algeria
2008,DZA,Energy & Minerals,19608422.191,Africa,Algeria
2008,DZA,Industrial Equipment & Technology,1468.24,Africa,Algeria
2008,DZA,Textile & Apparel Manufacturing,524.61,Africa,Algeria
2008,EGY,Agricultural & Foods,40387.473,Africa,Egypt
2008,EGY,Art & Collectibles,19238.227,Africa,Egypt
2008,EGY,Base Metals,39147.489,Africa,Egypt
2008,EGY,Chemical & Pharmaceutical,254014.39599999998,Africa,Egypt
2008,EGY,Consumer Goods & Crafts,63381.941999999995,Africa,Egypt
2008,EGY,Energy & Minerals,999086.291,Africa,Egypt
2008,EGY,Industrial Equipment & Technology,17813.493,Africa,Egypt
2008,EGY,Textile & Apparel Manufacturing,1146975.996,Africa,Egypt
2008,ERI,Agricultural & Foods,17.552,Africa,Eritrea
2008,ERI,Chemical & Pharmaceutical,88.172,Africa,Eritrea
2008,ERI,Industrial Equipment & Technology,6.474,Africa,Eritrea
2008,ETH,Agricultural & Foods,46603.445999999996,Africa,Ethiopia
2008,ETH,Art & Collectibles,252.643,Africa,Ethiopia
2008,ETH,Base Metals,251.784,Africa,Ethiopia
2008,ETH,Chemical & Pharmaceutical,95.997,Africa,Ethiopia
2008,ETH,Consumer Goods & Crafts,3144.761,Africa,Ethiopia
2008,ETH,Energy & Minerals,6.95,Africa,Ethiopia
2008,ETH,Industrial Equipment & Technology,80083.548,Africa,Ethiopia
2008,ETH,Textile & Apparel Manufacturing,17666.603,Africa,Ethiopia
2008,GAB,Agricultural & Foods,233.48,Africa,Gabon
2008,GAB,Art & Collectibles,991.566,Africa,Gabon
2008,GAB,Base Metals,158.193,Africa,Gabon
2008,GAB,Chemical & Pharmaceutical,2986.045,Africa,Gabon
2008,GAB,Consumer Goods & Crafts,4806.749,Africa,Gabon
2008,GAB,Energy & Minerals,2359096.0110000004,Africa,Gabon
2008,GAB,Industrial Equipment & Technology,4254.56,Africa,Gabon
2008,GAB,Textile & Apparel Manufacturing,76.595,Africa,Gabon
2008,GHA,Agricultural & Foods,22072.687,Africa,Ghana
2008,GHA,Art & Collectibles,214.07,Africa,Ghana
2008,GHA,Base Metals,835.95,Africa,Ghana
2008,GHA,Chemical & Pharmaceutical,16019.778,Africa,Ghana
2008,GHA,Consumer Goods & Crafts,61289.452000000005,Africa,Ghana
2008,GHA,Energy & Minerals,138925.3,Africa,Ghana
2008,GHA,Industrial Equipment & Technology,18898.256,Africa,Ghana
2008,GHA,Textile & Apparel Manufacturing,1457.356,Africa,Ghana
2008,GIN,Agricultural & Foods,570.0350000000001,Africa,Guinea
2008,GIN,Art & Collectibles,82.815,Africa,Guinea
2008,GIN,Base Metals,85.139,Africa,Guinea
2008,GIN,Chemical & Pharmaceutical,1268.757,Africa,Guinea
2008,GIN,Consumer Goods & Crafts,24094.32,Africa,Guinea
2008,GIN,Energy & Minerals,125703.864,Africa,Guinea
2008,GIN,Industrial Equipment & Technology,1399.015,Africa,Guinea
2008,GIN,Textile & Apparel Manufacturing,36.86,Africa,Guinea
2008,GMB,Art & Collectibles,8.801,Africa,Gambia
2008,GMB,Chemical & Pharmaceutical,93.115,Africa,Gambia
2008,GMB,Consumer Goods & Crafts,5.779,Africa,Gambia
2008,GMB,Industrial Equipment & Technology,254.361,Africa,Gambia
2008,GMB,Textile & Apparel Manufacturing,103.041,Africa,Gambia
2008,GNB,Art & Collectibles,8.065,Africa,Guinea-Bissau
2008,GNB,Consumer Goods & Crafts,147.115,Africa,Guinea-Bissau
2008,GNB,Industrial Equipment & Technology,6.225,Africa,Guinea-Bissau
2008,GNB,Textile & Apparel Manufacturing,6.498,Africa,Guinea-Bissau
2008,GNQ,Agricultural & Foods,30.527,Africa,Equatorial Guinea
2008,GNQ,Chemical & Pharmaceutical,203463.242,Africa,Equatorial Guinea
2008,GNQ,Energy & Minerals,3274499.351,Africa,Equatorial Guinea
2008,GNQ,Industrial Equipment & Technology,9.1,Africa,Equatorial Guinea
2008,GNQ,Textile & Apparel Manufacturing,0.397,Africa,Equatorial Guinea
2008,KEN,Agricultural & Foods,11040.841,Africa,Kenya
2008,KEN,Art & Collectibles,598.1089999999999,Africa,Kenya
2008,KEN,Base Metals,6281.63,Africa,Kenya
2008,KEN,Chemical & Pharmaceutical,5850.467,Africa,Kenya
2008,KEN,Consumer Goods & Crafts,10462.283,Africa,Kenya
2008,KEN,Energy & Minerals,546.3290000000001,Africa,Kenya
2008,KEN,Industrial Equipment & Technology,57705.69,Africa,Kenya
2008,KEN,Textile & Apparel Manufacturing,319998.976,Africa,Kenya
2008,LBR,Agricultural & Foods,315.707,Africa,Liberia
2008,LBR,Art & Collectibles,77.289,Africa,Liberia
2008,LBR,Base Metals,3.85,Africa,Liberia
2008,LBR,Chemical & Pharmaceutical,145054.547,Africa,Liberia
2008,LBR,Consumer Goods & Crafts,1685.011,Africa,Liberia
2008,LBR,Industrial Equipment & Technology,72.711,Africa,Liberia
2008,LBR,Textile & Apparel Manufacturing,2.847,Africa,Liberia
2008,LBY,Agricultural & Foods,15.973,Africa,Libya
2008,LBY,Chemical & Pharmaceutical,77801.557,Africa,Libya
2008,LBY,Energy & Minerals,2799140.178,Africa,Libya
2008,LBY,Industrial Equipment & Technology,12.238,Africa,Libya
2008,LBY,Textile & Apparel Manufacturing,0.97,Africa,Libya
2008,LSO,Chemical & Pharmaceutical,180.931,Africa,Lesotho
2008,LSO,Consumer Goods & Crafts,30596.489,Africa,Lesotho
2008,LSO,Textile & Apparel Manufacturing,358820.836,Africa,Lesotho
2008,MAR,Agricultural & Foods,110283.568,Africa,Morocco
2008,MAR,Art & Collectibles,1463.387,Africa,Morocco
2008,MAR,Base Metals,46200.383,Africa,Morocco
2008,MAR,Chemical & Pharmaceutical,80774.98799999998,Africa,Morocco
2008,MAR,Consumer Goods & Crafts,18276.435,Africa,Morocco
2008,MAR,Energy & Minerals,458205.29699999996,Africa,Morocco
2008,MAR,Industrial Equipment & Technology,163078.662,Africa,Morocco
2008,MAR,Textile & Apparel Manufacturing,104618.257,Africa,Morocco
2008,MDG,Agricultural & Foods,2625.645,Africa,Madagascar
2008,MDG,Art & Collectibles,437.453,Africa,Madagascar
2008,MDG,Base Metals,165.833,Africa,Madagascar
2008,MDG,Chemical & Pharmaceutical,2423.364,Africa,Madagascar
2008,MDG,Consumer Goods & Crafts,5395.887,Africa,Madagascar
2008,MDG,Energy & Minerals,870.777,Africa,Madagascar
2008,MDG,Industrial Equipment & Technology,91833.63799999999,Africa,Madagascar
2008,MDG,Textile & Apparel Manufacturing,291817.235,Africa,Madagascar
2008,MLI,Agricultural & Foods,502.825,Africa,Mali
2008,MLI,Art & Collectibles,452.46399999999994,Africa,Mali
2008,MLI,Base Metals,35.511,Africa,Mali
2008,MLI,Chemical & Pharmaceutical,148.813,Africa,Mali
2008,MLI,Consumer Goods & Crafts,1873.762,Africa,Mali
2008,MLI,Energy & Minerals,3.973,Africa,Mali
2008,MLI,Industrial Equipment & Technology,17020.809,Africa,Mali
2008,MLI,Textile & Apparel Manufacturing,158.818,Africa,Mali
2008,MOZ,Agricultural & Foods,123.601,Africa,Mozambique
2008,MOZ,Art & Collectibles,23.573,Africa,Mozambique
2008,MOZ,Base Metals,2121.953,Africa,Mozambique
2008,MOZ,Chemical & Pharmaceutical,50.852000000000004,Africa,Mozambique
2008,MOZ,Consumer Goods & Crafts,1114.028,Africa,Mozambique
2008,MOZ,Energy & Minerals,14535.702,Africa,Mozambique
2008,MOZ,Industrial Equipment & Technology,2242.661,Africa,Mozambique
2008,MOZ,Textile & Apparel Manufacturing,58.43300000000001,Africa,Mozambique
2008,MRT,Agricultural & Foods,211.34199999999998,Africa,Mauritania
2008,MRT,Chemical & Pharmaceutical,155.399,Africa,Mauritania
2008,MRT,Consumer Goods & Crafts,2.523,Africa,Mauritania
2008,MRT,Energy & Minerals,46530.983,Africa,Mauritania
2008,MRT,Industrial Equipment & Technology,1172.616,Africa,Mauritania
2008,MRT,Textile & Apparel Manufacturing,12.632,Africa,Mauritania
2008,MUS,Agricultural & Foods,26612.815000000002,Africa,Mauritius
2008,MUS,Art & Collectibles,6.675000000000001,Africa,Mauritius
2008,MUS,Base Metals,206.583,Africa,Mauritius
2008,MUS,Chemical & Pharmaceutical,4734.898,Africa,Mauritius
2008,MUS,Consumer Goods & Crafts,23350.553,Africa,Mauritius
2008,MUS,Energy & Minerals,1.842,Africa,Mauritius
2008,MUS,Industrial Equipment & Technology,10451.142,Africa,Mauritius
2008,MUS,Textile & Apparel Manufacturing,109177.801,Africa,Mauritius
2008,MWI,Agricultural & Foods,66095.994,Africa,Malawi
2008,MWI,Art & Collectibles,30.89,Africa,Malawi
2008,MWI,Base Metals,3005.398,Africa,Malawi
2008,MWI,Chemical & Pharmaceutical,101.902,Africa,Malawi
2008,MWI,Consumer Goods & Crafts,4164.161,Africa,Malawi
2008,MWI,Energy & Minerals,1.963,Africa,Malawi
2008,MWI,Industrial Equipment & Technology,4305.097,Africa,Malawi
2008,MWI,Textile & Apparel Manufacturing,13803.425,Africa,Malawi
2008,NAM,Agricultural & Foods,45085.78,Africa,Namibia
2008,NAM,Art & Collectibles,159.78199999999998,Africa,Namibia
2008,NAM,Base Metals,40.454,Africa,Namibia
2008,NAM,Chemical & Pharmaceutical,6323.983,Africa,Namibia
2008,NAM,Consumer Goods & Crafts,50188.780999999995,Africa,Namibia
2008,NAM,Energy & Minerals,243319.78,Africa,Namibia
2008,NAM,Industrial Equipment & Technology,1075.36,Africa,Namibia
2008,NAM,Textile & Apparel Manufacturing,167.274,Africa,Namibia
2008,NER,Agricultural & Foods,225.031,Africa,Niger
2008,NER,Art & Collectibles,30.927,Africa,Niger
2008,NER,Base Metals,29.267,Africa,Niger
2008,NER,Chemical & Pharmaceutical,254.342,Africa,Niger
2008,NER,Consumer Goods & Crafts,151.493,Africa,Niger
2008,NER,Energy & Minerals,141219.55,Africa,Niger
2008,NER,Industrial Equipment & Technology,1468.921,Africa,Niger
2008,NER,Textile & Apparel Manufacturing,4036.4249999999997,Africa,Niger
2008,NGA,Agricultural & Foods,52315.542,Africa,Nigeria
2008,NGA,Art & Collectibles,2253.3160000000003,Africa,Nigeria
2008,NGA,Base Metals,10933.57,Africa,Nigeria
2008,NGA,Chemical & Pharmaceutical,214543.959,Africa,Nigeria
2008,NGA,Consumer Goods & Crafts,6457.764999999999,Africa,Nigeria
2008,NGA,Energy & Minerals,38977245.02,Africa,Nigeria
2008,NGA,Industrial Equipment & Technology,261482.08299999998,Africa,Nigeria
2008,NGA,Textile & Apparel Manufacturing,603.354,Africa,Nigeria
2008,RWA,Agricultural & Foods,958.635,Africa,Rwanda
2008,RWA,Art & Collectibles,354.65500000000003,Africa,Rwanda
2008,RWA,Base Metals,3.686,Africa,Rwanda
2008,RWA,Chemical & Pharmaceutical,48.034,Africa,Rwanda
2008,RWA,Consumer Goods & Crafts,1297.142,Africa,Rwanda
2008,RWA,Energy & Minerals,4127.46,Africa,Rwanda
2008,RWA,Industrial Equipment & Technology,10967.187,Africa,Rwanda
2008,RWA,Textile & Apparel Manufacturing,112.282,Africa,Rwanda
2008,SDN,Agricultural & Foods,5307.8550000000005,Africa,Sudan
2008,SDN,Consumer Goods & Crafts,8.051,Africa,Sudan
2008,SDN,Energy & Minerals,94.264,Africa,Sudan
2008,SDN,Industrial Equipment & Technology,120.721,Africa,Sudan
2008,SEN,Agricultural & Foods,556.261,Africa,Senegal
2008,SEN,Art & Collectibles,484.379,Africa,Senegal
2008,SEN,Base Metals,201.31799999999998,Africa,Senegal
2008,SEN,Chemical & Pharmaceutical,2741.4049999999997,Africa,Senegal
2008,SEN,Consumer Goods & Crafts,368.966,Africa,Senegal
2008,SEN,Energy & Minerals,10141.737000000001,Africa,Senegal
2008,SEN,Industrial Equipment & Technology,2205.396,Africa,Senegal
2008,SEN,Textile & Apparel Manufacturing,1264.99,Africa,Senegal
2008,SLE,Agricultural & Foods,261.176,Africa,Sierra Leone
2008,SLE,Art & Collectibles,82.53999999999999,Africa,Sierra Leone
2008,SLE,Base Metals,248.433,Africa,Sierra Leone
2008,SLE,Chemical & Pharmaceutical,280.91,Africa,Sierra Leone
2008,SLE,Consumer Goods & Crafts,11048.233,Africa,Sierra Leone
2008,SLE,Energy & Minerals,43591.375,Africa,Sierra Leone
2008,SLE,Industrial Equipment & Technology,1722.826,Africa,Sierra Leone
2008,SLE,Textile & Apparel Manufacturing,406.916,Africa,Sierra Leone
2008,SOM,Agricultural & Foods,72.967,Africa,Somalia
2008,SOM,Base Metals,74.904,Africa,Somalia
2008,SOM,Chemical & Pharmaceutical,7.819999999999999,Africa,Somalia
2008,SOM,Industrial Equipment & Technology,6.8,Africa,Somalia
2008,SOM,Textile & Apparel Manufacturing,14.237,Africa,Somalia
2008,STP,Agricultural & Foods,33.855,Africa,Sao Tome and Principe
2008,STP,Consumer Goods & Crafts,27.662,Africa,Sao Tome and Principe
2008,STP,Industrial Equipment & Technology,59.105,Africa,Sao Tome and Principe
2008,STP,Textile & Apparel Manufacturing,5.627,Africa,Sao Tome and Principe
2008,SWZ,Agricultural & Foods,2512.983,Africa,Eswatini
2008,SWZ,Art & Collectibles,4.224,Africa,Eswatini
2008,SWZ,Base Metals,407.152,Africa,Eswatini
2008,SWZ,Chemical & Pharmaceutical,505.03999999999996,Africa,Eswatini
2008,SWZ,Consumer Goods & Crafts,2343.727,Africa,Eswatini
2008,SWZ,Industrial Equipment & Technology,4315.4800000000005,Africa,Eswatini
2008,SWZ,Textile & Apparel Manufacturing,166319.2,Africa,Eswatini
2008,SYC,Agricultural & Foods,0.28,Africa,Seychelles
2008,SYC,Art & Collectibles,2.708,Africa,Seychelles
2008,SYC,Base Metals,21.345,Africa,Seychelles
2008,SYC,Chemical & Pharmaceutical,408.859,Africa,Seychelles
2008,SYC,Consumer Goods & Crafts,135.044,Africa,Seychelles
2008,SYC,Energy & Minerals,1.433,Africa,Seychelles
2008,SYC,Industrial Equipment & Technology,8464.921,Africa,Seychelles
2008,SYC,Textile & Apparel Manufacturing,37.939,Africa,Seychelles
2008,TCD,Agricultural & Foods,10496.35,Africa,Chad
2008,TCD,Art & Collectibles,887.052,Africa,Chad
2008,TCD,Energy & Minerals,3445976.733,Africa,Chad
2008,TCD,Industrial Equipment & Technology,37.830999999999996,Africa,Chad
2008,TGO,Agricultural & Foods,9753.056999999999,Africa,Togo
2008,TGO,Base Metals,2.688,Africa,Togo
2008,TGO,Chemical & Pharmaceutical,58.753,Africa,Togo
2008,TGO,Consumer Goods & Crafts,265.735,Africa,Togo
2008,TGO,Industrial Equipment & Technology,1797.754,Africa,Togo
2008,TGO,Textile & Apparel Manufacturing,23.05,Africa,Togo
2008,TUN,Agricultural & Foods,115736.92800000001,Africa,Tunisia
2008,TUN,Art & Collectibles,605.6129999999999,Africa,Tunisia
2008,TUN,Base Metals,5502.0289999999995,Africa,Tunisia
2008,TUN,Chemical & Pharmaceutical,14701.877,Africa,Tunisia
2008,TUN,Consumer Goods & Crafts,53589.057,Africa,Tunisia
2008,TUN,Energy & Minerals,347181.53,Africa,Tunisia
2008,TUN,Industrial Equipment & Technology,57748.385,Africa,Tunisia
2008,TUN,Textile & Apparel Manufacturing,81408.959,Africa,Tunisia
2008,TZA,Agricultural & Foods,7674.207,Africa,Tanzania
2008,TZA,Art & Collectibles,137.848,Africa,Tanzania
2008,TZA,Base Metals,10799.372999999998,Africa,Tanzania
2008,TZA,Chemical & Pharmaceutical,2954.333,Africa,Tanzania
2008,TZA,Consumer Goods & Crafts,19461.532,Africa,Tanzania
2008,TZA,Energy & Minerals,203.878,Africa,Tanzania
2008,TZA,Industrial Equipment & Technology,28657.384000000002,Africa,Tanzania
2008,TZA,Textile & Apparel Manufacturing,4188.228,Africa,Tanzania
2008,UGA,Agricultural & Foods,1002.644,Africa,Uganda
2008,UGA,Art & Collectibles,212.26599999999996,Africa,Uganda
2008,UGA,Base Metals,2194.7,Africa,Uganda
2008,UGA,Chemical & Pharmaceutical,2587.933,Africa,Uganda
2008,UGA,Consumer Goods & Crafts,2764.445,Africa,Uganda
2008,UGA,Energy & Minerals,3199.096,Africa,Uganda
2008,UGA,Industrial Equipment & Technology,15141.635,Africa,Uganda
2008,UGA,Textile & Apparel Manufacturing,974.628,Africa,Uganda
2008,ZAF,Agricultural & Foods,138793.49599999998,Africa,South Africa
2008,ZAF,Art & Collectibles,20831.1,Africa,South Africa
2008,ZAF,Base Metals,1615063.248,Africa,South Africa
2008,ZAF,Chemical & Pharmaceutical,582113.74,Africa,South Africa
2008,ZAF,Consumer Goods & Crafts,3731182.67,Africa,South Africa
2008,ZAF,Energy & Minerals,859735.766,Africa,South Africa
2008,ZAF,Industrial Equipment & Technology,2561056.8340000003,Africa,South Africa
2008,ZAF,Textile & Apparel Manufacturing,71777.736,Africa,South Africa
2008,ZMB,Agricultural & Foods,389.958,Africa,Zambia
2008,ZMB,Art & Collectibles,44.772000000000006,Africa,Zambia
2008,ZMB,Base Metals,67975.625,Africa,Zambia
2008,ZMB,Chemical & Pharmaceutical,164.194,Africa,Zambia
2008,ZMB,Consumer Goods & Crafts,4326.096,Africa,Zambia
2008,ZMB,Energy & Minerals,3.771,Africa,Zambia
2008,ZMB,Industrial Equipment & Technology,2676.0550000000003,Africa,Zambia
2008,ZMB,Textile & Apparel Manufacturing,79.922,Africa,Zambia
2008,ZWE,Agricultural & Foods,1322.8,Africa,Zimbabwe
2008,ZWE,Art & Collectibles,2969.6499999999996,Africa,Zimbabwe
2008,ZWE,Base Metals,105078.9,Africa,Zimbabwe
2008,ZWE,Chemical & Pharmaceutical,26.480999999999998,Africa,Zimbabwe
2008,ZWE,Consumer Goods & Crafts,5589.283,Africa,Zimbabwe
2008,ZWE,Energy & Minerals,1612.829,Africa,Zimbabwe
2008,ZWE,Industrial Equipment & Technology,1477.9360000000001,Africa,Zimbabwe
2008,ZWE,Textile & Apparel Manufacturing,422.771,Africa,Zimbabwe
2009,AGO,Art & Collectibles,22.733,Africa,Angola
2009,AGO,Consumer Goods & Crafts,73081.358,Africa,Angola
2009,AGO,Energy & Minerals,9640149.969,Africa,Angola
2009,AGO,Industrial Equipment & Technology,222.91899999999998,Africa,Angola
2009,AGO,Textile & Apparel Manufacturing,1.425,Africa,Angola
2009,BDI,Chemical & Pharmaceutical,40.160000000000004,Africa,Burundi
2009,BDI,Consumer Goods & Crafts,9.969,Africa,Burundi
2009,BDI,Industrial Equipment & Technology,5449.2029999999995,Africa,Burundi
2009,BDI,Textile & Apparel Manufacturing,3.642,Africa,Burundi
2009,BEN,Agricultural & Foods,58.61,Africa,Benin
2009,BEN,Art & Collectibles,39.681,Africa,Benin
2009,BEN,Base Metals,202.59,Africa,Benin
2009,BEN,Chemical & Pharmaceutical,68.599,Africa,Benin
2009,BEN,Consumer Goods & Crafts,70.894,Africa,Benin
2009,BEN,Energy & Minerals,61.044,Africa,Benin
2009,BEN,Industrial Equipment & Technology,2.544,Africa,Benin
2009,BEN,Textile & Apparel Manufacturing,11.235,Africa,Benin
2009,BFA,Agricultural & Foods,4429.315,Africa,Burkina Faso
2009,BFA,Art & Collectibles,185.058,Africa,Burkina Faso
2009,BFA,Base Metals,247.137,Africa,Burkina Faso
2009,BFA,Chemical & Pharmaceutical,167.498,Africa,Burkina Faso
2009,BFA,Consumer Goods & Crafts,17690.382999999998,Africa,Burkina Faso
2009,BFA,Energy & Minerals,3801.022,Africa,Burkina Faso
2009,BFA,Industrial Equipment & Technology,596.364,Africa,Burkina Faso
2009,BFA,Textile & Apparel Manufacturing,14921.78,Africa,Burkina Faso
2009,BWA,Agricultural & Foods,0.017,Africa,Botswana
2009,BWA,Art & Collectibles,91.205,Africa,Botswana
2009,BWA,Base Metals,5.796,Africa,Botswana
2009,BWA,Chemical & Pharmaceutical,88.065,Africa,Botswana
2009,BWA,Consumer Goods & Crafts,107374.171,Africa,Botswana
2009,BWA,Energy & Minerals,11.279,Africa,Botswana
2009,BWA,Industrial Equipment & Technology,1148.912,Africa,Botswana
2009,BWA,Textile & Apparel Manufacturing,21793.817,Africa,Botswana
2009,CAF,Agricultural & Foods,243.551,Africa,Central African Republic
2009,CAF,Art & Collectibles,14.478,Africa,Central African Republic
2009,CAF,Chemical & Pharmaceutical,72.955,Africa,Central African Republic
2009,CAF,Consumer Goods & Crafts,2958.944,Africa,Central African Republic
2009,CAF,Industrial Equipment & Technology,791.7559999999999,Africa,Central African Republic
2009,CAF,Textile & Apparel Manufacturing,1.396,Africa,Central African Republic
2009,CIV,Agricultural & Foods,733917.514,Africa,Côte d'Ivoire
2009,CIV,Art & Collectibles,217.935,Africa,Côte d'Ivoire
2009,CIV,Base Metals,3255.0249999999996,Africa,Côte d'Ivoire
2009,CIV,Chemical & Pharmaceutical,30909.876999999997,Africa,Côte d'Ivoire
2009,CIV,Consumer Goods & Crafts,11453.253,Africa,Côte d'Ivoire
2009,CIV,Energy & Minerals,65287.33800000001,Africa,Côte d'Ivoire
2009,CIV,Industrial Equipment & Technology,3010.793,Africa,Côte d'Ivoire
2009,CIV,Textile & Apparel Manufacturing,611.997,Africa,Côte d'Ivoire
2009,CMR,Agricultural & Foods,13869.583999999999,Africa,Cameroon
2009,CMR,Art & Collectibles,212.338,Africa,Cameroon
2009,CMR,Base Metals,1295.447,Africa,Cameroon
2009,CMR,Chemical & Pharmaceutical,10577.633,Africa,Cameroon
2009,CMR,Consumer Goods & Crafts,19182.942,Africa,Cameroon
2009,CMR,Energy & Minerals,218198.20200000002,Africa,Cameroon
2009,CMR,Industrial Equipment & Technology,7190.61,Africa,Cameroon
2009,CMR,Textile & Apparel Manufacturing,1631.578,Africa,Cameroon
2009,COD,Agricultural & Foods,1455.6870000000001,Africa,DR Congo
2009,COD,Art & Collectibles,3376.127,Africa,DR Congo
2009,COD,Base Metals,22.313000000000002,Africa,DR Congo
2009,COD,Chemical & Pharmaceutical,415.51599999999996,Africa,DR Congo
2009,COD,Consumer Goods & Crafts,8843.875,Africa,DR Congo
2009,COD,Energy & Minerals,324085.47599999997,Africa,DR Congo
2009,COD,Industrial Equipment & Technology,198.12900000000002,Africa,DR Congo
2009,COD,Textile & Apparel Manufacturing,22.475,Africa,DR Congo
2009,COG,Agricultural & Foods,4371.414000000001,Africa,Congo Republic
2009,COG,Art & Collectibles,1179.8129999999999,Africa,Congo Republic
2009,COG,Base Metals,3672.467,Africa,Congo Republic
2009,COG,Chemical & Pharmaceutical,38.378,Africa,Congo Republic
2009,COG,Consumer Goods & Crafts,9374.366,Africa,Congo Republic
2009,COG,Energy & Minerals,3165212.296,Africa,Congo Republic
2009,COG,Industrial Equipment & Technology,64411.011,Africa,Congo Republic
2009,COG,Textile & Apparel Manufacturing,1.407,Africa,Congo Republic
2009,COM,Art & Collectibles,3.528,Africa,Comoros
2009,COM,Chemical & Pharmaceutical,63.259,Africa,Comoros
2009,COM,Consumer Goods & Crafts,1.386,Africa,Comoros
2009,COM,Industrial Equipment & Technology,1064.267,Africa,Comoros
2009,CPV,Agricultural & Foods,126.151,Africa,Cabo Verde
2009,CPV,Base Metals,21.857,Africa,Cabo Verde
2009,CPV,Chemical & Pharmaceutical,3.113,Africa,Cabo Verde
2009,CPV,Consumer Goods & Crafts,85.533,Africa,Cabo Verde
2009,CPV,Energy & Minerals,0.134,Africa,Cabo Verde
2009,CPV,Industrial Equipment & Technology,903.928,Africa,Cabo Verde
2009,CPV,Textile & Apparel Manufacturing,14.979000000000001,Africa,Cabo Verde
2009,DJI,Agricultural & Foods,148.161,Africa,Djibouti
2009,DJI,Base Metals,2.458,Africa,Djibouti
2009,DJI,Consumer Goods & Crafts,490.99300000000005,Africa,Djibouti
2009,DJI,Industrial Equipment & Technology,2118.503,Africa,Djibouti
2009,DZA,Agricultural & Foods,1501.438,Africa,Algeria
2009,DZA,Art & Collectibles,8.391,Africa,Algeria
2009,DZA,Base Metals,1735.5620000000001,Africa,Algeria
2009,DZA,Chemical & Pharmaceutical,4918.356,Africa,Algeria
2009,DZA,Consumer Goods & Crafts,137.674,Africa,Algeria
2009,DZA,Energy & Minerals,10852660.583,Africa,Algeria
2009,DZA,Industrial Equipment & Technology,1012.807,Africa,Algeria
2009,EGY,Agricultural & Foods,73622.725,Africa,Egypt
2009,EGY,Art & Collectibles,15077.762,Africa,Egypt
2009,EGY,Base Metals,25545.68,Africa,Egypt
2009,EGY,Chemical & Pharmaceutical,68810.65699999999,Africa,Egypt
2009,EGY,Consumer Goods & Crafts,58388.39,Africa,Egypt
2009,EGY,Energy & Minerals,954739.2359999999,Africa,Egypt
2009,EGY,Industrial Equipment & Technology,12212.8,Africa,Egypt
2009,EGY,Textile & Apparel Manufacturing,1067294.677,Africa,Egypt
2009,ERI,Agricultural & Foods,10.281,Africa,Eritrea
2009,ERI,Base Metals,80.2,Africa,Eritrea
2009,ERI,Chemical & Pharmaceutical,27.698,Africa,Eritrea
2009,ERI,Industrial Equipment & Technology,380.54499999999996,Africa,Eritrea
2009,ERI,Textile & Apparel Manufacturing,23.524,Africa,Eritrea
2009,ETH,Agricultural & Foods,47354.797,Africa,Ethiopia
2009,ETH,Art & Collectibles,2277.538,Africa,Ethiopia
2009,ETH,Base Metals,198.639,Africa,Ethiopia
2009,ETH,Chemical & Pharmaceutical,108.892,Africa,Ethiopia
2009,ETH,Consumer Goods & Crafts,1990.387,Africa,Ethiopia
2009,ETH,Energy & Minerals,43.468999999999994,Africa,Ethiopia
2009,ETH,Industrial Equipment & Technology,40527.574,Africa,Ethiopia
2009,ETH,Textile & Apparel Manufacturing,11758.102,Africa,Ethiopia
2009,GAB,Agricultural & Foods,1155.147,Africa,Gabon
2009,GAB,Art & Collectibles,2992.079,Africa,Gabon
2009,GAB,Base Metals,1365.754,Africa,Gabon
2009,GAB,Chemical & Pharmaceutical,1359.777,Africa,Gabon
2009,GAB,Consumer Goods & Crafts,2977.101,Africa,Gabon
2009,GAB,Energy & Minerals,1368301.088,Africa,Gabon
2009,GAB,Industrial Equipment & Technology,1695.412,Africa,Gabon
2009,GAB,Textile & Apparel Manufacturing,13.287,Africa,Gabon
2009,GHA,Agricultural & Foods,95656.33499999999,Africa,Ghana
2009,GHA,Art & Collectibles,198.575,Africa,Ghana
2009,GHA,Base Metals,840.201,Africa,Ghana
2009,GHA,Chemical & Pharmaceutical,6735.735,Africa,Ghana
2009,GHA,Consumer Goods & Crafts,32383.313,Africa,Ghana
2009,GHA,Energy & Minerals,8734.669,Africa,Ghana
2009,GHA,Industrial Equipment & Technology,13086.756000000001,Africa,Ghana
2009,GHA,Textile & Apparel Manufacturing,682.272,Africa,Ghana
2009,GIN,Agricultural & Foods,452.233,Africa,Guinea
2009,GIN,Art & Collectibles,44.334,Africa,Guinea
2009,GIN,Base Metals,313.18399999999997,Africa,Guinea
2009,GIN,Chemical & Pharmaceutical,100.212,Africa,Guinea
2009,GIN,Consumer Goods & Crafts,1912.68,Africa,Guinea
2009,GIN,Energy & Minerals,89323.928,Africa,Guinea
2009,GIN,Industrial Equipment & Technology,832.2429999999999,Africa,Guinea
2009,GIN,Textile & Apparel Manufacturing,31.828000000000003,Africa,Guinea
2009,GMB,Art & Collectibles,12.382,Africa,Gambia
2009,GMB,Chemical & Pharmaceutical,619.835,Africa,Gambia
2009,GMB,Industrial Equipment & Technology,705.915,Africa,Gambia
2009,GMB,Textile & Apparel Manufacturing,22.852,Africa,Gambia
2009,GNB,Consumer Goods & Crafts,34.372,Africa,Guinea-Bissau
2009,GNB,Industrial Equipment & Technology,9.483,Africa,Guinea-Bissau
2009,GNQ,Agricultural & Foods,29.913,Africa,Equatorial Guinea
2009,GNQ,Chemical & Pharmaceutical,79593.31500000002,Africa,Equatorial Guinea
2009,GNQ,Consumer Goods & Crafts,85.201,Africa,Equatorial Guinea
2009,GNQ,Energy & Minerals,2494715.1390000004,Africa,Equatorial Guinea
2009,GNQ,Industrial Equipment & Technology,110.102,Africa,Equatorial Guinea
2009,KEN,Agricultural & Foods,14051.428,Africa,Kenya
2009,KEN,Art & Collectibles,560.926,Africa,Kenya
2009,KEN,Base Metals,4825.63,Africa,Kenya
2009,KEN,Chemical & Pharmaceutical,4862.342,Africa,Kenya
2009,KEN,Consumer Goods & Crafts,6320.369,Africa,Kenya
2009,KEN,Energy & Minerals,363.666,Africa,Kenya
2009,KEN,Industrial Equipment & Technology,47433.757000000005,Africa,Kenya
2009,KEN,Textile & Apparel Manufacturing,238322.704,Africa,Kenya
2009,LBR,Agricultural & Foods,420.159,Africa,Liberia
2009,LBR,Art & Collectibles,120.092,Africa,Liberia
2009,LBR,Base Metals,3.275,Africa,Liberia
2009,LBR,Chemical & Pharmaceutical,78789.175,Africa,Liberia
2009,LBR,Consumer Goods & Crafts,1657.135,Africa,Liberia
2009,LBR,Energy & Minerals,2055.697,Africa,Liberia
2009,LBR,Industrial Equipment & Technology,876.096,Africa,Liberia
2009,LBR,Textile & Apparel Manufacturing,3.27,Africa,Liberia
2009,LBY,Chemical & Pharmaceutical,11508.416,Africa,Libya
2009,LBY,Consumer Goods & Crafts,3.377,Africa,Libya
2009,LBY,Energy & Minerals,620788.608,Africa,Libya
2009,LBY,Industrial Equipment & Technology,203.189,Africa,Libya
2009,LBY,Textile & Apparel Manufacturing,3.264,Africa,Libya
2009,LSO,Chemical & Pharmaceutical,177.204,Africa,Lesotho
2009,LSO,Consumer Goods & Crafts,22246.874,Africa,Lesotho
2009,LSO,Textile & Apparel Manufacturing,290090.556,Africa,Lesotho
2009,MAR,Agricultural & Foods,90197.679,Africa,Morocco
2009,MAR,Art & Collectibles,928.1590000000001,Africa,Morocco
2009,MAR,Base Metals,38900.802,Africa,Morocco
2009,MAR,Chemical & Pharmaceutical,19692.927,Africa,Morocco
2009,MAR,Consumer Goods & Crafts,15195.577,Africa,Morocco
2009,MAR,Energy & Minerals,290545.56299999997,Africa,Morocco
2009,MAR,Industrial Equipment & Technology,155385.739,Africa,Morocco
2009,MAR,Textile & Apparel Manufacturing,65843.681,Africa,Morocco
2009,MDG,Agricultural & Foods,3623.093,Africa,Madagascar
2009,MDG,Art & Collectibles,534.681,Africa,Madagascar
2009,MDG,Base Metals,110.94500000000001,Africa,Madagascar
2009,MDG,Chemical & Pharmaceutical,2557.714,Africa,Madagascar
2009,MDG,Consumer Goods & Crafts,3462.093,Africa,Madagascar
2009,MDG,Energy & Minerals,999.737,Africa,Madagascar
2009,MDG,Industrial Equipment & Technology,28573.698999999997,Africa,Madagascar
2009,MDG,Textile & Apparel Manufacturing,222882.10199999998,Africa,Madagascar
2009,MLI,Agricultural & Foods,219.77300000000002,Africa,Mali
2009,MLI,Art & Collectibles,1430.117,Africa,Mali
2009,MLI,Base Metals,2.75,Africa,Mali
2009,MLI,Chemical & Pharmaceutical,320.073,Africa,Mali
2009,MLI,Consumer Goods & Crafts,530.01,Africa,Mali
2009,MLI,Industrial Equipment & Technology,536.624,Africa,Mali
2009,MLI,Textile & Apparel Manufacturing,175.245,Africa,Mali
2009,MOZ,Agricultural & Foods,991.029,Africa,Mozambique
2009,MOZ,Art & Collectibles,34.387,Africa,Mozambique
2009,MOZ,Base Metals,22892.194,Africa,Mozambique
2009,MOZ,Chemical & Pharmaceutical,532.514,Africa,Mozambique
2009,MOZ,Consumer Goods & Crafts,5570.78,Africa,Mozambique
2009,MOZ,Energy & Minerals,14662.427,Africa,Mozambique
2009,MOZ,Industrial Equipment & Technology,19782.337,Africa,Mozambique
2009,MOZ,Textile & Apparel Manufacturing,144.59900000000002,Africa,Mozambique
2009,MRT,Art & Collectibles,11.023,Africa,Mauritania
2009,MRT,Chemical & Pharmaceutical,233.591,Africa,Mauritania
2009,MRT,Consumer Goods & Crafts,35.623999999999995,Africa,Mauritania
2009,MRT,Energy & Minerals,36049.222,Africa,Mauritania
2009,MRT,Industrial Equipment & Technology,31.4,Africa,Mauritania
2009,MRT,Textile & Apparel Manufacturing,3.6790000000000003,Africa,Mauritania
2009,MUS,Agricultural & Foods,30390.247000000003,Africa,Mauritius
2009,MUS,Art & Collectibles,54.272999999999996,Africa,Mauritius
2009,MUS,Base Metals,238.677,Africa,Mauritius
2009,MUS,Chemical & Pharmaceutical,1137.151,Africa,Mauritius
2009,MUS,Consumer Goods & Crafts,23983.862,Africa,Mauritius
2009,MUS,Energy & Minerals,0.153,Africa,Mauritius
2009,MUS,Industrial Equipment & Technology,8347.991,Africa,Mauritius
2009,MUS,Textile & Apparel Manufacturing,106226.342,Africa,Mauritius
2009,MWI,Agricultural & Foods,52562.791000000005,Africa,Malawi
2009,MWI,Art & Collectibles,11.096,Africa,Malawi
2009,MWI,Base Metals,2275.543,Africa,Malawi
2009,MWI,Chemical & Pharmaceutical,104.47500000000001,Africa,Malawi
2009,MWI,Consumer Goods & Crafts,978.331,Africa,Malawi
2009,MWI,Industrial Equipment & Technology,6258.1089999999995,Africa,Malawi
2009,MWI,Textile & Apparel Manufacturing,9629.6,Africa,Malawi
2009,NAM,Agricultural & Foods,23206.902,Africa,Namibia
2009,NAM,Art & Collectibles,216.10999999999999,Africa,Namibia
2009,NAM,Base Metals,52.382,Africa,Namibia
2009,NAM,Chemical & Pharmaceutical,1512.604,Africa,Namibia
2009,NAM,Consumer Goods & Crafts,72079.554,Africa,Namibia
2009,NAM,Energy & Minerals,270319.784,Africa,Namibia
2009,NAM,Industrial Equipment & Technology,2471.4320000000002,Africa,Namibia
2009,NAM,Textile & Apparel Manufacturing,567.152,Africa,Namibia
2009,NER,Agricultural & Foods,202.239,Africa,Niger
2009,NER,Art & Collectibles,397.247,Africa,Niger
2009,NER,Base Metals,3.052,Africa,Niger
2009,NER,Chemical & Pharmaceutical,102.514,Africa,Niger
2009,NER,Consumer Goods & Crafts,134.62,Africa,Niger
2009,NER,Energy & Minerals,147364.99800000002,Africa,Niger
2009,NER,Industrial Equipment & Technology,1154.231,Africa,Niger
2009,NER,Textile & Apparel Manufacturing,2291.562,Africa,Niger
2009,NGA,Agricultural & Foods,59708.989,Africa,Nigeria
2009,NGA,Art & Collectibles,5715.714,Africa,Nigeria
2009,NGA,Base Metals,17651.199,Africa,Nigeria
2009,NGA,Chemical & Pharmaceutical,15510.678999999998,Africa,Nigeria
2009,NGA,Consumer Goods & Crafts,3224.075,Africa,Nigeria
2009,NGA,Energy & Minerals,19616861.472000003,Africa,Nigeria
2009,NGA,Industrial Equipment & Technology,63852.53200000001,Africa,Nigeria
2009,NGA,Textile & Apparel Manufacturing,14915.258,Africa,Nigeria
2009,RWA,Agricultural & Foods,151.57500000000002,Africa,Rwanda
2009,RWA,Art & Collectibles,523.936,Africa,Rwanda
2009,RWA,Base Metals,30.499000000000002,Africa,Rwanda
2009,RWA,Consumer Goods & Crafts,1153.412,Africa,Rwanda
2009,RWA,Energy & Minerals,3526.576,Africa,Rwanda
2009,RWA,Industrial Equipment & Technology,15054.318,Africa,Rwanda
2009,RWA,Textile & Apparel Manufacturing,556.937,Africa,Rwanda
2009,SDN,Agricultural & Foods,10229.804999999998,Africa,Sudan
2009,SDN,Art & Collectibles,365.357,Africa,Sudan
2009,SDN,Consumer Goods & Crafts,168.355,Africa,Sudan
2009,SDN,Industrial Equipment & Technology,104.94900000000001,Africa,Sudan
2009,SEN,Agricultural & Foods,1176.251,Africa,Senegal
2009,SEN,Art & Collectibles,64.223,Africa,Senegal
2009,SEN,Base Metals,121.652,Africa,Senegal
2009,SEN,Chemical & Pharmaceutical,1405.211,Africa,Senegal
2009,SEN,Consumer Goods & Crafts,664.326,Africa,Senegal
2009,SEN,Energy & Minerals,1636.197,Africa,Senegal
2009,SEN,Industrial Equipment & Technology,1143.444,Africa,Senegal
2009,SEN,Textile & Apparel Manufacturing,1311.843,Africa,Senegal
2009,SLE,Agricultural & Foods,673.709,Africa,Sierra Leone
2009,SLE,Art & Collectibles,35.459,Africa,Sierra Leone
2009,SLE,Base Metals,128.707,Africa,Sierra Leone
2009,SLE,Chemical & Pharmaceutical,223.658,Africa,Sierra Leone
2009,SLE,Consumer Goods & Crafts,6038.416,Africa,Sierra Leone
2009,SLE,Energy & Minerals,19898.876,Africa,Sierra Leone
2009,SLE,Industrial Equipment & Technology,1140.618,Africa,Sierra Leone
2009,SLE,Textile & Apparel Manufacturing,309.706,Africa,Sierra Leone
2009,SOM,Agricultural & Foods,81.995,Africa,Somalia
2009,SOM,Art & Collectibles,39.03,Africa,Somalia
2009,SOM,Base Metals,22.754,Africa,Somalia
2009,SOM,Chemical & Pharmaceutical,0.987,Africa,Somalia
2009,SOM,Industrial Equipment & Technology,48.259,Africa,Somalia
2009,SOM,Textile & Apparel Manufacturing,2.834,Africa,Somalia
2009,STP,Agricultural & Foods,108.225,Africa,Sao Tome and Principe
2009,STP,Consumer Goods & Crafts,17.991,Africa,Sao Tome and Principe
2009,STP,Industrial Equipment & Technology,58.22,Africa,Sao Tome and Principe
2009,SWZ,Agricultural & Foods,10821.194,Africa,Eswatini
2009,SWZ,Art & Collectibles,59.915,Africa,Eswatini
2009,SWZ,Base Metals,149.078,Africa,Eswatini
2009,SWZ,Chemical & Pharmaceutical,666.818,Africa,Eswatini
2009,SWZ,Consumer Goods & Crafts,1496.326,Africa,Eswatini
2009,SWZ,Industrial Equipment & Technology,5948.637,Africa,Eswatini
2009,SWZ,Textile & Apparel Manufacturing,141490.111,Africa,Eswatini
2009,SYC,Agricultural & Foods,6.553,Africa,Seychelles
2009,SYC,Base Metals,124.507,Africa,Seychelles
2009,SYC,Chemical & Pharmaceutical,1149.903,Africa,Seychelles
2009,SYC,Consumer Goods & Crafts,311.36,Africa,Seychelles
2009,SYC,Industrial Equipment & Technology,5487.7660000000005,Africa,Seychelles
2009,SYC,Textile & Apparel Manufacturing,25.985,Africa,Seychelles
2009,TCD,Agricultural & Foods,9523.127,Africa,Chad
2009,TCD,Art & Collectibles,3500.373,Africa,Chad
2009,TCD,Chemical & Pharmaceutical,0.451,Africa,Chad
2009,TCD,Consumer Goods & Crafts,36.160999999999994,Africa,Chad
2009,TCD,Energy & Minerals,2038914.34,Africa,Chad
2009,TCD,Industrial Equipment & Technology,8.906,Africa,Chad
2009,TGO,Agricultural & Foods,6049.058,Africa,Togo
2009,TGO,Base Metals,2.97,Africa,Togo
2009,TGO,Chemical & Pharmaceutical,62.887,Africa,Togo
2009,TGO,Consumer Goods & Crafts,197.417,Africa,Togo
2009,TGO,Energy & Minerals,62.847,Africa,Togo
2009,TGO,Industrial Equipment & Technology,403.26599999999996,Africa,Togo
2009,TGO,Textile & Apparel Manufacturing,361.377,Africa,Togo
2009,TUN,Agricultural & Foods,109083.334,Africa,Tunisia
2009,TUN,Art & Collectibles,975.004,Africa,Tunisia
2009,TUN,Base Metals,5540.063999999999,Africa,Tunisia
2009,TUN,Chemical & Pharmaceutical,5043.78,Africa,Tunisia
2009,TUN,Consumer Goods & Crafts,50948.877,Africa,Tunisia
2009,TUN,Energy & Minerals,38369.014,Africa,Tunisia
2009,TUN,Industrial Equipment & Technology,50637.056,Africa,Tunisia
2009,TUN,Textile & Apparel Manufacturing,57382.047,Africa,Tunisia
2009,TZA,Agricultural & Foods,10692.913999999999,Africa,Tanzania
2009,TZA,Art & Collectibles,185.447,Africa,Tanzania
2009,TZA,Base Metals,6304.0470000000005,Africa,Tanzania
2009,TZA,Chemical & Pharmaceutical,1872.051,Africa,Tanzania
2009,TZA,Consumer Goods & Crafts,11679.747000000001,Africa,Tanzania
2009,TZA,Energy & Minerals,227.96099999999998,Africa,Tanzania
2009,TZA,Industrial Equipment & Technology,33994.433,Africa,Tanzania
2009,TZA,Textile & Apparel Manufacturing,5910.409,Africa,Tanzania
2009,UGA,Agricultural & Foods,6839.055,Africa,Uganda
2009,UGA,Art & Collectibles,2122.041,Africa,Uganda
2009,UGA,Base Metals,2454.83,Africa,Uganda
2009,UGA,Chemical & Pharmaceutical,2874.6730000000002,Africa,Uganda
2009,UGA,Consumer Goods & Crafts,711.312,Africa,Uganda
2009,UGA,Energy & Minerals,4172.229,Africa,Uganda
2009,UGA,Industrial Equipment & Technology,22669.83,Africa,Uganda
2009,UGA,Textile & Apparel Manufacturing,1436.297,Africa,Uganda
2009,ZAF,Agricultural & Foods,150281.968,Africa,South Africa
2009,ZAF,Art & Collectibles,17112.264,Africa,South Africa
2009,ZAF,Base Metals,702720.503,Africa,South Africa
2009,ZAF,Chemical & Pharmaceutical,406873.866,Africa,South Africa
2009,ZAF,Consumer Goods & Crafts,1891989.947,Africa,South Africa
2009,ZAF,Energy & Minerals,676680.731,Africa,South Africa
2009,ZAF,Industrial Equipment & Technology,1954543.6879999998,Africa,South Africa
2009,ZAF,Textile & Apparel Manufacturing,46391.031,Africa,South Africa
2009,ZMB,Agricultural & Foods,225.19400000000002,Africa,Zambia
2009,ZMB,Art & Collectibles,65.87100000000001,Africa,Zambia
2009,ZMB,Base Metals,5872.08,Africa,Zambia
2009,ZMB,Chemical & Pharmaceutical,101.176,Africa,Zambia
2009,ZMB,Consumer Goods & Crafts,1953.5130000000001,Africa,Zambia
2009,ZMB,Energy & Minerals,280.30100000000004,Africa,Zambia
2009,ZMB,Industrial Equipment & Technology,3695.5950000000003,Africa,Zambia
2009,ZMB,Textile & Apparel Manufacturing,27.793,Africa,Zambia
2009,ZWE,Agricultural & Foods,8764.168,Africa,Zimbabwe
2009,ZWE,Art & Collectibles,6615.298000000001,Africa,Zimbabwe
2009,ZWE,Base Metals,8191.65,Africa,Zimbabwe
2009,ZWE,Chemical & Pharmaceutical,7.239000000000001,Africa,Zimbabwe
2009,ZWE,Consumer Goods & Crafts,3012.35,Africa,Zimbabwe
2009,ZWE,Energy & Minerals,2770.7780000000002,Africa,Zimbabwe
2009,ZWE,Industrial Equipment & Technology,1039.847,Africa,Zimbabwe
2009,ZWE,Textile & Apparel Manufacturing,523.663,Africa,Zimbabwe
2010,AGO,Art & Collectibles,34.909,Africa,Angola
2010,AGO,Consumer Goods & Crafts,124822.057,Africa,Angola
2010,AGO,Energy & Minerals,12188313.341,Africa,Angola
2010,AGO,Industrial Equipment & Technology,229.002,Africa,Angola
2010,BDI,Base Metals,0.5,Africa,Burundi
2010,BDI,Chemical & Pharmaceutical,28.028,Africa,Burundi
2010,BDI,Consumer Goods & Crafts,15.469000000000001,Africa,Burundi
2010,BDI,Industrial Equipment & Technology,3415.853,Africa,Burundi
2010,BDI,Textile & Apparel Manufacturing,8.142,Africa,Burundi
2010,BEN,Agricultural & Foods,181.142,Africa,Benin
2010,BEN,Art & Collectibles,64.167,Africa,Benin
2010,BEN,Base Metals,6.836,Africa,Benin
2010,BEN,Chemical & Pharmaceutical,29.608,Africa,Benin
2010,BEN,Consumer Goods & Crafts,35.775,Africa,Benin
2010,BEN,Industrial Equipment & Technology,27.341,Africa,Benin
2010,BEN,Textile & Apparel Manufacturing,14.988,Africa,Benin
2010,BFA,Agricultural & Foods,187.63299999999998,Africa,Burkina Faso
2010,BFA,Art & Collectibles,48.547,Africa,Burkina Faso
2010,BFA,Base Metals,125.658,Africa,Burkina Faso
2010,BFA,Chemical & Pharmaceutical,17.684,Africa,Burkina Faso
2010,BFA,Consumer Goods & Crafts,1797.076,Africa,Burkina Faso
2010,BFA,Energy & Minerals,0.539,Africa,Burkina Faso
2010,BFA,Industrial Equipment & Technology,1613.5510000000002,Africa,Burkina Faso
2010,BFA,Textile & Apparel Manufacturing,52.144,Africa,Burkina Faso
2010,BWA,Chemical & Pharmaceutical,43.137,Africa,Botswana
2010,BWA,Consumer Goods & Crafts,155254.87800000003,Africa,Botswana
2010,BWA,Industrial Equipment & Technology,148.024,Africa,Botswana
2010,BWA,Textile & Apparel Manufacturing,12209.523000000001,Africa,Botswana
2010,CAF,Agricultural & Foods,749.625,Africa,Central African Republic
2010,CAF,Art & Collectibles,7.55,Africa,Central African Republic
2010,CAF,Base Metals,9.238,Africa,Central African Republic
2010,CAF,Chemical & Pharmaceutical,53.001,Africa,Central African Republic
2010,CAF,Consumer Goods & Crafts,4708.049,Africa,Central African Republic
2010,CAF,Industrial Equipment & Technology,212.011,Africa,Central African Republic
2010,CAF,Textile & Apparel Manufacturing,1.522,Africa,Central African Republic
2010,CIV,Agricultural & Foods,846016.814,Africa,Côte d'Ivoire
2010,CIV,Art & Collectibles,2001.394,Africa,Côte d'Ivoire
2010,CIV,Base Metals,12209.521999999999,Africa,Côte d'Ivoire
2010,CIV,Chemical & Pharmaceutical,82432.64,Africa,Côte d'Ivoire
2010,CIV,Consumer Goods & Crafts,12809.566,Africa,Côte d'Ivoire
2010,CIV,Energy & Minerals,297443.404,Africa,Côte d'Ivoire
2010,CIV,Industrial Equipment & Technology,6461.119,Africa,Côte d'Ivoire
2010,CIV,Textile & Apparel Manufacturing,551.3439999999999,Africa,Côte d'Ivoire
2010,CMR,Agricultural & Foods,43114.649000000005,Africa,Cameroon
2010,CMR,Art & Collectibles,1014.583,Africa,Cameroon
2010,CMR,Base Metals,469.608,Africa,Cameroon
2010,CMR,Chemical & Pharmaceutical,26175.832,Africa,Cameroon
2010,CMR,Consumer Goods & Crafts,15849.275000000001,Africa,Cameroon
2010,CMR,Energy & Minerals,228255.384,Africa,Cameroon
2010,CMR,Industrial Equipment & Technology,9803.486,Africa,Cameroon
2010,CMR,Textile & Apparel Manufacturing,936.7379999999999,Africa,Cameroon
2010,COD,Agricultural & Foods,2045.852,Africa,DR Congo
2010,COD,Art & Collectibles,6077.616,Africa,DR Congo
2010,COD,Base Metals,2285.27,Africa,DR Congo
2010,COD,Chemical & Pharmaceutical,655.368,Africa,DR Congo
2010,COD,Consumer Goods & Crafts,10310.999,Africa,DR Congo
2010,COD,Energy & Minerals,522088.935,Africa,DR Congo
2010,COD,Industrial Equipment & Technology,1627.735,Africa,DR Congo
2010,COD,Textile & Apparel Manufacturing,22.962000000000003,Africa,DR Congo
2010,COG,Agricultural & Foods,4865.273,Africa,Congo Republic
2010,COG,Art & Collectibles,6735.075,Africa,Congo Republic
2010,COG,Base Metals,12583.894999999999,Africa,Congo Republic
2010,COG,Chemical & Pharmaceutical,84.731,Africa,Congo Republic
2010,COG,Consumer Goods & Crafts,8756.024,Africa,Congo Republic
2010,COG,Energy & Minerals,3327417.804,Africa,Congo Republic
2010,COG,Industrial Equipment & Technology,5043.937,Africa,Congo Republic
2010,COG,Textile & Apparel Manufacturing,3.518,Africa,Congo Republic
2010,COM,Chemical & Pharmaceutical,59.135,Africa,Comoros
2010,COM,Industrial Equipment & Technology,1656.521,Africa,Comoros
2010,COM,Textile & Apparel Manufacturing,7.81,Africa,Comoros
2010,CPV,Agricultural & Foods,577.296,Africa,Cabo Verde
2010,CPV,Base Metals,57.41,Africa,Cabo Verde
2010,CPV,Chemical & Pharmaceutical,342.612,Africa,Cabo Verde
2010,CPV,Consumer Goods & Crafts,53.330000000000005,Africa,Cabo Verde
2010,CPV,Industrial Equipment & Technology,521.261,Africa,Cabo Verde
2010,CPV,Textile & Apparel Manufacturing,9.672,Africa,Cabo Verde
2010,DJI,Agricultural & Foods,206.84199999999998,Africa,Djibouti
2010,DJI,Energy & Minerals,5.038,Africa,Djibouti
2010,DJI,Industrial Equipment & Technology,1739.783,Africa,Djibouti
2010,DJI,Textile & Apparel Manufacturing,0.845,Africa,Djibouti
2010,DZA,Agricultural & Foods,26.387,Africa,Algeria
2010,DZA,Art & Collectibles,47.915,Africa,Algeria
2010,DZA,Base Metals,882.606,Africa,Algeria
2010,DZA,Chemical & Pharmaceutical,282.625,Africa,Algeria
2010,DZA,Consumer Goods & Crafts,145.358,Africa,Algeria
2010,DZA,Energy & Minerals,14502580.625,Africa,Algeria
2010,DZA,Industrial Equipment & Technology,4247.52,Africa,Algeria
2010,DZA,Textile & Apparel Manufacturing,1.188,Africa,Algeria
2010,EGY,Agricultural & Foods,48360.585,Africa,Egypt
2010,EGY,Art & Collectibles,26375.014,Africa,Egypt
2010,EGY,Base Metals,41366.132,Africa,Egypt
2010,EGY,Chemical & Pharmaceutical,241034.163,Africa,Egypt
2010,EGY,Consumer Goods & Crafts,65881.553,Africa,Egypt
2010,EGY,Energy & Minerals,855079.594,Africa,Egypt
2010,EGY,Industrial Equipment & Technology,17365.79,Africa,Egypt
2010,EGY,Textile & Apparel Manufacturing,1264571.457,Africa,Egypt
2010,ERI,Chemical & Pharmaceutical,0.608,Africa,Eritrea
2010,ERI,Industrial Equipment & Technology,40.82,Africa,Eritrea
2010,ERI,Textile & Apparel Manufacturing,60.413,Africa,Eritrea
2010,ETH,Agricultural & Foods,29878.691,Africa,Ethiopia
2010,ETH,Art & Collectibles,982.616,Africa,Ethiopia
2010,ETH,Base Metals,1195.219,Africa,Ethiopia
2010,ETH,Chemical & Pharmaceutical,194.35500000000002,Africa,Ethiopia
2010,ETH,Consumer Goods & Crafts,3028.916,Africa,Ethiopia
2010,ETH,Energy & Minerals,239.559,Africa,Ethiopia
2010,ETH,Industrial Equipment & Technology,73126.841,Africa,Ethiopia
2010,ETH,Textile & Apparel Manufacturing,12630.193,Africa,Ethiopia
2010,GAB,Agricultural & Foods,504.763,Africa,Gabon
2010,GAB,Art & Collectibles,3354.483,Africa,Gabon
2010,GAB,Base Metals,377.446,Africa,Gabon
2010,GAB,Chemical & Pharmaceutical,5848.371999999999,Africa,Gabon
2010,GAB,Consumer Goods & Crafts,4597.7429999999995,Africa,Gabon
2010,GAB,Energy & Minerals,2261341.416,Africa,Gabon
2010,GAB,Industrial Equipment & Technology,2771.431,Africa,Gabon
2010,GAB,Textile & Apparel Manufacturing,6.438000000000001,Africa,Gabon
2010,GHA,Agricultural & Foods,190332.726,Africa,Ghana
2010,GHA,Art & Collectibles,180.21699999999998,Africa,Ghana
2010,GHA,Base Metals,4593.083,Africa,Ghana
2010,GHA,Chemical & Pharmaceutical,8537.719000000001,Africa,Ghana
2010,GHA,Consumer Goods & Crafts,56576.036,Africa,Ghana
2010,GHA,Energy & Minerals,29930.531000000003,Africa,Ghana
2010,GHA,Industrial Equipment & Technology,26516.493000000002,Africa,Ghana
2010,GHA,Textile & Apparel Manufacturing,1155.675,Africa,Ghana
2010,GIN,Agricultural & Foods,643.57,Africa,Guinea
2010,GIN,Art & Collectibles,513.819,Africa,Guinea
2010,GIN,Base Metals,87.871,Africa,Guinea
2010,GIN,Chemical & Pharmaceutical,266.663,Africa,Guinea
2010,GIN,Consumer Goods & Crafts,1648.0710000000001,Africa,Guinea
2010,GIN,Energy & Minerals,106224.803,Africa,Guinea
2010,GIN,Industrial Equipment & Technology,1922.174,Africa,Guinea
2010,GIN,Textile & Apparel Manufacturing,32.025,Africa,Guinea
2010,GMB,Agricultural & Foods,28.576,Africa,Gambia
2010,GMB,Art & Collectibles,6.033,Africa,Gambia
2010,GMB,Base Metals,3.997,Africa,Gambia
2010,GMB,Chemical & Pharmaceutical,3672.2090000000003,Africa,Gambia
2010,GMB,Consumer Goods & Crafts,28.837000000000003,Africa,Gambia
2010,GMB,Energy & Minerals,5.618,Africa,Gambia
2010,GMB,Industrial Equipment & Technology,129.00799999999998,Africa,Gambia
2010,GMB,Textile & Apparel Manufacturing,21.694,Africa,Gambia
2010,GNB,Art & Collectibles,23.871,Africa,Guinea-Bissau
2010,GNB,Consumer Goods & Crafts,844.006,Africa,Guinea-Bissau
2010,GNB,Industrial Equipment & Technology,16.967,Africa,Guinea-Bissau
2010,GNQ,Agricultural & Foods,23.638,Africa,Equatorial Guinea
2010,GNQ,Base Metals,185.548,Africa,Equatorial Guinea
2010,GNQ,Chemical & Pharmaceutical,146935.506,Africa,Equatorial Guinea
2010,GNQ,Consumer Goods & Crafts,509.483,Africa,Equatorial Guinea
2010,GNQ,Energy & Minerals,2137188.675,Africa,Equatorial Guinea
2010,GNQ,Industrial Equipment & Technology,102.938,Africa,Equatorial Guinea
2010,KEN,Agricultural & Foods,12969.296,Africa,Kenya
2010,KEN,Art & Collectibles,711.9540000000001,Africa,Kenya
2010,KEN,Base Metals,18206.611,Africa,Kenya
2010,KEN,Chemical & Pharmaceutical,4525.526,Africa,Kenya
2010,KEN,Consumer Goods & Crafts,38433.613,Africa,Kenya
2010,KEN,Energy & Minerals,102.127,Africa,Kenya
2010,KEN,Industrial Equipment & Technology,47698.123,Africa,Kenya
2010,KEN,Textile & Apparel Manufacturing,257476.02,Africa,Kenya
2010,LBR,Agricultural & Foods,304.72,Africa,Liberia
2010,LBR,Art & Collectibles,3.017,Africa,Liberia
2010,LBR,Chemical & Pharmaceutical,130152.945,Africa,Liberia
2010,LBR,Consumer Goods & Crafts,706.2829999999999,Africa,Liberia
2010,LBR,Energy & Minerals,25829.627999999997,Africa,Liberia
2010,LBR,Industrial Equipment & Technology,28.31,Africa,Liberia
2010,LBR,Textile & Apparel Manufacturing,1.06,Africa,Liberia
2010,LBY,Art & Collectibles,6.408,Africa,Libya
2010,LBY,Chemical & Pharmaceutical,46679.63799999999,Africa,Libya
2010,LBY,Consumer Goods & Crafts,3.376,Africa,Libya
2010,LBY,Energy & Minerals,333338.404,Africa,Libya
2010,LBY,Industrial Equipment & Technology,23.134,Africa,Libya
2010,LSO,Chemical & Pharmaceutical,253.487,Africa,Lesotho
2010,LSO,Consumer Goods & Crafts,17648.786,Africa,Lesotho
2010,LSO,Industrial Equipment & Technology,130.336,Africa,Lesotho
2010,LSO,Textile & Apparel Manufacturing,293629.19,Africa,Lesotho
2010,MAR,Agricultural & Foods,139588.15899999999,Africa,Morocco
2010,MAR,Art & Collectibles,2353.9300000000003,Africa,Morocco
2010,MAR,Base Metals,28148.077,Africa,Morocco
2010,MAR,Chemical & Pharmaceutical,85707.636,Africa,Morocco
2010,MAR,Consumer Goods & Crafts,17545.703,Africa,Morocco
2010,MAR,Energy & Minerals,383390.32800000004,Africa,Morocco
2010,MAR,Industrial Equipment & Technology,196675.082,Africa,Morocco
2010,MAR,Textile & Apparel Manufacturing,77183.47,Africa,Morocco
2010,MDG,Agricultural & Foods,4316.827,Africa,Madagascar
2010,MDG,Art & Collectibles,482.98999999999995,Africa,Madagascar
2010,MDG,Base Metals,44.17,Africa,Madagascar
2010,MDG,Chemical & Pharmaceutical,3203.773,Africa,Madagascar
2010,MDG,Consumer Goods & Crafts,11295.803,Africa,Madagascar
2010,MDG,Energy & Minerals,849.367,Africa,Madagascar
2010,MDG,Industrial Equipment & Technology,25793.624,Africa,Madagascar
2010,MDG,Textile & Apparel Manufacturing,52428.832,Africa,Madagascar
2010,MLI,Agricultural & Foods,435.69800000000004,Africa,Mali
2010,MLI,Art & Collectibles,1728.298,Africa,Mali
2010,MLI,Base Metals,377.81899999999996,Africa,Mali
2010,MLI,Chemical & Pharmaceutical,152.82600000000002,Africa,Mali
2010,MLI,Consumer Goods & Crafts,7688.112,Africa,Mali
2010,MLI,Energy & Minerals,122.857,Africa,Mali
2010,MLI,Industrial Equipment & Technology,4475.153,Africa,Mali
2010,MLI,Textile & Apparel Manufacturing,148.074,Africa,Mali
2010,MOZ,Agricultural & Foods,25297.171,Africa,Mozambique
2010,MOZ,Art & Collectibles,16.558,Africa,Mozambique
2010,MOZ,Base Metals,17444.431,Africa,Mozambique
2010,MOZ,Chemical & Pharmaceutical,30.644,Africa,Mozambique
2010,MOZ,Consumer Goods & Crafts,5674.950000000001,Africa,Mozambique
2010,MOZ,Energy & Minerals,16906.153000000002,Africa,Mozambique
2010,MOZ,Industrial Equipment & Technology,4561.316,Africa,Mozambique
2010,MOZ,Textile & Apparel Manufacturing,381.012,Africa,Mozambique
2010,MRT,Agricultural & Foods,9.614,Africa,Mauritania
2010,MRT,Chemical & Pharmaceutical,333.982,Africa,Mauritania
2010,MRT,Consumer Goods & Crafts,138.466,Africa,Mauritania
2010,MRT,Energy & Minerals,54205.086,Africa,Mauritania
2010,MRT,Industrial Equipment & Technology,21.254,Africa,Mauritania
2010,MRT,Textile & Apparel Manufacturing,40.579,Africa,Mauritania
2010,MUS,Agricultural & Foods,25929.002,Africa,Mauritius
2010,MUS,Base Metals,8.697,Africa,Mauritius
2010,MUS,Chemical & Pharmaceutical,1507.874,Africa,Mauritius
2010,MUS,Consumer Goods & Crafts,45168.76,Africa,Mauritius
2010,MUS,Energy & Minerals,265.465,Africa,Mauritius
2010,MUS,Industrial Equipment & Technology,7810.1449999999995,Africa,Mauritius
2010,MUS,Textile & Apparel Manufacturing,129889.032,Africa,Mauritius
2010,MWI,Agricultural & Foods,61481.17,Africa,Malawi
2010,MWI,Art & Collectibles,2.486,Africa,Malawi
2010,MWI,Base Metals,6008.594,Africa,Malawi
2010,MWI,Chemical & Pharmaceutical,41.19,Africa,Malawi
2010,MWI,Consumer Goods & Crafts,202.767,Africa,Malawi
2010,MWI,Industrial Equipment & Technology,6276.826,Africa,Malawi
2010,MWI,Textile & Apparel Manufacturing,19477.209,Africa,Malawi
2010,NAM,Agricultural & Foods,88.465,Africa,Namibia
2010,NAM,Art & Collectibles,303.039,Africa,Namibia
2010,NAM,Base Metals,6.998,Africa,Namibia
2010,NAM,Chemical & Pharmaceutical,1394.2440000000001,Africa,Namibia
2010,NAM,Consumer Goods & Crafts,80021.091,Africa,Namibia
2010,NAM,Energy & Minerals,141725.97,Africa,Namibia
2010,NAM,Industrial Equipment & Technology,4452.866,Africa,Namibia
2010,NAM,Textile & Apparel Manufacturing,338.083,Africa,Namibia
2010,NER,Agricultural & Foods,38.806999999999995,Africa,Niger
2010,NER,Art & Collectibles,343.65099999999995,Africa,Niger
2010,NER,Base Metals,54.031000000000006,Africa,Niger
2010,NER,Chemical & Pharmaceutical,49.362,Africa,Niger
2010,NER,Consumer Goods & Crafts,104.51,Africa,Niger
2010,NER,Energy & Minerals,100086.93699999999,Africa,Niger
2010,NER,Industrial Equipment & Technology,2862.878,Africa,Niger
2010,NER,Textile & Apparel Manufacturing,2764.5190000000002,Africa,Niger
2010,NGA,Agricultural & Foods,84115.221,Africa,Nigeria
2010,NGA,Art & Collectibles,3096.8590000000004,Africa,Nigeria
2010,NGA,Base Metals,45534.11,Africa,Nigeria
2010,NGA,Chemical & Pharmaceutical,118877.015,Africa,Nigeria
2010,NGA,Consumer Goods & Crafts,67801.71,Africa,Nigeria
2010,NGA,Energy & Minerals,31553115.531000003,Africa,Nigeria
2010,NGA,Industrial Equipment & Technology,177030.774,Africa,Nigeria
2010,NGA,Textile & Apparel Manufacturing,178801.618,Africa,Nigeria
2010,RWA,Agricultural & Foods,1030.882,Africa,Rwanda
2010,RWA,Art & Collectibles,420.65000000000003,Africa,Rwanda
2010,RWA,Chemical & Pharmaceutical,7.208,Africa,Rwanda
2010,RWA,Consumer Goods & Crafts,1043.644,Africa,Rwanda
2010,RWA,Energy & Minerals,1310.191,Africa,Rwanda
2010,RWA,Industrial Equipment & Technology,19737.743,Africa,Rwanda
2010,RWA,Textile & Apparel Manufacturing,206.064,Africa,Rwanda
2010,SDN,Agricultural & Foods,8484.208,Africa,Sudan
2010,SDN,Art & Collectibles,63.701,Africa,Sudan
2010,SDN,Base Metals,0.001,Africa,Sudan
2010,SDN,Consumer Goods & Crafts,11.731,Africa,Sudan
2010,SDN,Energy & Minerals,464.493,Africa,Sudan
2010,SDN,Industrial Equipment & Technology,6.431,Africa,Sudan
2010,SDN,Textile & Apparel Manufacturing,94.548,Africa,Sudan
2010,SEN,Agricultural & Foods,575.178,Africa,Senegal
2010,SEN,Art & Collectibles,125.67999999999999,Africa,Senegal
2010,SEN,Base Metals,94.56899999999999,Africa,Senegal
2010,SEN,Chemical & Pharmaceutical,1152.177,Africa,Senegal
2010,SEN,Consumer Goods & Crafts,790.948,Africa,Senegal
2010,SEN,Energy & Minerals,290.267,Africa,Senegal
2010,SEN,Industrial Equipment & Technology,894.071,Africa,Senegal
2010,SEN,Textile & Apparel Manufacturing,1667.2689999999998,Africa,Senegal
2010,SLE,Agricultural & Foods,136.459,Africa,Sierra Leone
2010,SLE,Art & Collectibles,24.732999999999997,Africa,Sierra Leone
2010,SLE,Base Metals,70.239,Africa,Sierra Leone
2010,SLE,Chemical & Pharmaceutical,571.974,Africa,Sierra Leone
2010,SLE,Consumer Goods & Crafts,6769.86,Africa,Sierra Leone
2010,SLE,Energy & Minerals,19489.104,Africa,Sierra Leone
2010,SLE,Industrial Equipment & Technology,1923.246,Africa,Sierra Leone
2010,SLE,Textile & Apparel Manufacturing,410.044,Africa,Sierra Leone
2010,SOM,Agricultural & Foods,60.135999999999996,Africa,Somalia
2010,SOM,Industrial Equipment & Technology,3.984,Africa,Somalia
2010,STP,Agricultural & Foods,49.746,Africa,Sao Tome and Principe
2010,STP,Art & Collectibles,3.371,Africa,Sao Tome and Principe
2010,STP,Chemical & Pharmaceutical,11.244,Africa,Sao Tome and Principe
2010,STP,Consumer Goods & Crafts,59.19199999999999,Africa,Sao Tome and Principe
2010,STP,Industrial Equipment & Technology,178.747,Africa,Sao Tome and Principe
2010,STP,Textile & Apparel Manufacturing,4.497,Africa,Sao Tome and Principe
2010,SWZ,Agricultural & Foods,38727.01,Africa,Eswatini
2010,SWZ,Base Metals,307.38100000000003,Africa,Eswatini
2010,SWZ,Chemical & Pharmaceutical,6801.231000000001,Africa,Eswatini
2010,SWZ,Consumer Goods & Crafts,642.782,Africa,Eswatini
2010,SWZ,Industrial Equipment & Technology,1472.555,Africa,Eswatini
2010,SWZ,Textile & Apparel Manufacturing,161318.861,Africa,Eswatini
2010,SYC,Art & Collectibles,9.45,Africa,Seychelles
2010,SYC,Chemical & Pharmaceutical,1694.695,Africa,Seychelles
2010,SYC,Consumer Goods & Crafts,43.808,Africa,Seychelles
2010,SYC,Energy & Minerals,28.096,Africa,Seychelles
2010,SYC,Industrial Equipment & Technology,9975.512999999999,Africa,Seychelles
2010,SYC,Textile & Apparel Manufacturing,38.312000000000005,Africa,Seychelles
2010,TCD,Agricultural & Foods,6381.52,Africa,Chad
2010,TCD,Art & Collectibles,3477.474,Africa,Chad
2010,TCD,Chemical & Pharmaceutical,1237.938,Africa,Chad
2010,TCD,Energy & Minerals,2097187.463,Africa,Chad
2010,TCD,Industrial Equipment & Technology,14.479,Africa,Chad
2010,TCD,Textile & Apparel Manufacturing,1.802,Africa,Chad
2010,TGO,Agricultural & Foods,8509.994999999999,Africa,Togo
2010,TGO,Art & Collectibles,7.564,Africa,Togo
2010,TGO,Base Metals,13.862,Africa,Togo
2010,TGO,Chemical & Pharmaceutical,305.236,Africa,Togo
2010,TGO,Consumer Goods & Crafts,307.434,Africa,Togo
2010,TGO,Energy & Minerals,9584.331999999999,Africa,Togo
2010,TGO,Industrial Equipment & Technology,1765.1879999999999,Africa,Togo
2010,TGO,Textile & Apparel Manufacturing,528.5740000000001,Africa,Togo
2010,TUN,Agricultural & Foods,90555.726,Africa,Tunisia
2010,TUN,Art & Collectibles,1648.174,Africa,Tunisia
2010,TUN,Base Metals,6137.575,Africa,Tunisia
2010,TUN,Chemical & Pharmaceutical,39453.248,Africa,Tunisia
2010,TUN,Consumer Goods & Crafts,53539.378000000004,Africa,Tunisia
2010,TUN,Energy & Minerals,94747.14,Africa,Tunisia
2010,TUN,Industrial Equipment & Technology,83159.996,Africa,Tunisia
2010,TUN,Textile & Apparel Manufacturing,79176.452,Africa,Tunisia
2010,TZA,Agricultural & Foods,8268.769,Africa,Tanzania
2010,TZA,Art & Collectibles,176.992,Africa,Tanzania
2010,TZA,Base Metals,6005.818,Africa,Tanzania
2010,TZA,Chemical & Pharmaceutical,1314.2150000000001,Africa,Tanzania
2010,TZA,Consumer Goods & Crafts,8372.796,Africa,Tanzania
2010,TZA,Energy & Minerals,0.239,Africa,Tanzania
2010,TZA,Industrial Equipment & Technology,20791.536,Africa,Tanzania
2010,TZA,Textile & Apparel Manufacturing,8599.74,Africa,Tanzania
2010,UGA,Agricultural & Foods,5914.82,Africa,Uganda
2010,UGA,Art & Collectibles,56.907,Africa,Uganda
2010,UGA,Base Metals,6391.432999999999,Africa,Uganda
2010,UGA,Chemical & Pharmaceutical,1983.9070000000002,Africa,Uganda
2010,UGA,Consumer Goods & Crafts,1479.627,Africa,Uganda
2010,UGA,Energy & Minerals,3072.7780000000002,Africa,Uganda
2010,UGA,Industrial Equipment & Technology,33509.81,Africa,Uganda
2010,UGA,Textile & Apparel Manufacturing,1753.519,Africa,Uganda
2010,ZAF,Agricultural & Foods,146383.737,Africa,South Africa
2010,ZAF,Art & Collectibles,25142.682,Africa,South Africa
2010,ZAF,Base Metals,1257533.507,Africa,South Africa
2010,ZAF,Chemical & Pharmaceutical,498389.394,Africa,South Africa
2010,ZAF,Consumer Goods & Crafts,3100640.9590000003,Africa,South Africa
2010,ZAF,Energy & Minerals,924458.541,Africa,South Africa
2010,ZAF,Industrial Equipment & Technology,2303036.886,Africa,South Africa
2010,ZAF,Textile & Apparel Manufacturing,36542.629,Africa,South Africa
2010,ZMB,Agricultural & Foods,50.645999999999994,Africa,Zambia
2010,ZMB,Art & Collectibles,153.97699999999998,Africa,Zambia
2010,ZMB,Base Metals,27172.343999999997,Africa,Zambia
2010,ZMB,Chemical & Pharmaceutical,286.846,Africa,Zambia
2010,ZMB,Consumer Goods & Crafts,4992.5289999999995,Africa,Zambia
2010,ZMB,Energy & Minerals,310.924,Africa,Zambia
2010,ZMB,Industrial Equipment & Technology,2319.832,Africa,Zambia
2010,ZMB,Textile & Apparel Manufacturing,23.573,Africa,Zambia
2010,ZWE,Agricultural & Foods,15539.721000000001,Africa,Zimbabwe
2010,ZWE,Art & Collectibles,6030.758,Africa,Zimbabwe
2010,ZWE,Base Metals,40174.079,Africa,Zimbabwe
2010,ZWE,Chemical & Pharmaceutical,3.5749999999999997,Africa,Zimbabwe
2010,ZWE,Consumer Goods & Crafts,3410.772,Africa,Zimbabwe
2010,ZWE,Energy & Minerals,484.798,Africa,Zimbabwe
2010,ZWE,Industrial Equipment & Technology,1673.746,Africa,Zimbabwe
2010,ZWE,Textile & Apparel Manufacturing,189.065,Africa,Zimbabwe
2011,AGO,Chemical & Pharmaceutical,7.379,Africa,Angola
2011,AGO,Consumer Goods & Crafts,168722.943,Africa,Angola
2011,AGO,Energy & Minerals,14411789.298,Africa,Angola
2011,AGO,Industrial Equipment & Technology,117.537,Africa,Angola
2011,BDI,Chemical & Pharmaceutical,18.073,Africa,Burundi
2011,BDI,Consumer Goods & Crafts,6.376,Africa,Burundi
2011,BDI,Industrial Equipment & Technology,9703.871,Africa,Burundi
2011,BDI,Textile & Apparel Manufacturing,0.637,Africa,Burundi
2011,BEN,Agricultural & Foods,167.43099999999998,Africa,Benin
2011,BEN,Art & Collectibles,351.977,Africa,Benin
2011,BEN,Base Metals,113.904,Africa,Benin
2011,BEN,Chemical & Pharmaceutical,68.813,Africa,Benin
2011,BEN,Consumer Goods & Crafts,1519.6460000000002,Africa,Benin
2011,BEN,Industrial Equipment & Technology,24.054000000000002,Africa,Benin
2011,BEN,Textile & Apparel Manufacturing,64.542,Africa,Benin
2011,BFA,Agricultural & Foods,142.963,Africa,Burkina Faso
2011,BFA,Art & Collectibles,393.579,Africa,Burkina Faso
2011,BFA,Base Metals,885.0269999999999,Africa,Burkina Faso
2011,BFA,Chemical & Pharmaceutical,9.533000000000001,Africa,Burkina Faso
2011,BFA,Consumer Goods & Crafts,2152.525,Africa,Burkina Faso
2011,BFA,Energy & Minerals,15.330000000000002,Africa,Burkina Faso
2011,BFA,Industrial Equipment & Technology,3793.8709999999996,Africa,Burkina Faso
2011,BFA,Textile & Apparel Manufacturing,3667.7129999999997,Africa,Burkina Faso
2011,BWA,Agricultural & Foods,0.949,Africa,Botswana
2011,BWA,Art & Collectibles,19.122999999999998,Africa,Botswana
2011,BWA,Base Metals,4.997,Africa,Botswana
2011,BWA,Chemical & Pharmaceutical,467.065,Africa,Botswana
2011,BWA,Consumer Goods & Crafts,226385.165,Africa,Botswana
2011,BWA,Energy & Minerals,36.0,Africa,Botswana
2011,BWA,Industrial Equipment & Technology,3221.285,Africa,Botswana
2011,BWA,Textile & Apparel Manufacturing,32644.917,Africa,Botswana
2011,CAF,Agricultural & Foods,481.36300000000006,Africa,Central African Republic
2011,CAF,Art & Collectibles,48.68899999999999,Africa,Central African Republic
2011,CAF,Base Metals,268.255,Africa,Central African Republic
2011,CAF,Chemical & Pharmaceutical,5.277,Africa,Central African Republic
2011,CAF,Consumer Goods & Crafts,5374.088,Africa,Central African Republic
2011,CAF,Industrial Equipment & Technology,258.318,Africa,Central African Republic
2011,CAF,Textile & Apparel Manufacturing,5.6530000000000005,Africa,Central African Republic
2011,CIV,Agricultural & Foods,947096.786,Africa,Côte d'Ivoire
2011,CIV,Art & Collectibles,909.274,Africa,Côte d'Ivoire
2011,CIV,Base Metals,5346.082,Africa,Côte d'Ivoire
2011,CIV,Chemical & Pharmaceutical,136031.38199999998,Africa,Côte d'Ivoire
2011,CIV,Consumer Goods & Crafts,16946.539,Africa,Côte d'Ivoire
2011,CIV,Energy & Minerals,252637.566,Africa,Côte d'Ivoire
2011,CIV,Industrial Equipment & Technology,6846.189,Africa,Côte d'Ivoire
2011,CIV,Textile & Apparel Manufacturing,659.0509999999999,Africa,Côte d'Ivoire
2011,CMR,Agricultural & Foods,48773.512,Africa,Cameroon
2011,CMR,Art & Collectibles,688.816,Africa,Cameroon
2011,CMR,Base Metals,1238.94,Africa,Cameroon
2011,CMR,Chemical & Pharmaceutical,37111.113,Africa,Cameroon
2011,CMR,Consumer Goods & Crafts,38799.142,Africa,Cameroon
2011,CMR,Energy & Minerals,192910.992,Africa,Cameroon
2011,CMR,Industrial Equipment & Technology,16648.639,Africa,Cameroon
2011,CMR,Textile & Apparel Manufacturing,650.723,Africa,Cameroon
2011,COD,Agricultural & Foods,3494.372,Africa,DR Congo
2011,COD,Art & Collectibles,2699.838,Africa,DR Congo
2011,COD,Base Metals,2925.872,Africa,DR Congo
2011,COD,Chemical & Pharmaceutical,537.817,Africa,DR Congo
2011,COD,Consumer Goods & Crafts,14615.463,Africa,DR Congo
2011,COD,Energy & Minerals,596675.133,Africa,DR Congo
2011,COD,Industrial Equipment & Technology,658.814,Africa,DR Congo
2011,COD,Textile & Apparel Manufacturing,5.313,Africa,DR Congo
2011,COG,Agricultural & Foods,7753.839,Africa,Congo Republic
2011,COG,Art & Collectibles,819.097,Africa,Congo Republic
2011,COG,Base Metals,12702.338,Africa,Congo Republic
2011,COG,Chemical & Pharmaceutical,20.889,Africa,Congo Republic
2011,COG,Consumer Goods & Crafts,10531.785,Africa,Congo Republic
2011,COG,Energy & Minerals,2448210.2709999997,Africa,Congo Republic
2011,COG,Industrial Equipment & Technology,22377.260000000002,Africa,Congo Republic
2011,COG,Textile & Apparel Manufacturing,6.634,Africa,Congo Republic
2011,COM,Industrial Equipment & Technology,1823.3210000000001,Africa,Comoros
2011,CPV,Agricultural & Foods,487.445,Africa,Cabo Verde
2011,CPV,Base Metals,0.137,Africa,Cabo Verde
2011,CPV,Chemical & Pharmaceutical,94.515,Africa,Cabo Verde
2011,CPV,Consumer Goods & Crafts,196.138,Africa,Cabo Verde
2011,CPV,Industrial Equipment & Technology,805.652,Africa,Cabo Verde
2011,CPV,Textile & Apparel Manufacturing,68.582,Africa,Cabo Verde
2011,DJI,Agricultural & Foods,5.501,Africa,Djibouti
2011,DJI,Chemical & Pharmaceutical,27.147,Africa,Djibouti
2011,DJI,Consumer Goods & Crafts,68.389,Africa,Djibouti
2011,DJI,Industrial Equipment & Technology,835.08,Africa,Djibouti
2011,DJI,Textile & Apparel Manufacturing,2.1639999999999997,Africa,Djibouti
2011,DZA,Agricultural & Foods,23.564,Africa,Algeria
2011,DZA,Art & Collectibles,106.128,Africa,Algeria
2011,DZA,Base Metals,2398.5769999999998,Africa,Algeria
2011,DZA,Chemical & Pharmaceutical,3242.9790000000003,Africa,Algeria
2011,DZA,Consumer Goods & Crafts,400.21200000000005,Africa,Algeria
2011,DZA,Energy & Minerals,14988529.467999998,Africa,Algeria
2011,DZA,Industrial Equipment & Technology,2767.516,Africa,Algeria
2011,DZA,Textile & Apparel Manufacturing,9.647,Africa,Algeria
2011,EGY,Agricultural & Foods,74578.586,Africa,Egypt
2011,EGY,Art & Collectibles,19590.917,Africa,Egypt
2011,EGY,Base Metals,43185.942,Africa,Egypt
2011,EGY,Chemical & Pharmaceutical,327443.394,Africa,Egypt
2011,EGY,Consumer Goods & Crafts,80259.948,Africa,Egypt
2011,EGY,Energy & Minerals,489236.754,Africa,Egypt
2011,EGY,Industrial Equipment & Technology,33841.554000000004,Africa,Egypt
2011,EGY,Textile & Apparel Manufacturing,1301177.061,Africa,Egypt
2011,ERI,Agricultural & Foods,42.456,Africa,Eritrea
2011,ERI,Chemical & Pharmaceutical,8.496,Africa,Eritrea
2011,ERI,Consumer Goods & Crafts,8.027,Africa,Eritrea
2011,ERI,Industrial Equipment & Technology,66.377,Africa,Eritrea
2011,ERI,Textile & Apparel Manufacturing,1.564,Africa,Eritrea
2011,ETH,Agricultural & Foods,16671.031,Africa,Ethiopia
2011,ETH,Art & Collectibles,351.672,Africa,Ethiopia
2011,ETH,Base Metals,263.646,Africa,Ethiopia
2011,ETH,Chemical & Pharmaceutical,136.642,Africa,Ethiopia
2011,ETH,Consumer Goods & Crafts,4861.901,Africa,Ethiopia
2011,ETH,Energy & Minerals,7.422,Africa,Ethiopia
2011,ETH,Industrial Equipment & Technology,102614.2,Africa,Ethiopia
2011,ETH,Textile & Apparel Manufacturing,15962.348,Africa,Ethiopia
2011,GAB,Agricultural & Foods,374.642,Africa,Gabon
2011,GAB,Art & Collectibles,1399.809,Africa,Gabon
2011,GAB,Base Metals,380.245,Africa,Gabon
2011,GAB,Chemical & Pharmaceutical,11099.466,Africa,Gabon
2011,GAB,Consumer Goods & Crafts,3728.174,Africa,Gabon
2011,GAB,Energy & Minerals,4545444.329999999,Africa,Gabon
2011,GAB,Industrial Equipment & Technology,7545.34,Africa,Gabon
2011,GAB,Textile & Apparel Manufacturing,0.404,Africa,Gabon
2011,GHA,Agricultural & Foods,396220.034,Africa,Ghana
2011,GHA,Art & Collectibles,939.6630000000001,Africa,Ghana
2011,GHA,Base Metals,4866.164,Africa,Ghana
2011,GHA,Chemical & Pharmaceutical,23394.564,Africa,Ghana
2011,GHA,Consumer Goods & Crafts,55209.873,Africa,Ghana
2011,GHA,Energy & Minerals,449315.66500000004,Africa,Ghana
2011,GHA,Industrial Equipment & Technology,5670.306,Africa,Ghana
2011,GHA,Textile & Apparel Manufacturing,13202.009,Africa,Ghana
2011,GIN,Agricultural & Foods,246.777,Africa,Guinea
2011,GIN,Art & Collectibles,48.207,Africa,Guinea
2011,GIN,Base Metals,60.061,Africa,Guinea
2011,GIN,Chemical & Pharmaceutical,282.00600000000003,Africa,Guinea
2011,GIN,Consumer Goods & Crafts,4736.177000000001,Africa,Guinea
2011,GIN,Energy & Minerals,109908.639,Africa,Guinea
2011,GIN,Industrial Equipment & Technology,3063.652,Africa,Guinea
2011,GIN,Textile & Apparel Manufacturing,38.759,Africa,Guinea
2011,GMB,Agricultural & Foods,23.894999999999996,Africa,Gambia
2011,GMB,Chemical & Pharmaceutical,20.422,Africa,Gambia
2011,GMB,Consumer Goods & Crafts,22.539,Africa,Gambia
2011,GMB,Industrial Equipment & Technology,4.047,Africa,Gambia
2011,GMB,Textile & Apparel Manufacturing,10.291,Africa,Gambia
2011,GNB,Chemical & Pharmaceutical,7.876,Africa,Guinea-Bissau
2011,GNB,Consumer Goods & Crafts,61.785000000000004,Africa,Guinea-Bissau
2011,GNB,Industrial Equipment & Technology,199.834,Africa,Guinea-Bissau
2011,GNQ,Agricultural & Foods,132.619,Africa,Equatorial Guinea
2011,GNQ,Base Metals,199.972,Africa,Equatorial Guinea
2011,GNQ,Chemical & Pharmaceutical,127918.40699999999,Africa,Equatorial Guinea
2011,GNQ,Consumer Goods & Crafts,1255.79,Africa,Equatorial Guinea
2011,GNQ,Energy & Minerals,1085809.144,Africa,Equatorial Guinea
2011,GNQ,Industrial Equipment & Technology,307.893,Africa,Equatorial Guinea
2011,KEN,Agricultural & Foods,17809.064000000002,Africa,Kenya
2011,KEN,Art & Collectibles,1079.709,Africa,Kenya
2011,KEN,Base Metals,29738.678,Africa,Kenya
2011,KEN,Chemical & Pharmaceutical,2862.974,Africa,Kenya
2011,KEN,Consumer Goods & Crafts,6161.309,Africa,Kenya
2011,KEN,Energy & Minerals,10.100000000000001,Africa,Kenya
2011,KEN,Industrial Equipment & Technology,51617.022,Africa,Kenya
2011,KEN,Textile & Apparel Manufacturing,277041.603,Africa,Kenya
2011,LBR,Agricultural & Foods,391.809,Africa,Liberia
2011,LBR,Art & Collectibles,364.807,Africa,Liberia
2011,LBR,Base Metals,3.186,Africa,Liberia
2011,LBR,Chemical & Pharmaceutical,159975.172,Africa,Liberia
2011,LBR,Consumer Goods & Crafts,552.336,Africa,Liberia
2011,LBR,Industrial Equipment & Technology,48.539,Africa,Liberia
2011,LBR,Textile & Apparel Manufacturing,89.764,Africa,Liberia
2011,LBY,Art & Collectibles,36.2,Africa,Libya
2011,LBY,Chemical & Pharmaceutical,27275.655,Africa,Libya
2011,LBY,Consumer Goods & Crafts,13.764999999999999,Africa,Libya
2011,LBY,Energy & Minerals,637935.102,Africa,Libya
2011,LSO,Agricultural & Foods,38.749,Africa,Lesotho
2011,LSO,Chemical & Pharmaceutical,270.999,Africa,Lesotho
2011,LSO,Consumer Goods & Crafts,68675.394,Africa,Lesotho
2011,LSO,Energy & Minerals,0.311,Africa,Lesotho
2011,LSO,Industrial Equipment & Technology,10.05,Africa,Lesotho
2011,LSO,Textile & Apparel Manufacturing,319456.21,Africa,Lesotho
2011,MAR,Agricultural & Foods,167012.52,Africa,Morocco
2011,MAR,Art & Collectibles,1644.0819999999999,Africa,Morocco
2011,MAR,Base Metals,44187.778,Africa,Morocco
2011,MAR,Chemical & Pharmaceutical,134291.267,Africa,Morocco
2011,MAR,Consumer Goods & Crafts,50932.508,Africa,Morocco
2011,MAR,Energy & Minerals,454480.42100000003,Africa,Morocco
2011,MAR,Industrial Equipment & Technology,238555.011,Africa,Morocco
2011,MAR,Textile & Apparel Manufacturing,97012.203,Africa,Morocco
2011,MDG,Agricultural & Foods,3952.8299999999995,Africa,Madagascar
2011,MDG,Art & Collectibles,798.426,Africa,Madagascar
2011,MDG,Base Metals,47.156,Africa,Madagascar
2011,MDG,Chemical & Pharmaceutical,4590.544,Africa,Madagascar
2011,MDG,Consumer Goods & Crafts,6408.63,Africa,Madagascar
2011,MDG,Energy & Minerals,2160.44,Africa,Madagascar
2011,MDG,Industrial Equipment & Technology,27500.803,Africa,Madagascar
2011,MDG,Textile & Apparel Manufacturing,39974.846,Africa,Madagascar
2011,MLI,Agricultural & Foods,470.70200000000006,Africa,Mali
2011,MLI,Art & Collectibles,1678.369,Africa,Mali
2011,MLI,Base Metals,53.203,Africa,Mali
2011,MLI,Chemical & Pharmaceutical,294.771,Africa,Mali
2011,MLI,Consumer Goods & Crafts,605.062,Africa,Mali
2011,MLI,Energy & Minerals,62.751,Africa,Mali
2011,MLI,Industrial Equipment & Technology,5057.507,Africa,Mali
2011,MLI,Textile & Apparel Manufacturing,181.688,Africa,Mali
2011,MOZ,Agricultural & Foods,1010.3890000000001,Africa,Mozambique
2011,MOZ,Art & Collectibles,22.0,Africa,Mozambique
2011,MOZ,Base Metals,16391.409,Africa,Mozambique
2011,MOZ,Chemical & Pharmaceutical,2242.583,Africa,Mozambique
2011,MOZ,Consumer Goods & Crafts,3242.3050000000003,Africa,Mozambique
2011,MOZ,Energy & Minerals,15582.366999999998,Africa,Mozambique
2011,MOZ,Industrial Equipment & Technology,14485.663999999999,Africa,Mozambique
2011,MOZ,Textile & Apparel Manufacturing,255.10899999999998,Africa,Mozambique
2011,MRT,Agricultural & Foods,40.083,Africa,Mauritania
2011,MRT,Art & Collectibles,23.727000000000004,Africa,Mauritania
2011,MRT,Chemical & Pharmaceutical,224.362,Africa,Mauritania
2011,MRT,Consumer Goods & Crafts,492.89099999999996,Africa,Mauritania
2011,MRT,Energy & Minerals,0.174,Africa,Mauritania
2011,MRT,Industrial Equipment & Technology,36.668,Africa,Mauritania
2011,MRT,Textile & Apparel Manufacturing,64.322,Africa,Mauritania
2011,MUS,Agricultural & Foods,38830.31,Africa,Mauritius
2011,MUS,Art & Collectibles,10.844999999999999,Africa,Mauritius
2011,MUS,Base Metals,27.046999999999997,Africa,Mauritius
2011,MUS,Chemical & Pharmaceutical,2743.964,Africa,Mauritius
2011,MUS,Consumer Goods & Crafts,41262.409,Africa,Mauritius
2011,MUS,Energy & Minerals,28.75,Africa,Mauritius
2011,MUS,Industrial Equipment & Technology,8979.705,Africa,Mauritius
2011,MUS,Textile & Apparel Manufacturing,164866.79499999998,Africa,Mauritius
2011,MWI,Agricultural & Foods,42830.012,Africa,Malawi
2011,MWI,Art & Collectibles,4.369,Africa,Malawi
2011,MWI,Base Metals,4498.404,Africa,Malawi
2011,MWI,Chemical & Pharmaceutical,346.464,Africa,Malawi
2011,MWI,Consumer Goods & Crafts,205.407,Africa,Malawi
2011,MWI,Energy & Minerals,3.759,Africa,Malawi
2011,MWI,Industrial Equipment & Technology,8360.198,Africa,Malawi
2011,MWI,Textile & Apparel Manufacturing,28309.383,Africa,Malawi
2011,NAM,Agricultural & Foods,79.285,Africa,Namibia
2011,NAM,Art & Collectibles,242.293,Africa,Namibia
2011,NAM,Base Metals,269730.091,Africa,Namibia
2011,NAM,Chemical & Pharmaceutical,4606.223,Africa,Namibia
2011,NAM,Consumer Goods & Crafts,101535.169,Africa,Namibia
2011,NAM,Energy & Minerals,192723.431,Africa,Namibia
2011,NAM,Industrial Equipment & Technology,961.0020000000001,Africa,Namibia
2011,NAM,Textile & Apparel Manufacturing,352.29699999999997,Africa,Namibia
2011,NER,Agricultural & Foods,158.188,Africa,Niger
2011,NER,Art & Collectibles,231.76999999999998,Africa,Niger
2011,NER,Base Metals,64.604,Africa,Niger
2011,NER,Chemical & Pharmaceutical,77.09,Africa,Niger
2011,NER,Consumer Goods & Crafts,526.975,Africa,Niger
2011,NER,Energy & Minerals,396501.172,Africa,Niger
2011,NER,Industrial Equipment & Technology,4773.713,Africa,Niger
2011,NER,Textile & Apparel Manufacturing,8006.921,Africa,Niger
2011,NGA,Agricultural & Foods,77225.02500000001,Africa,Nigeria
2011,NGA,Art & Collectibles,3592.123,Africa,Nigeria
2011,NGA,Base Metals,19854.238,Africa,Nigeria
2011,NGA,Chemical & Pharmaceutical,88685.306,Africa,Nigeria
2011,NGA,Consumer Goods & Crafts,11209.312,Africa,Nigeria
2011,NGA,Energy & Minerals,34249703.691,Africa,Nigeria
2011,NGA,Industrial Equipment & Technology,213059.773,Africa,Nigeria
2011,NGA,Textile & Apparel Manufacturing,1391.984,Africa,Nigeria
2011,RWA,Agricultural & Foods,1708.665,Africa,Rwanda
2011,RWA,Art & Collectibles,172.51,Africa,Rwanda
2011,RWA,Base Metals,87.629,Africa,Rwanda
2011,RWA,Consumer Goods & Crafts,1208.458,Africa,Rwanda
2011,RWA,Energy & Minerals,197.96,Africa,Rwanda
2011,RWA,Industrial Equipment & Technology,28794.012,Africa,Rwanda
2011,RWA,Textile & Apparel Manufacturing,464.80899999999997,Africa,Rwanda
2011,SDN,Agricultural & Foods,10784.629,Africa,Sudan
2011,SDN,Art & Collectibles,15.005,Africa,Sudan
2011,SDN,Textile & Apparel Manufacturing,0.521,Africa,Sudan
2011,SEN,Agricultural & Foods,674.337,Africa,Senegal
2011,SEN,Art & Collectibles,247.13700000000003,Africa,Senegal
2011,SEN,Base Metals,47.322,Africa,Senegal
2011,SEN,Chemical & Pharmaceutical,1444.1699999999998,Africa,Senegal
2011,SEN,Consumer Goods & Crafts,512.497,Africa,Senegal
2011,SEN,Energy & Minerals,11.046,Africa,Senegal
2011,SEN,Industrial Equipment & Technology,2390.6220000000003,Africa,Senegal
2011,SEN,Textile & Apparel Manufacturing,2451.992,Africa,Senegal
2011,SLE,Agricultural & Foods,207.882,Africa,Sierra Leone
2011,SLE,Art & Collectibles,95.237,Africa,Sierra Leone
2011,SLE,Base Metals,170.226,Africa,Sierra Leone
2011,SLE,Chemical & Pharmaceutical,525.565,Africa,Sierra Leone
2011,SLE,Consumer Goods & Crafts,11402.817,Africa,Sierra Leone
2011,SLE,Energy & Minerals,10607.313,Africa,Sierra Leone
2011,SLE,Industrial Equipment & Technology,2732.719,Africa,Sierra Leone
2011,SLE,Textile & Apparel Manufacturing,965.602,Africa,Sierra Leone
2011,SOM,Agricultural & Foods,61.156,Africa,Somalia
2011,SOM,Art & Collectibles,13.672,Africa,Somalia
2011,SOM,Consumer Goods & Crafts,15.025,Africa,Somalia
2011,SOM,Textile & Apparel Manufacturing,1.795,Africa,Somalia
2011,STP,Agricultural & Foods,37.309,Africa,Sao Tome and Principe
2011,STP,Base Metals,21.942,Africa,Sao Tome and Principe
2011,STP,Chemical & Pharmaceutical,0.362,Africa,Sao Tome and Principe
2011,STP,Consumer Goods & Crafts,511.677,Africa,Sao Tome and Principe
2011,STP,Industrial Equipment & Technology,207.33100000000002,Africa,Sao Tome and Principe
2011,SWZ,Agricultural & Foods,3381.768,Africa,Eswatini
2011,SWZ,Base Metals,387.067,Africa,Eswatini
2011,SWZ,Chemical & Pharmaceutical,6721.566999999999,Africa,Eswatini
2011,SWZ,Consumer Goods & Crafts,237.66000000000003,Africa,Eswatini
2011,SWZ,Industrial Equipment & Technology,2474.4990000000003,Africa,Eswatini
2011,SWZ,Textile & Apparel Manufacturing,113000.761,Africa,Eswatini
2011,SYC,Agricultural & Foods,321.539,Africa,Seychelles
2011,SYC,Base Metals,64.149,Africa,Seychelles
2011,SYC,Chemical & Pharmaceutical,1651.322,Africa,Seychelles
2011,SYC,Consumer Goods & Crafts,57.815,Africa,Seychelles
2011,SYC,Energy & Minerals,310.586,Africa,Seychelles
2011,SYC,Industrial Equipment & Technology,17997.672000000002,Africa,Seychelles
2011,SYC,Textile & Apparel Manufacturing,25.466,Africa,Seychelles
2011,TCD,Agricultural & Foods,7516.613,Africa,Chad
2011,TCD,Art & Collectibles,876.255,Africa,Chad
2011,TCD,Consumer Goods & Crafts,15.393,Africa,Chad
2011,TCD,Energy & Minerals,3239144.327,Africa,Chad
2011,TCD,Industrial Equipment & Technology,37.019,Africa,Chad
2011,TGO,Agricultural & Foods,27813.96,Africa,Togo
2011,TGO,Art & Collectibles,7.407,Africa,Togo
2011,TGO,Base Metals,142.051,Africa,Togo
2011,TGO,Chemical & Pharmaceutical,179.439,Africa,Togo
2011,TGO,Consumer Goods & Crafts,972.828,Africa,Togo
2011,TGO,Energy & Minerals,1604.56,Africa,Togo
2011,TGO,Industrial Equipment & Technology,2673.193,Africa,Togo
2011,TGO,Textile & Apparel Manufacturing,406.51,Africa,Togo
2011,TUN,Agricultural & Foods,81808.357,Africa,Tunisia
2011,TUN,Art & Collectibles,1727.625,Africa,Tunisia
2011,TUN,Base Metals,12993.084,Africa,Tunisia
2011,TUN,Chemical & Pharmaceutical,27691.323,Africa,Tunisia
2011,TUN,Consumer Goods & Crafts,16601.542,Africa,Tunisia
2011,TUN,Energy & Minerals,91820.585,Africa,Tunisia
2011,TUN,Industrial Equipment & Technology,99548.474,Africa,Tunisia
2011,TUN,Textile & Apparel Manufacturing,93810.754,Africa,Tunisia
2011,TZA,Agricultural & Foods,13635.164999999999,Africa,Tanzania
2011,TZA,Art & Collectibles,219.286,Africa,Tanzania
2011,TZA,Base Metals,3092.042,Africa,Tanzania
2011,TZA,Chemical & Pharmaceutical,1374.605,Africa,Tanzania
2011,TZA,Consumer Goods & Crafts,12374.27,Africa,Tanzania
2011,TZA,Energy & Minerals,95.82000000000001,Africa,Tanzania
2011,TZA,Industrial Equipment & Technology,36014.134,Africa,Tanzania
2011,TZA,Textile & Apparel Manufacturing,7137.6939999999995,Africa,Tanzania
2011,UGA,Agricultural & Foods,5482.442000000001,Africa,Uganda
2011,UGA,Art & Collectibles,30.058999999999997,Africa,Uganda
2011,UGA,Base Metals,2805.839,Africa,Uganda
2011,UGA,Chemical & Pharmaceutical,2150.648,Africa,Uganda
2011,UGA,Consumer Goods & Crafts,1543.276,Africa,Uganda
2011,UGA,Energy & Minerals,839.795,Africa,Uganda
2011,UGA,Industrial Equipment & Technology,39378.743,Africa,Uganda
2011,UGA,Textile & Apparel Manufacturing,2753.812,Africa,Uganda
2011,ZAF,Agricultural & Foods,136323.597,Africa,South Africa
2011,ZAF,Art & Collectibles,18934.716,Africa,South Africa
2011,ZAF,Base Metals,1371824.044,Africa,South Africa
2011,ZAF,Chemical & Pharmaceutical,641596.715,Africa,South Africa
2011,ZAF,Consumer Goods & Crafts,3277299.819,Africa,South Africa
2011,ZAF,Energy & Minerals,1069333.029,Africa,South Africa
2011,ZAF,Industrial Equipment & Technology,2970582.225,Africa,South Africa
2011,ZAF,Textile & Apparel Manufacturing,43551.934,Africa,South Africa
2011,ZMB,Agricultural & Foods,295.584,Africa,Zambia
2011,ZMB,Art & Collectibles,1341.722,Africa,Zambia
2011,ZMB,Base Metals,36982.487,Africa,Zambia
2011,ZMB,Chemical & Pharmaceutical,42.476,Africa,Zambia
2011,ZMB,Consumer Goods & Crafts,7747.149,Africa,Zambia
2011,ZMB,Energy & Minerals,370.196,Africa,Zambia
2011,ZMB,Industrial Equipment & Technology,4060.833,Africa,Zambia
2011,ZMB,Textile & Apparel Manufacturing,38.257,Africa,Zambia
2011,ZWE,Agricultural & Foods,1804.0,Africa,Zimbabwe
2011,ZWE,Art & Collectibles,3359.463,Africa,Zimbabwe
2011,ZWE,Base Metals,45359.985,Africa,Zimbabwe
2011,ZWE,Chemical & Pharmaceutical,51.73100000000001,Africa,Zimbabwe
2011,ZWE,Consumer Goods & Crafts,2451.512,Africa,Zimbabwe
2011,ZWE,Energy & Minerals,650.012,Africa,Zimbabwe
2011,ZWE,Industrial Equipment & Technology,1851.356,Africa,Zimbabwe
2011,ZWE,Textile & Apparel Manufacturing,214.334,Africa,Zimbabwe
2012,AGO,Art & Collectibles,268.68899999999996,Africa,Angola
2012,AGO,Base Metals,22.22,Africa,Angola
2012,AGO,Chemical & Pharmaceutical,8656.308,Africa,Angola
2012,AGO,Consumer Goods & Crafts,86100.468,Africa,Angola
2012,AGO,Energy & Minerals,9890844.990999999,Africa,Angola
2012,AGO,Industrial Equipment & Technology,40.111000000000004,Africa,Angola
2012,AGO,Textile & Apparel Manufacturing,1.262,Africa,Angola
2012,BDI,Art & Collectibles,14.996,Africa,Burundi
2012,BDI,Base Metals,81.89,Africa,Burundi
2012,BDI,Chemical & Pharmaceutical,42.118,Africa,Burundi
2012,BDI,Consumer Goods & Crafts,15.055,Africa,Burundi
2012,BDI,Industrial Equipment & Technology,4959.576,Africa,Burundi
2012,BDI,Textile & Apparel Manufacturing,1.2650000000000001,Africa,Burundi
2012,BEN,Agricultural & Foods,348.87,Africa,Benin
2012,BEN,Art & Collectibles,1290.367,Africa,Benin
2012,BEN,Base Metals,2184.7929999999997,Africa,Benin
2012,BEN,Chemical & Pharmaceutical,33.388999999999996,Africa,Benin
2012,BEN,Consumer Goods & Crafts,430.683,Africa,Benin
2012,BEN,Industrial Equipment & Technology,159.105,Africa,Benin
2012,BEN,Textile & Apparel Manufacturing,21.281,Africa,Benin
2012,BFA,Agricultural & Foods,89.756,Africa,Burkina Faso
2012,BFA,Art & Collectibles,247.555,Africa,Burkina Faso
2012,BFA,Base Metals,1567.4789999999998,Africa,Burkina Faso
2012,BFA,Chemical & Pharmaceutical,110.53399999999999,Africa,Burkina Faso
2012,BFA,Consumer Goods & Crafts,246.222,Africa,Burkina Faso
2012,BFA,Energy & Minerals,75.182,Africa,Burkina Faso
2012,BFA,Industrial Equipment & Technology,29349.396999999997,Africa,Burkina Faso
2012,BFA,Textile & Apparel Manufacturing,89.22200000000001,Africa,Burkina Faso
2012,BWA,Agricultural & Foods,1.923,Africa,Botswana
2012,BWA,Art & Collectibles,308.23199999999997,Africa,Botswana
2012,BWA,Base Metals,118.469,Africa,Botswana
2012,BWA,Chemical & Pharmaceutical,107.443,Africa,Botswana
2012,BWA,Consumer Goods & Crafts,179029.219,Africa,Botswana
2012,BWA,Energy & Minerals,0.157,Africa,Botswana
2012,BWA,Industrial Equipment & Technology,8956.487,Africa,Botswana
2012,BWA,Textile & Apparel Manufacturing,21761.201,Africa,Botswana
2012,CAF,Agricultural & Foods,726.49,Africa,Central African Republic
2012,CAF,Base Metals,34.549,Africa,Central African Republic
2012,CAF,Consumer Goods & Crafts,2740.2529999999997,Africa,Central African Republic
2012,CAF,Industrial Equipment & Technology,723.5980000000001,Africa,Central African Republic
2012,CAF,Textile & Apparel Manufacturing,1.596,Africa,Central African Republic
2012,CIV,Agricultural & Foods,806652.207,Africa,Côte d'Ivoire
2012,CIV,Art & Collectibles,2637.2000000000003,Africa,Côte d'Ivoire
2012,CIV,Base Metals,14501.115,Africa,Côte d'Ivoire
2012,CIV,Chemical & Pharmaceutical,104614.443,Africa,Côte d'Ivoire
2012,CIV,Consumer Goods & Crafts,16140.636,Africa,Côte d'Ivoire
2012,CIV,Energy & Minerals,208016.601,Africa,Côte d'Ivoire
2012,CIV,Industrial Equipment & Technology,3727.14,Africa,Côte d'Ivoire
2012,CIV,Textile & Apparel Manufacturing,758.271,Africa,Côte d'Ivoire
2012,CMR,Agricultural & Foods,52941.898,Africa,Cameroon
2012,CMR,Art & Collectibles,207.28199999999998,Africa,Cameroon
2012,CMR,Base Metals,492.019,Africa,Cameroon
2012,CMR,Chemical & Pharmaceutical,30944.168,Africa,Cameroon
2012,CMR,Consumer Goods & Crafts,32054.708,Africa,Cameroon
2012,CMR,Energy & Minerals,181406.853,Africa,Cameroon
2012,CMR,Industrial Equipment & Technology,23728.323999999997,Africa,Cameroon
2012,CMR,Textile & Apparel Manufacturing,1325.68,Africa,Cameroon
2012,COD,Agricultural & Foods,3345.573,Africa,DR Congo
2012,COD,Art & Collectibles,2173.2490000000003,Africa,DR Congo
2012,COD,Base Metals,566.741,Africa,DR Congo
2012,COD,Chemical & Pharmaceutical,1308.969,Africa,DR Congo
2012,COD,Consumer Goods & Crafts,25681.993,Africa,DR Congo
2012,COD,Energy & Minerals,6457.509999999999,Africa,DR Congo
2012,COD,Industrial Equipment & Technology,2022.854,Africa,DR Congo
2012,COD,Textile & Apparel Manufacturing,22.51,Africa,DR Congo
2012,COG,Agricultural & Foods,6098.284000000001,Africa,Congo Republic
2012,COG,Art & Collectibles,11248.677000000001,Africa,Congo Republic
2012,COG,Base Metals,2258.725,Africa,Congo Republic
2012,COG,Chemical & Pharmaceutical,117.531,Africa,Congo Republic
2012,COG,Consumer Goods & Crafts,14632.37,Africa,Congo Republic
2012,COG,Energy & Minerals,1467194.1479999998,Africa,Congo Republic
2012,COG,Industrial Equipment & Technology,11660.366,Africa,Congo Republic
2012,COG,Textile & Apparel Manufacturing,1.297,Africa,Congo Republic
2012,COM,Art & Collectibles,10.45,Africa,Comoros
2012,COM,Chemical & Pharmaceutical,11.32,Africa,Comoros
2012,COM,Consumer Goods & Crafts,1.268,Africa,Comoros
2012,COM,Industrial Equipment & Technology,1946.454,Africa,Comoros
2012,COM,Textile & Apparel Manufacturing,20.299,Africa,Comoros
2012,CPV,Agricultural & Foods,781.588,Africa,Cabo Verde
2012,CPV,Base Metals,69.211,Africa,Cabo Verde
2012,CPV,Chemical & Pharmaceutical,7.387,Africa,Cabo Verde
2012,CPV,Consumer Goods & Crafts,120.158,Africa,Cabo Verde
2012,CPV,Industrial Equipment & Technology,3164.0339999999997,Africa,Cabo Verde
2012,CPV,Textile & Apparel Manufacturing,39.728,Africa,Cabo Verde
2012,DJI,Agricultural & Foods,190.73,Africa,Djibouti
2012,DJI,Art & Collectibles,14.437,Africa,Djibouti
2012,DJI,Base Metals,85.324,Africa,Djibouti
2012,DJI,Chemical & Pharmaceutical,11.613999999999999,Africa,Djibouti
2012,DJI,Consumer Goods & Crafts,1.681,Africa,Djibouti
2012,DJI,Industrial Equipment & Technology,1397.554,Africa,Djibouti
2012,DJI,Textile & Apparel Manufacturing,1.5719999999999998,Africa,Djibouti
2012,DZA,Agricultural & Foods,149.924,Africa,Algeria
2012,DZA,Art & Collectibles,99.315,Africa,Algeria
2012,DZA,Base Metals,4427.64,Africa,Algeria
2012,DZA,Chemical & Pharmaceutical,184.135,Africa,Algeria
2012,DZA,Consumer Goods & Crafts,579.638,Africa,Algeria
2012,DZA,Energy & Minerals,10446449.188,Africa,Algeria
2012,DZA,Industrial Equipment & Technology,4120.073,Africa,Algeria
2012,DZA,Textile & Apparel Manufacturing,8.47,Africa,Algeria
2012,EGY,Agricultural & Foods,59686.342,Africa,Egypt
2012,EGY,Art & Collectibles,20260.639,Africa,Egypt
2012,EGY,Base Metals,42821.189,Africa,Egypt
2012,EGY,Chemical & Pharmaceutical,340770.958,Africa,Egypt
2012,EGY,Consumer Goods & Crafts,77635.023,Africa,Egypt
2012,EGY,Energy & Minerals,713740.6,Africa,Egypt
2012,EGY,Industrial Equipment & Technology,30027.735,Africa,Egypt
2012,EGY,Textile & Apparel Manufacturing,1216405.61,Africa,Egypt
2012,ERI,Agricultural & Foods,135.807,Africa,Eritrea
2012,ERI,Chemical & Pharmaceutical,0.632,Africa,Eritrea
2012,ERI,Consumer Goods & Crafts,49.976,Africa,Eritrea
2012,ERI,Industrial Equipment & Technology,37.888999999999996,Africa,Eritrea
2012,ETH,Agricultural & Foods,24982.254999999997,Africa,Ethiopia
2012,ETH,Art & Collectibles,164.927,Africa,Ethiopia
2012,ETH,Base Metals,209.17899999999997,Africa,Ethiopia
2012,ETH,Chemical & Pharmaceutical,212.51,Africa,Ethiopia
2012,ETH,Consumer Goods & Crafts,4485.153,Africa,Ethiopia
2012,ETH,Energy & Minerals,4639.567,Africa,Ethiopia
2012,ETH,Industrial Equipment & Technology,81901.82299999999,Africa,Ethiopia
2012,ETH,Textile & Apparel Manufacturing,25078.024999999998,Africa,Ethiopia
2012,GAB,Agricultural & Foods,34.695,Africa,Gabon
2012,GAB,Art & Collectibles,4739.208,Africa,Gabon
2012,GAB,Base Metals,3760.9370000000004,Africa,Gabon
2012,GAB,Chemical & Pharmaceutical,695.544,Africa,Gabon
2012,GAB,Consumer Goods & Crafts,9024.043,Africa,Gabon
2012,GAB,Energy & Minerals,1902683.856,Africa,Gabon
2012,GAB,Industrial Equipment & Technology,106952.243,Africa,Gabon
2012,GAB,Textile & Apparel Manufacturing,43.095,Africa,Gabon
2012,GHA,Agricultural & Foods,186114.569,Africa,Ghana
2012,GHA,Art & Collectibles,488.739,Africa,Ghana
2012,GHA,Base Metals,8303.435,Africa,Ghana
2012,GHA,Chemical & Pharmaceutical,27305.604000000003,Africa,Ghana
2012,GHA,Consumer Goods & Crafts,38188.026,Africa,Ghana
2012,GHA,Energy & Minerals,144205.138,Africa,Ghana
2012,GHA,Industrial Equipment & Technology,8611.407,Africa,Ghana
2012,GHA,Textile & Apparel Manufacturing,3792.591,Africa,Ghana
2012,GIN,Agricultural & Foods,605.532,Africa,Guinea
2012,GIN,Art & Collectibles,26.071,Africa,Guinea
2012,GIN,Base Metals,38.8,Africa,Guinea
2012,GIN,Chemical & Pharmaceutical,97.667,Africa,Guinea
2012,GIN,Consumer Goods & Crafts,3966.318,Africa,Guinea
2012,GIN,Energy & Minerals,134665.713,Africa,Guinea
2012,GIN,Industrial Equipment & Technology,1133.525,Africa,Guinea
2012,GIN,Textile & Apparel Manufacturing,42.889,Africa,Guinea
2012,GMB,Agricultural & Foods,58.168,Africa,Gambia
2012,GMB,Art & Collectibles,12.763,Africa,Gambia
2012,GMB,Base Metals,47.129,Africa,Gambia
2012,GMB,Chemical & Pharmaceutical,16.003,Africa,Gambia
2012,GMB,Consumer Goods & Crafts,13.165000000000001,Africa,Gambia
2012,GMB,Energy & Minerals,0.313,Africa,Gambia
2012,GMB,Industrial Equipment & Technology,213.474,Africa,Gambia
2012,GMB,Textile & Apparel Manufacturing,40.972,Africa,Gambia
2012,GNB,Art & Collectibles,10.107,Africa,Guinea-Bissau
2012,GNB,Industrial Equipment & Technology,57.719,Africa,Guinea-Bissau
2012,GNQ,Agricultural & Foods,21.278,Africa,Equatorial Guinea
2012,GNQ,Base Metals,425.44399999999996,Africa,Equatorial Guinea
2012,GNQ,Chemical & Pharmaceutical,111101.172,Africa,Equatorial Guinea
2012,GNQ,Consumer Goods & Crafts,189.003,Africa,Equatorial Guinea
2012,GNQ,Energy & Minerals,1626274.789,Africa,Equatorial Guinea
2012,GNQ,Industrial Equipment & Technology,560.154,Africa,Equatorial Guinea
2012,GNQ,Textile & Apparel Manufacturing,5.25,Africa,Equatorial Guinea
2012,KEN,Agricultural & Foods,15140.672999999999,Africa,Kenya
2012,KEN,Art & Collectibles,650.278,Africa,Kenya
2012,KEN,Base Metals,33940.229,Africa,Kenya
2012,KEN,Chemical & Pharmaceutical,3711.877,Africa,Kenya
2012,KEN,Consumer Goods & Crafts,7262.499,Africa,Kenya
2012,KEN,Energy & Minerals,65.08500000000001,Africa,Kenya
2012,KEN,Industrial Equipment & Technology,60746.844000000005,Africa,Kenya
2012,KEN,Textile & Apparel Manufacturing,268980.64999999997,Africa,Kenya
2012,LBR,Agricultural & Foods,474.514,Africa,Liberia
2012,LBR,Art & Collectibles,43.491,Africa,Liberia
2012,LBR,Chemical & Pharmaceutical,144892.96300000002,Africa,Liberia
2012,LBR,Consumer Goods & Crafts,446.444,Africa,Liberia
2012,LBR,Energy & Minerals,19.696,Africa,Liberia
2012,LBR,Industrial Equipment & Technology,134.971,Africa,Liberia
2012,LBR,Textile & Apparel Manufacturing,100.751,Africa,Liberia
2012,LBY,Art & Collectibles,25.721,Africa,Libya
2012,LBY,Energy & Minerals,2552741.062,Africa,Libya
2012,LBY,Textile & Apparel Manufacturing,6.147,Africa,Libya
2012,LSO,Agricultural & Foods,10.611,Africa,Lesotho
2012,LSO,Chemical & Pharmaceutical,82.58,Africa,Lesotho
2012,LSO,Consumer Goods & Crafts,9384.414,Africa,Lesotho
2012,LSO,Industrial Equipment & Technology,151.086,Africa,Lesotho
2012,LSO,Textile & Apparel Manufacturing,305816.449,Africa,Lesotho
2012,MAR,Agricultural & Foods,122476.727,Africa,Morocco
2012,MAR,Art & Collectibles,2117.207,Africa,Morocco
2012,MAR,Base Metals,33591.008,Africa,Morocco
2012,MAR,Chemical & Pharmaceutical,200646.193,Africa,Morocco
2012,MAR,Consumer Goods & Crafts,41633.803,Africa,Morocco
2012,MAR,Energy & Minerals,340277.126,Africa,Morocco
2012,MAR,Industrial Equipment & Technology,227917.04499999998,Africa,Morocco
2012,MAR,Textile & Apparel Manufacturing,121261.998,Africa,Morocco
2012,MDG,Agricultural & Foods,4790.915,Africa,Madagascar
2012,MDG,Art & Collectibles,402.969,Africa,Madagascar
2012,MDG,Base Metals,13200.792000000001,Africa,Madagascar
2012,MDG,Chemical & Pharmaceutical,3200.1240000000003,Africa,Madagascar
2012,MDG,Consumer Goods & Crafts,7581.2390000000005,Africa,Madagascar
2012,MDG,Energy & Minerals,1893.754,Africa,Madagascar
2012,MDG,Industrial Equipment & Technology,38249.832,Africa,Madagascar
2012,MDG,Textile & Apparel Manufacturing,43209.019,Africa,Madagascar
2012,MLI,Agricultural & Foods,593.23,Africa,Mali
2012,MLI,Art & Collectibles,1509.742,Africa,Mali
2012,MLI,Base Metals,107.71900000000001,Africa,Mali
2012,MLI,Chemical & Pharmaceutical,109.025,Africa,Mali
2012,MLI,Consumer Goods & Crafts,463.017,Africa,Mali
2012,MLI,Energy & Minerals,24.739,Africa,Mali
2012,MLI,Industrial Equipment & Technology,7779.017,Africa,Mali
2012,MLI,Textile & Apparel Manufacturing,105.922,Africa,Mali
2012,MOZ,Agricultural & Foods,1539.3229999999999,Africa,Mozambique
2012,MOZ,Art & Collectibles,13.525,Africa,Mozambique
2012,MOZ,Base Metals,14050.2,Africa,Mozambique
2012,MOZ,Chemical & Pharmaceutical,205.061,Africa,Mozambique
2012,MOZ,Consumer Goods & Crafts,5843.76,Africa,Mozambique
2012,MOZ,Energy & Minerals,24477.349,Africa,Mozambique
2012,MOZ,Industrial Equipment & Technology,3576.278,Africa,Mozambique
2012,MOZ,Textile & Apparel Manufacturing,876.438,Africa,Mozambique
2012,MRT,Art & Collectibles,7.989,Africa,Mauritania
2012,MRT,Chemical & Pharmaceutical,288.868,Africa,Mauritania
2012,MRT,Consumer Goods & Crafts,301.579,Africa,Mauritania
2012,MRT,Energy & Minerals,0.155,Africa,Mauritania
2012,MRT,Industrial Equipment & Technology,97.15,Africa,Mauritania
2012,MRT,Textile & Apparel Manufacturing,9.727,Africa,Mauritania
2012,MUS,Agricultural & Foods,51906.474,Africa,Mauritius
2012,MUS,Art & Collectibles,11.379999999999999,Africa,Mauritius
2012,MUS,Base Metals,86.55,Africa,Mauritius
2012,MUS,Chemical & Pharmaceutical,2192.705,Africa,Mauritius
2012,MUS,Consumer Goods & Crafts,33782.061,Africa,Mauritius
2012,MUS,Energy & Minerals,19.288999999999998,Africa,Mauritius
2012,MUS,Industrial Equipment & Technology,10866.971,Africa,Mauritius
2012,MUS,Textile & Apparel Manufacturing,168005.624,Africa,Mauritius
2012,MWI,Agricultural & Foods,48957.671,Africa,Malawi
2012,MWI,Art & Collectibles,5.917999999999999,Africa,Malawi
2012,MWI,Base Metals,5011.661999999999,Africa,Malawi
2012,MWI,Chemical & Pharmaceutical,71.87400000000001,Africa,Malawi
2012,MWI,Consumer Goods & Crafts,95.10000000000001,Africa,Malawi
2012,MWI,Energy & Minerals,45.12,Africa,Malawi
2012,MWI,Industrial Equipment & Technology,7124.291,Africa,Malawi
2012,MWI,Textile & Apparel Manufacturing,11235.328000000001,Africa,Malawi
2012,NAM,Agricultural & Foods,65.92399999999999,Africa,Namibia
2012,NAM,Art & Collectibles,1444.675,Africa,Namibia
2012,NAM,Base Metals,1219.241,Africa,Namibia
2012,NAM,Chemical & Pharmaceutical,7203.8150000000005,Africa,Namibia
2012,NAM,Consumer Goods & Crafts,118697.391,Africa,Namibia
2012,NAM,Energy & Minerals,102468.399,Africa,Namibia
2012,NAM,Industrial Equipment & Technology,1992.337,Africa,Namibia
2012,NAM,Textile & Apparel Manufacturing,452.51099999999997,Africa,Namibia
2012,NER,Agricultural & Foods,136.193,Africa,Niger
2012,NER,Art & Collectibles,152.887,Africa,Niger
2012,NER,Base Metals,167.228,Africa,Niger
2012,NER,Chemical & Pharmaceutical,88.889,Africa,Niger
2012,NER,Consumer Goods & Crafts,3361.981,Africa,Niger
2012,NER,Energy & Minerals,76526.159,Africa,Niger
2012,NER,Industrial Equipment & Technology,4424.2,Africa,Niger
2012,NER,Textile & Apparel Manufacturing,11603.492999999999,Africa,Niger
2012,NGA,Agricultural & Foods,164240.951,Africa,Nigeria
2012,NGA,Art & Collectibles,7439.828,Africa,Nigeria
2012,NGA,Base Metals,25108.196,Africa,Nigeria
2012,NGA,Chemical & Pharmaceutical,506245.04399999994,Africa,Nigeria
2012,NGA,Consumer Goods & Crafts,22702.358,Africa,Nigeria
2012,NGA,Energy & Minerals,22460931.132000003,Africa,Nigeria
2012,NGA,Industrial Equipment & Technology,165839.23500000002,Africa,Nigeria
2012,NGA,Textile & Apparel Manufacturing,44449.797,Africa,Nigeria
2012,RWA,Agricultural & Foods,8544.032,Africa,Rwanda
2012,RWA,Art & Collectibles,157.129,Africa,Rwanda
2012,RWA,Base Metals,600.663,Africa,Rwanda
2012,RWA,Consumer Goods & Crafts,2516.439,Africa,Rwanda
2012,RWA,Energy & Minerals,3969.835,Africa,Rwanda
2012,RWA,Industrial Equipment & Technology,23480.811,Africa,Rwanda
2012,RWA,Textile & Apparel Manufacturing,99.295,Africa,Rwanda
2012,SDN,Agricultural & Foods,7237.631,Africa,Sudan
2012,SDN,Chemical & Pharmaceutical,5.604,Africa,Sudan
2012,SDN,Consumer Goods & Crafts,14.81,Africa,Sudan
2012,SEN,Agricultural & Foods,664.991,Africa,Senegal
2012,SEN,Art & Collectibles,222.722,Africa,Senegal
2012,SEN,Base Metals,176.096,Africa,Senegal
2012,SEN,Chemical & Pharmaceutical,2141.114,Africa,Senegal
2012,SEN,Consumer Goods & Crafts,1043.993,Africa,Senegal
2012,SEN,Energy & Minerals,5675.701,Africa,Senegal
2012,SEN,Industrial Equipment & Technology,3441.604,Africa,Senegal
2012,SEN,Textile & Apparel Manufacturing,6768.633,Africa,Senegal
2012,SLE,Agricultural & Foods,287.714,Africa,Sierra Leone
2012,SLE,Art & Collectibles,2289.59,Africa,Sierra Leone
2012,SLE,Base Metals,96.967,Africa,Sierra Leone
2012,SLE,Chemical & Pharmaceutical,707.333,Africa,Sierra Leone
2012,SLE,Consumer Goods & Crafts,4128.621,Africa,Sierra Leone
2012,SLE,Energy & Minerals,6043.358,Africa,Sierra Leone
2012,SLE,Industrial Equipment & Technology,4001.907,Africa,Sierra Leone
2012,SLE,Textile & Apparel Manufacturing,226.612,Africa,Sierra Leone
2012,SOM,Agricultural & Foods,157.958,Africa,Somalia
2012,SOM,Art & Collectibles,56.475,Africa,Somalia
2012,SOM,Consumer Goods & Crafts,3.638,Africa,Somalia
2012,SOM,Textile & Apparel Manufacturing,0.489,Africa,Somalia
2012,SSD,Textile & Apparel Manufacturing,0.342,Africa,South Sudan
2012,STP,Agricultural & Foods,69.81700000000001,Africa,Sao Tome and Principe
2012,STP,Art & Collectibles,5.628,Africa,Sao Tome and Principe
2012,STP,Base Metals,38.564,Africa,Sao Tome and Principe
2012,STP,Consumer Goods & Crafts,262.763,Africa,Sao Tome and Principe
2012,STP,Industrial Equipment & Technology,227.38899999999998,Africa,Sao Tome and Principe
2012,STP,Textile & Apparel Manufacturing,0.318,Africa,Sao Tome and Principe
2012,SWZ,Agricultural & Foods,5056.881,Africa,Eswatini
2012,SWZ,Art & Collectibles,10.628,Africa,Eswatini
2012,SWZ,Base Metals,332.023,Africa,Eswatini
2012,SWZ,Chemical & Pharmaceutical,584.74,Africa,Eswatini
2012,SWZ,Consumer Goods & Crafts,400.406,Africa,Eswatini
2012,SWZ,Industrial Equipment & Technology,1690.2749999999999,Africa,Eswatini
2012,SWZ,Textile & Apparel Manufacturing,84752.719,Africa,Eswatini
2012,SYC,Base Metals,92.259,Africa,Seychelles
2012,SYC,Chemical & Pharmaceutical,1830.9360000000001,Africa,Seychelles
2012,SYC,Consumer Goods & Crafts,85.479,Africa,Seychelles
2012,SYC,Energy & Minerals,2.633,Africa,Seychelles
2012,SYC,Industrial Equipment & Technology,20679.936999999998,Africa,Seychelles
2012,SYC,Textile & Apparel Manufacturing,1.255,Africa,Seychelles
2012,TCD,Agricultural & Foods,9583.707,Africa,Chad
2012,TCD,Art & Collectibles,200.15,Africa,Chad
2012,TCD,Chemical & Pharmaceutical,2.693,Africa,Chad
2012,TCD,Consumer Goods & Crafts,3.192,Africa,Chad
2012,TCD,Energy & Minerals,2704552.146,Africa,Chad
2012,TCD,Industrial Equipment & Technology,4.548,Africa,Chad
2012,TCD,Textile & Apparel Manufacturing,0.724,Africa,Chad
2012,TGO,Agricultural & Foods,1246.523,Africa,Togo
2012,TGO,Art & Collectibles,83.997,Africa,Togo
2012,TGO,Base Metals,1644.529,Africa,Togo
2012,TGO,Chemical & Pharmaceutical,1203.965,Africa,Togo
2012,TGO,Consumer Goods & Crafts,353.236,Africa,Togo
2012,TGO,Energy & Minerals,47171.109,Africa,Togo
2012,TGO,Industrial Equipment & Technology,73.048,Africa,Togo
2012,TGO,Textile & Apparel Manufacturing,1854.562,Africa,Togo
2012,TUN,Agricultural & Foods,113913.48400000001,Africa,Tunisia
2012,TUN,Art & Collectibles,462.642,Africa,Tunisia
2012,TUN,Base Metals,27675.611,Africa,Tunisia
2012,TUN,Chemical & Pharmaceutical,5730.464,Africa,Tunisia
2012,TUN,Consumer Goods & Crafts,37035.248,Africa,Tunisia
2012,TUN,Energy & Minerals,338634.12799999997,Africa,Tunisia
2012,TUN,Industrial Equipment & Technology,137861.088,Africa,Tunisia
2012,TUN,Textile & Apparel Manufacturing,103671.963,Africa,Tunisia
2012,TZA,Agricultural & Foods,16126.774,Africa,Tanzania
2012,TZA,Art & Collectibles,569.826,Africa,Tanzania
2012,TZA,Base Metals,4607.941,Africa,Tanzania
2012,TZA,Chemical & Pharmaceutical,2398.3289999999997,Africa,Tanzania
2012,TZA,Consumer Goods & Crafts,59254.845,Africa,Tanzania
2012,TZA,Energy & Minerals,2750.986,Africa,Tanzania
2012,TZA,Industrial Equipment & Technology,35965.424,Africa,Tanzania
2012,TZA,Textile & Apparel Manufacturing,9047.766,Africa,Tanzania
2012,UGA,Agricultural & Foods,992.2860000000001,Africa,Uganda
2012,UGA,Art & Collectibles,25.42,Africa,Uganda
2012,UGA,Base Metals,581.2610000000001,Africa,Uganda
2012,UGA,Chemical & Pharmaceutical,2198.6929999999998,Africa,Uganda
2012,UGA,Consumer Goods & Crafts,1766.535,Africa,Uganda
2012,UGA,Energy & Minerals,824.896,Africa,Uganda
2012,UGA,Industrial Equipment & Technology,28855.795000000002,Africa,Uganda
2012,UGA,Textile & Apparel Manufacturing,1593.818,Africa,Uganda
2012,ZAF,Agricultural & Foods,176056.785,Africa,South Africa
2012,ZAF,Art & Collectibles,19676.072,Africa,South Africa
2012,ZAF,Base Metals,1455962.948,Africa,South Africa
2012,ZAF,Chemical & Pharmaceutical,647910.149,Africa,South Africa
2012,ZAF,Consumer Goods & Crafts,2566941.407,Africa,South Africa
2012,ZAF,Energy & Minerals,1121983.044,Africa,South Africa
2012,ZAF,Industrial Equipment & Technology,2843537.589,Africa,South Africa
2012,ZAF,Textile & Apparel Manufacturing,46111.655999999995,Africa,South Africa
2012,ZMB,Agricultural & Foods,645.233,Africa,Zambia
2012,ZMB,Art & Collectibles,179.60700000000003,Africa,Zambia
2012,ZMB,Base Metals,31452.676,Africa,Zambia
2012,ZMB,Chemical & Pharmaceutical,58.139,Africa,Zambia
2012,ZMB,Consumer Goods & Crafts,29338.386,Africa,Zambia
2012,ZMB,Energy & Minerals,333.761,Africa,Zambia
2012,ZMB,Industrial Equipment & Technology,4372.2519999999995,Africa,Zambia
2012,ZMB,Textile & Apparel Manufacturing,83.184,Africa,Zambia
2012,ZWE,Agricultural & Foods,2816.609,Africa,Zimbabwe
2012,ZWE,Art & Collectibles,369.94,Africa,Zimbabwe
2012,ZWE,Base Metals,43550.611,Africa,Zimbabwe
2012,ZWE,Chemical & Pharmaceutical,47.758,Africa,Zimbabwe
2012,ZWE,Consumer Goods & Crafts,2312.114,Africa,Zimbabwe
2012,ZWE,Energy & Minerals,501.9069999999999,Africa,Zimbabwe
2012,ZWE,Industrial Equipment & Technology,3754.2659999999996,Africa,Zimbabwe
2012,ZWE,Textile & Apparel Manufacturing,283.90000000000003,Africa,Zimbabwe
2013,AGO,Art & Collectibles,3.819,Africa,Angola
2013,AGO,Chemical & Pharmaceutical,137.417,Africa,Angola
2013,AGO,Consumer Goods & Crafts,18596.855,Africa,Angola
2013,AGO,Energy & Minerals,8972319.882000001,Africa,Angola
2013,AGO,Industrial Equipment & Technology,4.5,Africa,Angola
2013,BDI,Base Metals,10.698,Africa,Burundi
2013,BDI,Chemical & Pharmaceutical,14.441,Africa,Burundi
2013,BDI,Consumer Goods & Crafts,2.113,Africa,Burundi
2013,BDI,Industrial Equipment & Technology,4809.7,Africa,Burundi
2013,BDI,Textile & Apparel Manufacturing,1.002,Africa,Burundi
2013,BEN,Agricultural & Foods,306.962,Africa,Benin
2013,BEN,Art & Collectibles,127.364,Africa,Benin
2013,BEN,Base Metals,5417.491,Africa,Benin
2013,BEN,Chemical & Pharmaceutical,35.164,Africa,Benin
2013,BEN,Consumer Goods & Crafts,203.385,Africa,Benin
2013,BEN,Industrial Equipment & Technology,340.283,Africa,Benin
2013,BEN,Textile & Apparel Manufacturing,7.109,Africa,Benin
2013,BFA,Agricultural & Foods,421.357,Africa,Burkina Faso
2013,BFA,Art & Collectibles,486.261,Africa,Burkina Faso
2013,BFA,Base Metals,2792.799,Africa,Burkina Faso
2013,BFA,Chemical & Pharmaceutical,172.86,Africa,Burkina Faso
2013,BFA,Consumer Goods & Crafts,299.03999999999996,Africa,Burkina Faso
2013,BFA,Energy & Minerals,394.01599999999996,Africa,Burkina Faso
2013,BFA,Industrial Equipment & Technology,1514.876,Africa,Burkina Faso
2013,BFA,Textile & Apparel Manufacturing,267.925,Africa,Burkina Faso
2013,BWA,Art & Collectibles,1478.816,Africa,Botswana
2013,BWA,Base Metals,15.435,Africa,Botswana
2013,BWA,Chemical & Pharmaceutical,35.89300000000001,Africa,Botswana
2013,BWA,Consumer Goods & Crafts,227511.905,Africa,Botswana
2013,BWA,Energy & Minerals,70.37799999999999,Africa,Botswana
2013,BWA,Industrial Equipment & Technology,1912.757,Africa,Botswana
2013,BWA,Textile & Apparel Manufacturing,12346.282000000001,Africa,Botswana
2013,CAF,Agricultural & Foods,272.604,Africa,Central African Republic
2013,CAF,Consumer Goods & Crafts,2491.786,Africa,Central African Republic
2013,CAF,Industrial Equipment & Technology,87.844,Africa,Central African Republic
2013,CAF,Textile & Apparel Manufacturing,1.675,Africa,Central African Republic
2013,CIV,Agricultural & Foods,896734.9369999999,Africa,Côte d'Ivoire
2013,CIV,Art & Collectibles,6479.045,Africa,Côte d'Ivoire
2013,CIV,Base Metals,19916.998000000003,Africa,Côte d'Ivoire
2013,CIV,Chemical & Pharmaceutical,109124.394,Africa,Côte d'Ivoire
2013,CIV,Consumer Goods & Crafts,15689.154,Africa,Côte d'Ivoire
2013,CIV,Energy & Minerals,51079.567,Africa,Côte d'Ivoire
2013,CIV,Industrial Equipment & Technology,3886.71,Africa,Côte d'Ivoire
2013,CIV,Textile & Apparel Manufacturing,895.005,Africa,Côte d'Ivoire
2013,CMR,Agricultural & Foods,25032.838,Africa,Cameroon
2013,CMR,Art & Collectibles,2991.244,Africa,Cameroon
2013,CMR,Base Metals,479.16,Africa,Cameroon
2013,CMR,Chemical & Pharmaceutical,25715.054,Africa,Cameroon
2013,CMR,Consumer Goods & Crafts,38697.277,Africa,Cameroon
2013,CMR,Energy & Minerals,339577.61,Africa,Cameroon
2013,CMR,Industrial Equipment & Technology,7699.483,Africa,Cameroon
2013,CMR,Textile & Apparel Manufacturing,653.518,Africa,Cameroon
2013,COD,Agricultural & Foods,5066.597,Africa,DR Congo
2013,COD,Art & Collectibles,10326.012,Africa,DR Congo
2013,COD,Base Metals,50740.78599999999,Africa,DR Congo
2013,COD,Chemical & Pharmaceutical,248.00300000000001,Africa,DR Congo
2013,COD,Consumer Goods & Crafts,6851.094,Africa,DR Congo
2013,COD,Energy & Minerals,2909.621,Africa,DR Congo
2013,COD,Industrial Equipment & Technology,1733.924,Africa,DR Congo
2013,COG,Agricultural & Foods,6929.021,Africa,Congo Republic
2013,COG,Art & Collectibles,1838.913,Africa,Congo Republic
2013,COG,Base Metals,43208.049000000006,Africa,Congo Republic
2013,COG,Chemical & Pharmaceutical,18.077,Africa,Congo Republic
2013,COG,Consumer Goods & Crafts,16462.679,Africa,Congo Republic
2013,COG,Energy & Minerals,1114551.352,Africa,Congo Republic
2013,COG,Industrial Equipment & Technology,21431.662,Africa,Congo Republic
2013,COG,Textile & Apparel Manufacturing,37.93,Africa,Congo Republic
2013,COM,Chemical & Pharmaceutical,49.081,Africa,Comoros
2013,COM,Industrial Equipment & Technology,2806.0,Africa,Comoros
2013,COM,Textile & Apparel Manufacturing,1.183,Africa,Comoros
2013,CPV,Agricultural & Foods,658.797,Africa,Cabo Verde
2013,CPV,Base Metals,30.684,Africa,Cabo Verde
2013,CPV,Chemical & Pharmaceutical,129.125,Africa,Cabo Verde
2013,CPV,Consumer Goods & Crafts,255.351,Africa,Cabo Verde
2013,CPV,Industrial Equipment & Technology,315.654,Africa,Cabo Verde
2013,CPV,Textile & Apparel Manufacturing,1068.9740000000002,Africa,Cabo Verde
2013,DJI,Agricultural & Foods,72.697,Africa,Djibouti
2013,DJI,Art & Collectibles,2.751,Africa,Djibouti
2013,DJI,Base Metals,59.9,Africa,Djibouti
2013,DJI,Consumer Goods & Crafts,13.288,Africa,Djibouti
2013,DJI,Energy & Minerals,3.85,Africa,Djibouti
2013,DJI,Industrial Equipment & Technology,342.669,Africa,Djibouti
2013,DJI,Textile & Apparel Manufacturing,0.3,Africa,Djibouti
2013,DZA,Agricultural & Foods,1.831,Africa,Algeria
2013,DZA,Art & Collectibles,34.435,Africa,Algeria
2013,DZA,Base Metals,1916.446,Africa,Algeria
2013,DZA,Chemical & Pharmaceutical,1180.676,Africa,Algeria
2013,DZA,Consumer Goods & Crafts,314.027,Africa,Algeria
2013,DZA,Energy & Minerals,5649196.158,Africa,Algeria
2013,DZA,Industrial Equipment & Technology,3244.104,Africa,Algeria
2013,DZA,Textile & Apparel Manufacturing,1.573,Africa,Algeria
2013,EGY,Agricultural & Foods,70377.357,Africa,Egypt
2013,EGY,Art & Collectibles,31461.262000000002,Africa,Egypt
2013,EGY,Base Metals,43602.801999999996,Africa,Egypt
2013,EGY,Chemical & Pharmaceutical,175422.20500000002,Africa,Egypt
2013,EGY,Consumer Goods & Crafts,85271.778,Africa,Egypt
2013,EGY,Energy & Minerals,223214.64399999997,Africa,Egypt
2013,EGY,Industrial Equipment & Technology,30719.709,Africa,Egypt
2013,EGY,Textile & Apparel Manufacturing,1191416.273,Africa,Egypt
2013,ERI,Agricultural & Foods,73.273,Africa,Eritrea
2013,ERI,Art & Collectibles,3.209,Africa,Eritrea
2013,ERI,Consumer Goods & Crafts,4.695,Africa,Eritrea
2013,ERI,Industrial Equipment & Technology,5.354,Africa,Eritrea
2013,ERI,Textile & Apparel Manufacturing,69.435,Africa,Eritrea
2013,ETH,Agricultural & Foods,27771.511,Africa,Ethiopia
2013,ETH,Art & Collectibles,272.785,Africa,Ethiopia
2013,ETH,Base Metals,336.972,Africa,Ethiopia
2013,ETH,Chemical & Pharmaceutical,154.864,Africa,Ethiopia
2013,ETH,Consumer Goods & Crafts,3983.6409999999996,Africa,Ethiopia
2013,ETH,Energy & Minerals,5.564,Africa,Ethiopia
2013,ETH,Industrial Equipment & Technology,90356.66200000001,Africa,Ethiopia
2013,ETH,Textile & Apparel Manufacturing,45186.432,Africa,Ethiopia
2013,GAB,Agricultural & Foods,2.853,Africa,Gabon
2013,GAB,Art & Collectibles,4459.05,Africa,Gabon
2013,GAB,Base Metals,1220.0420000000001,Africa,Gabon
2013,GAB,Chemical & Pharmaceutical,2840.186,Africa,Gabon
2013,GAB,Consumer Goods & Crafts,7356.359,Africa,Gabon
2013,GAB,Energy & Minerals,1116897.484,Africa,Gabon
2013,GAB,Industrial Equipment & Technology,14855.565999999999,Africa,Gabon
2013,GAB,Textile & Apparel Manufacturing,17.782,Africa,Gabon
2013,GHA,Agricultural & Foods,190585.09999999998,Africa,Ghana
2013,GHA,Art & Collectibles,1057.646,Africa,Ghana
2013,GHA,Base Metals,20611.929,Africa,Ghana
2013,GHA,Chemical & Pharmaceutical,12881.101999999999,Africa,Ghana
2013,GHA,Consumer Goods & Crafts,40016.434,Africa,Ghana
2013,GHA,Energy & Minerals,130606.50099999999,Africa,Ghana
2013,GHA,Industrial Equipment & Technology,9374.976,Africa,Ghana
2013,GHA,Textile & Apparel Manufacturing,3366.707,Africa,Ghana
2013,GIN,Agricultural & Foods,467.80400000000003,Africa,Guinea
2013,GIN,Art & Collectibles,1136.5110000000002,Africa,Guinea
2013,GIN,Base Metals,1085.279,Africa,Guinea
2013,GIN,Chemical & Pharmaceutical,819.389,Africa,Guinea
2013,GIN,Consumer Goods & Crafts,3388.8819999999996,Africa,Guinea
2013,GIN,Energy & Minerals,124011.256,Africa,Guinea
2013,GIN,Industrial Equipment & Technology,8887.846,Africa,Guinea
2013,GIN,Textile & Apparel Manufacturing,67.979,Africa,Guinea
2013,GMB,Agricultural & Foods,52.031,Africa,Gambia
2013,GMB,Art & Collectibles,4.001,Africa,Gambia
2013,GMB,Base Metals,33.94,Africa,Gambia
2013,GMB,Chemical & Pharmaceutical,159.37800000000001,Africa,Gambia
2013,GMB,Consumer Goods & Crafts,1386.677,Africa,Gambia
2013,GMB,Industrial Equipment & Technology,51.064,Africa,Gambia
2013,GMB,Textile & Apparel Manufacturing,48.34100000000001,Africa,Gambia
2013,GNB,Art & Collectibles,3081.377,Africa,Guinea-Bissau
2013,GNB,Base Metals,105.885,Africa,Guinea-Bissau
2013,GNB,Consumer Goods & Crafts,7.944,Africa,Guinea-Bissau
2013,GNB,Industrial Equipment & Technology,15.079,Africa,Guinea-Bissau
2013,GNQ,Agricultural & Foods,6.651,Africa,Equatorial Guinea
2013,GNQ,Base Metals,316.804,Africa,Equatorial Guinea
2013,GNQ,Chemical & Pharmaceutical,133492.25199999998,Africa,Equatorial Guinea
2013,GNQ,Energy & Minerals,784227.422,Africa,Equatorial Guinea
2013,GNQ,Industrial Equipment & Technology,174.181,Africa,Equatorial Guinea
2013,KEN,Agricultural & Foods,12108.948,Africa,Kenya
2013,KEN,Art & Collectibles,633.2629999999999,Africa,Kenya
2013,KEN,Base Metals,29515.928,Africa,Kenya
2013,KEN,Chemical & Pharmaceutical,4559.49,Africa,Kenya
2013,KEN,Consumer Goods & Crafts,8158.468,Africa,Kenya
2013,KEN,Energy & Minerals,3379.653,Africa,Kenya
2013,KEN,Industrial Equipment & Technology,60095.837,Africa,Kenya
2013,KEN,Textile & Apparel Manufacturing,350595.967,Africa,Kenya
2013,LBR,Agricultural & Foods,391.091,Africa,Liberia
2013,LBR,Art & Collectibles,280.653,Africa,Liberia
2013,LBR,Base Metals,35.85,Africa,Liberia
2013,LBR,Chemical & Pharmaceutical,92589.64499999999,Africa,Liberia
2013,LBR,Consumer Goods & Crafts,365.263,Africa,Liberia
2013,LBR,Energy & Minerals,4503.488,Africa,Liberia
2013,LBR,Industrial Equipment & Technology,77.553,Africa,Liberia
2013,LBR,Textile & Apparel Manufacturing,5.153,Africa,Liberia
2013,LBY,Art & Collectibles,156.35,Africa,Libya
2013,LBY,Chemical & Pharmaceutical,29959.404,Africa,Libya
2013,LBY,Consumer Goods & Crafts,3.639,Africa,Libya
2013,LBY,Energy & Minerals,2590172.109,Africa,Libya
2013,LSO,Chemical & Pharmaceutical,193.744,Africa,Lesotho
2013,LSO,Consumer Goods & Crafts,29099.704,Africa,Lesotho
2013,LSO,Industrial Equipment & Technology,575.2370000000001,Africa,Lesotho
2013,LSO,Textile & Apparel Manufacturing,331334.716,Africa,Lesotho
2013,MAR,Agricultural & Foods,131876.14800000002,Africa,Morocco
2013,MAR,Art & Collectibles,1849.107,Africa,Morocco
2013,MAR,Base Metals,43430.335,Africa,Morocco
2013,MAR,Chemical & Pharmaceutical,331633.87299999996,Africa,Morocco
2013,MAR,Consumer Goods & Crafts,33134.085,Africa,Morocco
2013,MAR,Energy & Minerals,495103.047,Africa,Morocco
2013,MAR,Industrial Equipment & Technology,207230.851,Africa,Morocco
2013,MAR,Textile & Apparel Manufacturing,127199.7,Africa,Morocco
2013,MDG,Agricultural & Foods,5763.183,Africa,Madagascar
2013,MDG,Art & Collectibles,875.271,Africa,Madagascar
2013,MDG,Base Metals,61331.14599999999,Africa,Madagascar
2013,MDG,Chemical & Pharmaceutical,3370.647,Africa,Madagascar
2013,MDG,Consumer Goods & Crafts,7788.408,Africa,Madagascar
2013,MDG,Energy & Minerals,3936.939,Africa,Madagascar
2013,MDG,Industrial Equipment & Technology,92477.883,Africa,Madagascar
2013,MDG,Textile & Apparel Manufacturing,24786.639,Africa,Madagascar
2013,MLI,Agricultural & Foods,976.2439999999999,Africa,Mali
2013,MLI,Art & Collectibles,1983.262,Africa,Mali
2013,MLI,Base Metals,28.998,Africa,Mali
2013,MLI,Consumer Goods & Crafts,224.248,Africa,Mali
2013,MLI,Industrial Equipment & Technology,305.724,Africa,Mali
2013,MLI,Textile & Apparel Manufacturing,68.249,Africa,Mali
2013,MOZ,Agricultural & Foods,5505.106,Africa,Mozambique
2013,MOZ,Art & Collectibles,22.311,Africa,Mozambique
2013,MOZ,Base Metals,21102.871,Africa,Mozambique
2013,MOZ,Chemical & Pharmaceutical,134.596,Africa,Mozambique
2013,MOZ,Consumer Goods & Crafts,18202.516,Africa,Mozambique
2013,MOZ,Energy & Minerals,79739.53099999999,Africa,Mozambique
2013,MOZ,Industrial Equipment & Technology,67961.89600000001,Africa,Mozambique
2013,MOZ,Textile & Apparel Manufacturing,205.86800000000002,Africa,Mozambique
2013,MRT,Agricultural & Foods,234.077,Africa,Mauritania
2013,MRT,Base Metals,7.343,Africa,Mauritania
2013,MRT,Chemical & Pharmaceutical,318.43899999999996,Africa,Mauritania
2013,MRT,Consumer Goods & Crafts,26462.272,Africa,Mauritania
2013,MRT,Energy & Minerals,133117.13,Africa,Mauritania
2013,MRT,Industrial Equipment & Technology,80.28399999999999,Africa,Mauritania
2013,MRT,Textile & Apparel Manufacturing,5.1690000000000005,Africa,Mauritania
2013,MUS,Agricultural & Foods,59286.869999999995,Africa,Mauritius
2013,MUS,Art & Collectibles,6.252000000000001,Africa,Mauritius
2013,MUS,Base Metals,91.15299999999999,Africa,Mauritius
2013,MUS,Chemical & Pharmaceutical,1331.173,Africa,Mauritius
2013,MUS,Consumer Goods & Crafts,61799.075000000004,Africa,Mauritius
2013,MUS,Energy & Minerals,1609.448,Africa,Mauritius
2013,MUS,Industrial Equipment & Technology,12797.964,Africa,Mauritius
2013,MUS,Textile & Apparel Manufacturing,193682.797,Africa,Mauritius
2013,MWI,Agricultural & Foods,59596.002,Africa,Malawi
2013,MWI,Art & Collectibles,0.118,Africa,Malawi
2013,MWI,Base Metals,3939.793,Africa,Malawi
2013,MWI,Chemical & Pharmaceutical,38.986,Africa,Malawi
2013,MWI,Consumer Goods & Crafts,370.726,Africa,Malawi
2013,MWI,Energy & Minerals,14.7,Africa,Malawi
2013,MWI,Industrial Equipment & Technology,10380.898000000001,Africa,Malawi
2013,MWI,Textile & Apparel Manufacturing,18418.86,Africa,Malawi
2013,NAM,Agricultural & Foods,123.569,Africa,Namibia
2013,NAM,Art & Collectibles,240.06400000000002,Africa,Namibia
2013,NAM,Base Metals,5897.048000000001,Africa,Namibia
2013,NAM,Chemical & Pharmaceutical,10210.678,Africa,Namibia
2013,NAM,Consumer Goods & Crafts,104524.318,Africa,Namibia
2013,NAM,Energy & Minerals,137683.642,Africa,Namibia
2013,NAM,Industrial Equipment & Technology,2756.1839999999997,Africa,Namibia
2013,NAM,Textile & Apparel Manufacturing,445.895,Africa,Namibia
2013,NER,Agricultural & Foods,68.167,Africa,Niger
2013,NER,Art & Collectibles,283.924,Africa,Niger
2013,NER,Base Metals,65.598,Africa,Niger
2013,NER,Chemical & Pharmaceutical,50.665,Africa,Niger
2013,NER,Consumer Goods & Crafts,282.281,Africa,Niger
2013,NER,Energy & Minerals,115828.97099999999,Africa,Niger
2013,NER,Industrial Equipment & Technology,1709.484,Africa,Niger
2013,NER,Textile & Apparel Manufacturing,4283.446,Africa,Niger
2013,NGA,Agricultural & Foods,63333.941000000006,Africa,Nigeria
2013,NGA,Art & Collectibles,5068.418,Africa,Nigeria
2013,NGA,Base Metals,17333.393,Africa,Nigeria
2013,NGA,Chemical & Pharmaceutical,22527.806,Africa,Nigeria
2013,NGA,Consumer Goods & Crafts,116574.272,Africa,Nigeria
2013,NGA,Energy & Minerals,11870923.418,Africa,Nigeria
2013,NGA,Industrial Equipment & Technology,112428.708,Africa,Nigeria
2013,NGA,Textile & Apparel Manufacturing,2045.011,Africa,Nigeria
2013,RWA,Agricultural & Foods,6892.054,Africa,Rwanda
2013,RWA,Art & Collectibles,127.51,Africa,Rwanda
2013,RWA,Base Metals,335.479,Africa,Rwanda
2013,RWA,Chemical & Pharmaceutical,7.007,Africa,Rwanda
2013,RWA,Consumer Goods & Crafts,1167.69,Africa,Rwanda
2013,RWA,Energy & Minerals,3012.534,Africa,Rwanda
2013,RWA,Industrial Equipment & Technology,18159.362,Africa,Rwanda
2013,RWA,Textile & Apparel Manufacturing,252.762,Africa,Rwanda
2013,SDN,Agricultural & Foods,10832.103,Africa,Sudan
2013,SDN,Base Metals,0.1,Africa,Sudan
2013,SDN,Chemical & Pharmaceutical,0.9430000000000001,Africa,Sudan
2013,SDN,Consumer Goods & Crafts,51.529,Africa,Sudan
2013,SEN,Agricultural & Foods,4507.206,Africa,Senegal
2013,SEN,Art & Collectibles,93.328,Africa,Senegal
2013,SEN,Base Metals,517.336,Africa,Senegal
2013,SEN,Chemical & Pharmaceutical,3384.2419999999997,Africa,Senegal
2013,SEN,Consumer Goods & Crafts,1040.629,Africa,Senegal
2013,SEN,Energy & Minerals,2729.7279999999996,Africa,Senegal
2013,SEN,Industrial Equipment & Technology,2112.97,Africa,Senegal
2013,SEN,Textile & Apparel Manufacturing,17780.809,Africa,Senegal
2013,SLE,Agricultural & Foods,130.611,Africa,Sierra Leone
2013,SLE,Art & Collectibles,1197.778,Africa,Sierra Leone
2013,SLE,Base Metals,230.405,Africa,Sierra Leone
2013,SLE,Chemical & Pharmaceutical,496.825,Africa,Sierra Leone
2013,SLE,Consumer Goods & Crafts,9726.557,Africa,Sierra Leone
2013,SLE,Energy & Minerals,27197.612,Africa,Sierra Leone
2013,SLE,Industrial Equipment & Technology,2388.557,Africa,Sierra Leone
2013,SLE,Textile & Apparel Manufacturing,163.192,Africa,Sierra Leone
2013,SOM,Agricultural & Foods,115.327,Africa,Somalia
2013,SOM,Art & Collectibles,226.608,Africa,Somalia
2013,SOM,Industrial Equipment & Technology,9.026,Africa,Somalia
2013,SOM,Textile & Apparel Manufacturing,3.102,Africa,Somalia
2013,SSD,Agricultural & Foods,107.503,Africa,South Sudan
2013,SSD,Consumer Goods & Crafts,32.246,Africa,South Sudan
2013,SSD,Industrial Equipment & Technology,22.596999999999998,Africa,South Sudan
2013,SSD,Textile & Apparel Manufacturing,0.975,Africa,South Sudan
2013,STP,Agricultural & Foods,178.958,Africa,Sao Tome and Principe
2013,STP,Art & Collectibles,3.146,Africa,Sao Tome and Principe
2013,STP,Consumer Goods & Crafts,14.14,Africa,Sao Tome and Principe
2013,STP,Industrial Equipment & Technology,119.32900000000001,Africa,Sao Tome and Principe
2013,STP,Textile & Apparel Manufacturing,0.261,Africa,Sao Tome and Principe
2013,SWZ,Agricultural & Foods,7407.909000000001,Africa,Eswatini
2013,SWZ,Art & Collectibles,418.084,Africa,Eswatini
2013,SWZ,Base Metals,255.274,Africa,Eswatini
2013,SWZ,Chemical & Pharmaceutical,1218.018,Africa,Eswatini
2013,SWZ,Consumer Goods & Crafts,389.738,Africa,Eswatini
2013,SWZ,Energy & Minerals,45.183,Africa,Eswatini
2013,SWZ,Industrial Equipment & Technology,1174.928,Africa,Eswatini
2013,SWZ,Textile & Apparel Manufacturing,74703.01299999999,Africa,Eswatini
2013,SYC,Agricultural & Foods,826.02,Africa,Seychelles
2013,SYC,Art & Collectibles,12.578,Africa,Seychelles
2013,SYC,Base Metals,496.864,Africa,Seychelles
2013,SYC,Chemical & Pharmaceutical,1763.301,Africa,Seychelles
2013,SYC,Consumer Goods & Crafts,253.00799999999998,Africa,Seychelles
2013,SYC,Industrial Equipment & Technology,5055.269,Africa,Seychelles
2013,SYC,Textile & Apparel Manufacturing,14.662999999999998,Africa,Seychelles
2013,TCD,Agricultural & Foods,12609.442,Africa,Chad
2013,TCD,Chemical & Pharmaceutical,5.199,Africa,Chad
2013,TCD,Energy & Minerals,2495831.175,Africa,Chad
2013,TCD,Industrial Equipment & Technology,24.14,Africa,Chad
2013,TCD,Textile & Apparel Manufacturing,0.366,Africa,Chad
2013,TGO,Agricultural & Foods,3064.811,Africa,Togo
2013,TGO,Art & Collectibles,15.392,Africa,Togo
2013,TGO,Base Metals,1912.405,Africa,Togo
2013,TGO,Chemical & Pharmaceutical,973.374,Africa,Togo
2013,TGO,Consumer Goods & Crafts,603.913,Africa,Togo
2013,TGO,Energy & Minerals,35.071,Africa,Togo
2013,TGO,Industrial Equipment & Technology,542.822,Africa,Togo
2013,TGO,Textile & Apparel Manufacturing,1648.4750000000001,Africa,Togo
2013,TUN,Agricultural & Foods,116876.741,Africa,Tunisia
2013,TUN,Art & Collectibles,976.135,Africa,Tunisia
2013,TUN,Base Metals,22704.510000000002,Africa,Tunisia
2013,TUN,Chemical & Pharmaceutical,2918.574,Africa,Tunisia
2013,TUN,Consumer Goods & Crafts,29179.954999999998,Africa,Tunisia
2013,TUN,Energy & Minerals,467163.277,Africa,Tunisia
2013,TUN,Industrial Equipment & Technology,159201.981,Africa,Tunisia
2013,TUN,Textile & Apparel Manufacturing,92135.171,Africa,Tunisia
2013,TZA,Agricultural & Foods,12801.742,Africa,Tanzania
2013,TZA,Art & Collectibles,168.659,Africa,Tanzania
2013,TZA,Base Metals,3811.4049999999997,Africa,Tanzania
2013,TZA,Chemical & Pharmaceutical,743.157,Africa,Tanzania
2013,TZA,Consumer Goods & Crafts,22642.072000000004,Africa,Tanzania
2013,TZA,Energy & Minerals,1015.4169999999999,Africa,Tanzania
2013,TZA,Industrial Equipment & Technology,28130.149999999998,Africa,Tanzania
2013,TZA,Textile & Apparel Manufacturing,15137.804000000002,Africa,Tanzania
2013,UGA,Agricultural & Foods,1385.548,Africa,Uganda
2013,UGA,Art & Collectibles,55.592000000000006,Africa,Uganda
2013,UGA,Base Metals,984.7780000000001,Africa,Uganda
2013,UGA,Chemical & Pharmaceutical,2537.2360000000003,Africa,Uganda
2013,UGA,Consumer Goods & Crafts,1160.445,Africa,Uganda
2013,UGA,Energy & Minerals,805.727,Africa,Uganda
2013,UGA,Industrial Equipment & Technology,41785.464,Africa,Uganda
2013,UGA,Textile & Apparel Manufacturing,1976.657,Africa,Uganda
2013,ZAF,Agricultural & Foods,143245.375,Africa,South Africa
2013,ZAF,Art & Collectibles,23246.941000000003,Africa,South Africa
2013,ZAF,Base Metals,1193469.034,Africa,South Africa
2013,ZAF,Chemical & Pharmaceutical,608874.153,Africa,South Africa
2013,ZAF,Consumer Goods & Crafts,2337333.924,Africa,South Africa
2013,ZAF,Energy & Minerals,1170335.3499999999,Africa,South Africa
2013,ZAF,Industrial Equipment & Technology,2786846.964,Africa,South Africa
2013,ZAF,Textile & Apparel Manufacturing,37646.186,Africa,South Africa
2013,ZMB,Agricultural & Foods,123.19999999999999,Africa,Zambia
2013,ZMB,Art & Collectibles,984.3420000000001,Africa,Zambia
2013,ZMB,Base Metals,19305.202,Africa,Zambia
2013,ZMB,Chemical & Pharmaceutical,202.836,Africa,Zambia
2013,ZMB,Consumer Goods & Crafts,17690.516,Africa,Zambia
2013,ZMB,Energy & Minerals,309.111,Africa,Zambia
2013,ZMB,Industrial Equipment & Technology,1987.854,Africa,Zambia
2013,ZMB,Textile & Apparel Manufacturing,224.531,Africa,Zambia
2013,ZWE,Agricultural & Foods,2567.113,Africa,Zimbabwe
2013,ZWE,Art & Collectibles,487.61800000000005,Africa,Zimbabwe
2013,ZWE,Base Metals,4568.424,Africa,Zimbabwe
2013,ZWE,Chemical & Pharmaceutical,10.761999999999999,Africa,Zimbabwe
2013,ZWE,Consumer Goods & Crafts,3361.04,Africa,Zimbabwe
2013,ZWE,Energy & Minerals,485.383,Africa,Zimbabwe
2013,ZWE,Industrial Equipment & Technology,2689.812,Africa,Zimbabwe
2013,ZWE,Textile & Apparel Manufacturing,436.511,Africa,Zimbabwe
2014,AGO,Agricultural & Foods,86.327,Africa,Angola
2014,AGO,Art & Collectibles,175.044,Africa,Angola
2014,AGO,Base Metals,265.47,Africa,Angola
2014,AGO,Chemical & Pharmaceutical,64.636,Africa,Angola
2014,AGO,Consumer Goods & Crafts,10661.352,Africa,Angola
2014,AGO,Energy & Minerals,5900790.604,Africa,Angola
2014,AGO,Industrial Equipment & Technology,270.001,Africa,Angola
2014,AGO,Textile & Apparel Manufacturing,3.077,Africa,Angola
2014,BDI,Art & Collectibles,2.218,Africa,Burundi
2014,BDI,Chemical & Pharmaceutical,9.149,Africa,Burundi
2014,BDI,Consumer Goods & Crafts,36.510000000000005,Africa,Burundi
2014,BDI,Industrial Equipment & Technology,4405.857,Africa,Burundi
2014,BDI,Textile & Apparel Manufacturing,0.505,Africa,Burundi
2014,BEN,Agricultural & Foods,130.213,Africa,Benin
2014,BEN,Art & Collectibles,569.42,Africa,Benin
2014,BEN,Base Metals,7551.665,Africa,Benin
2014,BEN,Chemical & Pharmaceutical,91.55,Africa,Benin
2014,BEN,Consumer Goods & Crafts,467.678,Africa,Benin
2014,BEN,Energy & Minerals,33.448,Africa,Benin
2014,BEN,Industrial Equipment & Technology,6688.576,Africa,Benin
2014,BEN,Textile & Apparel Manufacturing,5.7330000000000005,Africa,Benin
2014,BFA,Agricultural & Foods,418.75800000000004,Africa,Burkina Faso
2014,BFA,Art & Collectibles,526.088,Africa,Burkina Faso
2014,BFA,Base Metals,3113.226,Africa,Burkina Faso
2014,BFA,Chemical & Pharmaceutical,3.421,Africa,Burkina Faso
2014,BFA,Consumer Goods & Crafts,1702.4430000000002,Africa,Burkina Faso
2014,BFA,Energy & Minerals,126.695,Africa,Burkina Faso
2014,BFA,Industrial Equipment & Technology,2911.066,Africa,Burkina Faso
2014,BFA,Textile & Apparel Manufacturing,280.063,Africa,Burkina Faso
2014,BWA,Agricultural & Foods,0.20600000000000002,Africa,Botswana
2014,BWA,Art & Collectibles,18.333,Africa,Botswana
2014,BWA,Base Metals,170.42600000000002,Africa,Botswana
2014,BWA,Chemical & Pharmaceutical,230.292,Africa,Botswana
2014,BWA,Consumer Goods & Crafts,287051.21499999997,Africa,Botswana
2014,BWA,Energy & Minerals,0.177,Africa,Botswana
2014,BWA,Industrial Equipment & Technology,7630.266,Africa,Botswana
2014,BWA,Textile & Apparel Manufacturing,20251.535,Africa,Botswana
2014,CAF,Agricultural & Foods,183.627,Africa,Central African Republic
2014,CAF,Base Metals,5.88,Africa,Central African Republic
2014,CAF,Consumer Goods & Crafts,1249.857,Africa,Central African Republic
2014,CAF,Industrial Equipment & Technology,26.857,Africa,Central African Republic
2014,CAF,Textile & Apparel Manufacturing,4.584,Africa,Central African Republic
2014,CIV,Agricultural & Foods,1044545.4770000001,Africa,Côte d'Ivoire
2014,CIV,Art & Collectibles,10887.256,Africa,Côte d'Ivoire
2014,CIV,Base Metals,25090.524,Africa,Côte d'Ivoire
2014,CIV,Chemical & Pharmaceutical,89927.093,Africa,Côte d'Ivoire
2014,CIV,Consumer Goods & Crafts,13081.491,Africa,Côte d'Ivoire
2014,CIV,Energy & Minerals,131243.04599999997,Africa,Côte d'Ivoire
2014,CIV,Industrial Equipment & Technology,4699.463,Africa,Côte d'Ivoire
2014,CIV,Textile & Apparel Manufacturing,811.851,Africa,Côte d'Ivoire
2014,CMR,Agricultural & Foods,19083.582,Africa,Cameroon
2014,CMR,Art & Collectibles,1580.961,Africa,Cameroon
2014,CMR,Base Metals,1107.735,Africa,Cameroon
2014,CMR,Chemical & Pharmaceutical,16397.196,Africa,Cameroon
2014,CMR,Consumer Goods & Crafts,38263.185999999994,Africa,Cameroon
2014,CMR,Energy & Minerals,153688.462,Africa,Cameroon
2014,CMR,Industrial Equipment & Technology,21628.182,Africa,Cameroon
2014,CMR,Textile & Apparel Manufacturing,1024.935,Africa,Cameroon
2014,COD,Agricultural & Foods,2944.5389999999998,Africa,DR Congo
2014,COD,Art & Collectibles,15932.353,Africa,DR Congo
2014,COD,Base Metals,97739.46699999999,Africa,DR Congo
2014,COD,Chemical & Pharmaceutical,446.222,Africa,DR Congo
2014,COD,Consumer Goods & Crafts,7729.036,Africa,DR Congo
2014,COD,Energy & Minerals,7412.089,Africa,DR Congo
2014,COD,Industrial Equipment & Technology,5228.665,Africa,DR Congo
2014,COD,Textile & Apparel Manufacturing,11.977,Africa,DR Congo
2014,COG,Agricultural & Foods,6384.901,Africa,Congo Republic
2014,COG,Art & Collectibles,672.412,Africa,Congo Republic
2014,COG,Base Metals,6813.634,Africa,Congo Republic
2014,COG,Chemical & Pharmaceutical,49.747,Africa,Congo Republic
2014,COG,Consumer Goods & Crafts,17787.669,Africa,Congo Republic
2014,COG,Energy & Minerals,394434.507,Africa,Congo Republic
2014,COG,Industrial Equipment & Technology,159304.527,Africa,Congo Republic
2014,COG,Textile & Apparel Manufacturing,13.596,Africa,Congo Republic
2014,COM,Art & Collectibles,15.874,Africa,Comoros
2014,COM,Chemical & Pharmaceutical,77.412,Africa,Comoros
2014,COM,Industrial Equipment & Technology,2001.5220000000002,Africa,Comoros
2014,COM,Textile & Apparel Manufacturing,2.091,Africa,Comoros
2014,CPV,Agricultural & Foods,600.49,Africa,Cabo Verde
2014,CPV,Base Metals,31.206,Africa,Cabo Verde
2014,CPV,Chemical & Pharmaceutical,35.054,Africa,Cabo Verde
2014,CPV,Consumer Goods & Crafts,222.458,Africa,Cabo Verde
2014,CPV,Industrial Equipment & Technology,743.879,Africa,Cabo Verde
2014,CPV,Textile & Apparel Manufacturing,177.798,Africa,Cabo Verde
2014,DJI,Agricultural & Foods,313.565,Africa,Djibouti
2014,DJI,Base Metals,50.25,Africa,Djibouti
2014,DJI,Consumer Goods & Crafts,265.388,Africa,Djibouti
2014,DJI,Industrial Equipment & Technology,805.255,Africa,Djibouti
2014,DJI,Textile & Apparel Manufacturing,88.777,Africa,Djibouti
2014,DZA,Agricultural & Foods,103.788,Africa,Algeria
2014,DZA,Art & Collectibles,76.549,Africa,Algeria
2014,DZA,Base Metals,3616.856,Africa,Algeria
2014,DZA,Chemical & Pharmaceutical,59012.898,Africa,Algeria
2014,DZA,Consumer Goods & Crafts,226.108,Africa,Algeria
2014,DZA,Energy & Minerals,4754927.189,Africa,Algeria
2014,DZA,Industrial Equipment & Technology,6205.679,Africa,Algeria
2014,EGY,Agricultural & Foods,61265.676,Africa,Egypt
2014,EGY,Art & Collectibles,27806.731,Africa,Egypt
2014,EGY,Base Metals,55243.343,Africa,Egypt
2014,EGY,Chemical & Pharmaceutical,123710.02599999998,Africa,Egypt
2014,EGY,Consumer Goods & Crafts,90897.193,Africa,Egypt
2014,EGY,Energy & Minerals,44807.882000000005,Africa,Egypt
2014,EGY,Industrial Equipment & Technology,28079.386,Africa,Egypt
2014,EGY,Textile & Apparel Manufacturing,1249656.9610000001,Africa,Egypt
2014,ERI,Agricultural & Foods,46.567,Africa,Eritrea
2014,ERI,Art & Collectibles,8.852,Africa,Eritrea
2014,ERI,Consumer Goods & Crafts,4.609,Africa,Eritrea
2014,ERI,Industrial Equipment & Technology,34.318,Africa,Eritrea
2014,ERI,Textile & Apparel Manufacturing,1.741,Africa,Eritrea
2014,ETH,Agricultural & Foods,20985.091,Africa,Ethiopia
2014,ETH,Art & Collectibles,1573.981,Africa,Ethiopia
2014,ETH,Base Metals,724.9259999999999,Africa,Ethiopia
2014,ETH,Chemical & Pharmaceutical,217.494,Africa,Ethiopia
2014,ETH,Consumer Goods & Crafts,8779.992,Africa,Ethiopia
2014,ETH,Energy & Minerals,5576.6449999999995,Africa,Ethiopia
2014,ETH,Industrial Equipment & Technology,97897.60299999999,Africa,Ethiopia
2014,ETH,Textile & Apparel Manufacturing,44580.621,Africa,Ethiopia
2014,GAB,Agricultural & Foods,10.16,Africa,Gabon
2014,GAB,Art & Collectibles,3575.351,Africa,Gabon
2014,GAB,Base Metals,2227.818,Africa,Gabon
2014,GAB,Chemical & Pharmaceutical,2079.7690000000002,Africa,Gabon
2014,GAB,Consumer Goods & Crafts,10799.453,Africa,Gabon
2014,GAB,Energy & Minerals,793922.03,Africa,Gabon
2014,GAB,Industrial Equipment & Technology,467893.33,Africa,Gabon
2014,GAB,Textile & Apparel Manufacturing,53.642,Africa,Gabon
2014,GHA,Agricultural & Foods,204998.071,Africa,Ghana
2014,GHA,Art & Collectibles,315.358,Africa,Ghana
2014,GHA,Base Metals,14955.469,Africa,Ghana
2014,GHA,Chemical & Pharmaceutical,8064.887,Africa,Ghana
2014,GHA,Consumer Goods & Crafts,81395.382,Africa,Ghana
2014,GHA,Energy & Minerals,1940.6879999999999,Africa,Ghana
2014,GHA,Industrial Equipment & Technology,7022.159,Africa,Ghana
2014,GHA,Textile & Apparel Manufacturing,7254.946,Africa,Ghana
2014,GIN,Agricultural & Foods,723.3140000000001,Africa,Guinea
2014,GIN,Art & Collectibles,1007.024,Africa,Guinea
2014,GIN,Base Metals,913.959,Africa,Guinea
2014,GIN,Chemical & Pharmaceutical,491.63,Africa,Guinea
2014,GIN,Consumer Goods & Crafts,2355.696,Africa,Guinea
2014,GIN,Energy & Minerals,110354.863,Africa,Guinea
2014,GIN,Industrial Equipment & Technology,3420.066,Africa,Guinea
2014,GIN,Textile & Apparel Manufacturing,58.458,Africa,Guinea
2014,GMB,Agricultural & Foods,82.97,Africa,Gambia
2014,GMB,Base Metals,2.415,Africa,Gambia
2014,GMB,Chemical & Pharmaceutical,129.546,Africa,Gambia
2014,GMB,Consumer Goods & Crafts,82.455,Africa,Gambia
2014,GMB,Industrial Equipment & Technology,42.082,Africa,Gambia
2014,GMB,Textile & Apparel Manufacturing,3.574,Africa,Gambia
2014,GNB,Art & Collectibles,8.508,Africa,Guinea-Bissau
2014,GNB,Industrial Equipment & Technology,17.103,Africa,Guinea-Bissau
2014,GNQ,Agricultural & Foods,19.055999999999997,Africa,Equatorial Guinea
2014,GNQ,Chemical & Pharmaceutical,130616.067,Africa,Equatorial Guinea
2014,GNQ,Energy & Minerals,125629.408,Africa,Equatorial Guinea
2014,GNQ,Industrial Equipment & Technology,39.926,Africa,Equatorial Guinea
2014,KEN,Agricultural & Foods,16569.496000000003,Africa,Kenya
2014,KEN,Art & Collectibles,209.927,Africa,Kenya
2014,KEN,Base Metals,40504.963,Africa,Kenya
2014,KEN,Chemical & Pharmaceutical,5097.2300000000005,Africa,Kenya
2014,KEN,Consumer Goods & Crafts,8805.899,Africa,Kenya
2014,KEN,Energy & Minerals,16257.054999999998,Africa,Kenya
2014,KEN,Industrial Equipment & Technology,57736.499,Africa,Kenya
2014,KEN,Textile & Apparel Manufacturing,400324.629,Africa,Kenya
2014,LBR,Agricultural & Foods,537.146,Africa,Liberia
2014,LBR,Art & Collectibles,32.498,Africa,Liberia
2014,LBR,Chemical & Pharmaceutical,76445.11300000001,Africa,Liberia
2014,LBR,Consumer Goods & Crafts,1517.498,Africa,Liberia
2014,LBR,Energy & Minerals,8534.907,Africa,Liberia
2014,LBR,Industrial Equipment & Technology,102.584,Africa,Liberia
2014,LBR,Textile & Apparel Manufacturing,16.325,Africa,Liberia
2014,LBY,Art & Collectibles,25.554,Africa,Libya
2014,LBY,Chemical & Pharmaceutical,15701.4,Africa,Libya
2014,LBY,Energy & Minerals,214622.803,Africa,Libya
2014,LBY,Textile & Apparel Manufacturing,44.907000000000004,Africa,Libya
2014,LSO,Chemical & Pharmaceutical,338.019,Africa,Lesotho
2014,LSO,Consumer Goods & Crafts,72460.329,Africa,Lesotho
2014,LSO,Industrial Equipment & Technology,668.822,Africa,Lesotho
2014,LSO,Textile & Apparel Manufacturing,299265.327,Africa,Lesotho
2014,MAR,Agricultural & Foods,131178.135,Africa,Morocco
2014,MAR,Art & Collectibles,1820.3919999999998,Africa,Morocco
2014,MAR,Base Metals,85618.8,Africa,Morocco
2014,MAR,Chemical & Pharmaceutical,308400.90900000004,Africa,Morocco
2014,MAR,Consumer Goods & Crafts,29729.533,Africa,Morocco
2014,MAR,Energy & Minerals,172493.641,Africa,Morocco
2014,MAR,Industrial Equipment & Technology,222560.476,Africa,Morocco
2014,MAR,Textile & Apparel Manufacturing,149440.604,Africa,Morocco
2014,MDG,Agricultural & Foods,4827.209,Africa,Madagascar
2014,MDG,Art & Collectibles,1193.726,Africa,Madagascar
2014,MDG,Base Metals,92988.61200000001,Africa,Madagascar
2014,MDG,Chemical & Pharmaceutical,4187.231000000001,Africa,Madagascar
2014,MDG,Consumer Goods & Crafts,12389.736,Africa,Madagascar
2014,MDG,Energy & Minerals,21146.189,Africa,Madagascar
2014,MDG,Industrial Equipment & Technology,79750.58399999999,Africa,Madagascar
2014,MDG,Textile & Apparel Manufacturing,26378.066,Africa,Madagascar
2014,MLI,Agricultural & Foods,1309.772,Africa,Mali
2014,MLI,Art & Collectibles,2153.291,Africa,Mali
2014,MLI,Base Metals,11.129,Africa,Mali
2014,MLI,Consumer Goods & Crafts,351.395,Africa,Mali
2014,MLI,Industrial Equipment & Technology,319.406,Africa,Mali
2014,MLI,Textile & Apparel Manufacturing,97.378,Africa,Mali
2014,MOZ,Agricultural & Foods,10333.428,Africa,Mozambique
2014,MOZ,Art & Collectibles,98.385,Africa,Mozambique
2014,MOZ,Base Metals,14814.63,Africa,Mozambique
2014,MOZ,Chemical & Pharmaceutical,285.176,Africa,Mozambique
2014,MOZ,Consumer Goods & Crafts,32293.566000000003,Africa,Mozambique
2014,MOZ,Energy & Minerals,39018.477,Africa,Mozambique
2014,MOZ,Industrial Equipment & Technology,4396.034,Africa,Mozambique
2014,MOZ,Textile & Apparel Manufacturing,205.871,Africa,Mozambique
2014,MRT,Agricultural & Foods,922.287,Africa,Mauritania
2014,MRT,Art & Collectibles,8.69,Africa,Mauritania
2014,MRT,Chemical & Pharmaceutical,542.031,Africa,Mauritania
2014,MRT,Consumer Goods & Crafts,549.903,Africa,Mauritania
2014,MRT,Energy & Minerals,98399.67899999999,Africa,Mauritania
2014,MRT,Industrial Equipment & Technology,134.236,Africa,Mauritania
2014,MRT,Textile & Apparel Manufacturing,5.643,Africa,Mauritania
2014,MUS,Agricultural & Foods,47894.45,Africa,Mauritius
2014,MUS,Art & Collectibles,30.124,Africa,Mauritius
2014,MUS,Base Metals,13.751000000000001,Africa,Mauritius
2014,MUS,Chemical & Pharmaceutical,6240.734,Africa,Mauritius
2014,MUS,Consumer Goods & Crafts,83769.971,Africa,Mauritius
2014,MUS,Energy & Minerals,747.202,Africa,Mauritius
2014,MUS,Industrial Equipment & Technology,15285.457,Africa,Mauritius
2014,MUS,Textile & Apparel Manufacturing,223824.452,Africa,Mauritius
2014,MWI,Agricultural & Foods,40257.828,Africa,Malawi
2014,MWI,Art & Collectibles,10.936,Africa,Malawi
2014,MWI,Base Metals,7260.540999999999,Africa,Malawi
2014,MWI,Chemical & Pharmaceutical,17.399,Africa,Malawi
2014,MWI,Consumer Goods & Crafts,230.80599999999998,Africa,Malawi
2014,MWI,Industrial Equipment & Technology,18652.707,Africa,Malawi
2014,MWI,Textile & Apparel Manufacturing,8902.954,Africa,Malawi
2014,NAM,Agricultural & Foods,171.32,Africa,Namibia
2014,NAM,Art & Collectibles,395.285,Africa,Namibia
2014,NAM,Base Metals,594.992,Africa,Namibia
2014,NAM,Chemical & Pharmaceutical,7212.323,Africa,Namibia
2014,NAM,Consumer Goods & Crafts,101703.701,Africa,Namibia
2014,NAM,Energy & Minerals,144099.751,Africa,Namibia
2014,NAM,Industrial Equipment & Technology,2277.136,Africa,Namibia
2014,NAM,Textile & Apparel Manufacturing,432.592,Africa,Namibia
2014,NER,Agricultural & Foods,51.374,Africa,Niger
2014,NER,Art & Collectibles,340.99,Africa,Niger
2014,NER,Base Metals,46.649,Africa,Niger
2014,NER,Chemical & Pharmaceutical,170.07399999999998,Africa,Niger
2014,NER,Consumer Goods & Crafts,985.5889999999999,Africa,Niger
2014,NER,Energy & Minerals,69769.347,Africa,Niger
2014,NER,Industrial Equipment & Technology,6878.962,Africa,Niger
2014,NER,Textile & Apparel Manufacturing,2393.085,Africa,Niger
2014,NGA,Agricultural & Foods,82724.643,Africa,Nigeria
2014,NGA,Art & Collectibles,10422.242999999999,Africa,Nigeria
2014,NGA,Base Metals,46430.19300000001,Africa,Nigeria
2014,NGA,Chemical & Pharmaceutical,116124.869,Africa,Nigeria
2014,NGA,Consumer Goods & Crafts,13516.995,Africa,Nigeria
2014,NGA,Energy & Minerals,4193946.4829999995,Africa,Nigeria
2014,NGA,Industrial Equipment & Technology,38053.878,Africa,Nigeria
2014,NGA,Textile & Apparel Manufacturing,2930.256,Africa,Nigeria
2014,RWA,Agricultural & Foods,2087.894,Africa,Rwanda
2014,RWA,Art & Collectibles,152.857,Africa,Rwanda
2014,RWA,Base Metals,402.58,Africa,Rwanda
2014,RWA,Chemical & Pharmaceutical,27.343000000000004,Africa,Rwanda
2014,RWA,Consumer Goods & Crafts,1331.723,Africa,Rwanda
2014,RWA,Energy & Minerals,15649.672999999999,Africa,Rwanda
2014,RWA,Industrial Equipment & Technology,30981.89,Africa,Rwanda
2014,RWA,Textile & Apparel Manufacturing,320.624,Africa,Rwanda
2014,SDN,Agricultural & Foods,13007.469000000001,Africa,Sudan
2014,SDN,Art & Collectibles,0.001,Africa,Sudan
2014,SDN,Consumer Goods & Crafts,2.057,Africa,Sudan
2014,SDN,Industrial Equipment & Technology,33.132,Africa,Sudan
2014,SDN,Textile & Apparel Manufacturing,0.001,Africa,Sudan
2014,SEN,Agricultural & Foods,638.616,Africa,Senegal
2014,SEN,Art & Collectibles,257.788,Africa,Senegal
2014,SEN,Base Metals,313.187,Africa,Senegal
2014,SEN,Chemical & Pharmaceutical,3940.283,Africa,Senegal
2014,SEN,Consumer Goods & Crafts,1275.569,Africa,Senegal
2014,SEN,Energy & Minerals,2701.0440000000003,Africa,Senegal
2014,SEN,Industrial Equipment & Technology,3228.7529999999997,Africa,Senegal
2014,SEN,Textile & Apparel Manufacturing,25424.107,Africa,Senegal
2014,SLE,Agricultural & Foods,433.889,Africa,Sierra Leone
2014,SLE,Art & Collectibles,89.791,Africa,Sierra Leone
2014,SLE,Base Metals,146.578,Africa,Sierra Leone
2014,SLE,Chemical & Pharmaceutical,1488.4669999999999,Africa,Sierra Leone
2014,SLE,Consumer Goods & Crafts,6520.724999999999,Africa,Sierra Leone
2014,SLE,Energy & Minerals,16713.587,Africa,Sierra Leone
2014,SLE,Industrial Equipment & Technology,4284.322,Africa,Sierra Leone
2014,SLE,Textile & Apparel Manufacturing,435.964,Africa,Sierra Leone
2014,SOM,Agricultural & Foods,137.587,Africa,Somalia
2014,SOM,Art & Collectibles,8.158,Africa,Somalia
2014,SOM,Industrial Equipment & Technology,44.884,Africa,Somalia
2014,SSD,Agricultural & Foods,34.904,Africa,South Sudan
2014,SSD,Consumer Goods & Crafts,13.177,Africa,South Sudan
2014,SSD,Industrial Equipment & Technology,11.614,Africa,South Sudan
2014,STP,Agricultural & Foods,143.671,Africa,Sao Tome and Principe
2014,STP,Art & Collectibles,5.297,Africa,Sao Tome and Principe
2014,STP,Base Metals,6.171,Africa,Sao Tome and Principe
2014,STP,Consumer Goods & Crafts,4.059,Africa,Sao Tome and Principe
2014,STP,Industrial Equipment & Technology,784.9440000000001,Africa,Sao Tome and Principe
2014,SWZ,Agricultural & Foods,23533.772,Africa,Eswatini
2014,SWZ,Art & Collectibles,404.301,Africa,Eswatini
2014,SWZ,Base Metals,382.973,Africa,Eswatini
2014,SWZ,Chemical & Pharmaceutical,534.524,Africa,Eswatini
2014,SWZ,Consumer Goods & Crafts,242.62099999999998,Africa,Eswatini
2014,SWZ,Energy & Minerals,66.258,Africa,Eswatini
2014,SWZ,Industrial Equipment & Technology,2164.371,Africa,Eswatini
2014,SWZ,Textile & Apparel Manufacturing,74008.817,Africa,Eswatini
2014,SYC,Agricultural & Foods,7.331,Africa,Seychelles
2014,SYC,Art & Collectibles,10.43,Africa,Seychelles
2014,SYC,Base Metals,103.61500000000001,Africa,Seychelles
2014,SYC,Chemical & Pharmaceutical,2215.1659999999997,Africa,Seychelles
2014,SYC,Consumer Goods & Crafts,189.947,Africa,Seychelles
2014,SYC,Industrial Equipment & Technology,4318.829,Africa,Seychelles
2014,SYC,Textile & Apparel Manufacturing,124.71300000000001,Africa,Seychelles
2014,TCD,Agricultural & Foods,10747.81,Africa,Chad
2014,TCD,Art & Collectibles,5.962,Africa,Chad
2014,TCD,Base Metals,6.102,Africa,Chad
2014,TCD,Consumer Goods & Crafts,0.944,Africa,Chad
2014,TCD,Energy & Minerals,2367917.5379999997,Africa,Chad
2014,TGO,Agricultural & Foods,3117.272,Africa,Togo
2014,TGO,Art & Collectibles,2.712,Africa,Togo
2014,TGO,Base Metals,1279.997,Africa,Togo
2014,TGO,Chemical & Pharmaceutical,972.7339999999999,Africa,Togo
2014,TGO,Consumer Goods & Crafts,510.814,Africa,Togo
2014,TGO,Energy & Minerals,1524.476,Africa,Togo
2014,TGO,Industrial Equipment & Technology,69.357,Africa,Togo
2014,TGO,Textile & Apparel Manufacturing,3303.388,Africa,Togo
2014,TUN,Agricultural & Foods,55948.751000000004,Africa,Tunisia
2014,TUN,Art & Collectibles,1197.734,Africa,Tunisia
2014,TUN,Base Metals,31289.939000000002,Africa,Tunisia
2014,TUN,Chemical & Pharmaceutical,3108.955,Africa,Tunisia
2014,TUN,Consumer Goods & Crafts,28292.239999999998,Africa,Tunisia
2014,TUN,Energy & Minerals,171150.15,Africa,Tunisia
2014,TUN,Industrial Equipment & Technology,164453.146,Africa,Tunisia
2014,TUN,Textile & Apparel Manufacturing,76632.698,Africa,Tunisia
2014,TZA,Agricultural & Foods,18493.307,Africa,Tanzania
2014,TZA,Art & Collectibles,524.216,Africa,Tanzania
2014,TZA,Base Metals,5317.199,Africa,Tanzania
2014,TZA,Chemical & Pharmaceutical,54741.416999999994,Africa,Tanzania
2014,TZA,Consumer Goods & Crafts,25039.961,Africa,Tanzania
2014,TZA,Energy & Minerals,14.837,Africa,Tanzania
2014,TZA,Industrial Equipment & Technology,48613.668000000005,Africa,Tanzania
2014,TZA,Textile & Apparel Manufacturing,32393.660999999996,Africa,Tanzania
2014,UGA,Agricultural & Foods,957.448,Africa,Uganda
2014,UGA,Art & Collectibles,76.98599999999999,Africa,Uganda
2014,UGA,Base Metals,61.294999999999995,Africa,Uganda
2014,UGA,Chemical & Pharmaceutical,5712.34,Africa,Uganda
2014,UGA,Consumer Goods & Crafts,935.372,Africa,Uganda
2014,UGA,Energy & Minerals,632.579,Africa,Uganda
2014,UGA,Industrial Equipment & Technology,43371.073000000004,Africa,Uganda
2014,UGA,Textile & Apparel Manufacturing,1691.943,Africa,Uganda
2014,ZAF,Agricultural & Foods,168850.17200000002,Africa,South Africa
2014,ZAF,Art & Collectibles,21642.387,Africa,South Africa
2014,ZAF,Base Metals,1625628.332,Africa,South Africa
2014,ZAF,Chemical & Pharmaceutical,639846.095,Africa,South Africa
2014,ZAF,Consumer Goods & Crafts,2557805.924,Africa,South Africa
2014,ZAF,Energy & Minerals,893548.363,Africa,South Africa
2014,ZAF,Industrial Equipment & Technology,2026063.5250000001,Africa,South Africa
2014,ZAF,Textile & Apparel Manufacturing,43170.795,Africa,South Africa
2014,ZMB,Agricultural & Foods,375.036,Africa,Zambia
2014,ZMB,Art & Collectibles,81.039,Africa,Zambia
2014,ZMB,Base Metals,24587.674,Africa,Zambia
2014,ZMB,Chemical & Pharmaceutical,204.114,Africa,Zambia
2014,ZMB,Consumer Goods & Crafts,32442.079,Africa,Zambia
2014,ZMB,Energy & Minerals,2339.227,Africa,Zambia
2014,ZMB,Industrial Equipment & Technology,2375.9919999999997,Africa,Zambia
2014,ZMB,Textile & Apparel Manufacturing,56.848,Africa,Zambia
2014,ZWE,Agricultural & Foods,19047.275,Africa,Zimbabwe
2014,ZWE,Art & Collectibles,2671.5789999999997,Africa,Zimbabwe
2014,ZWE,Base Metals,37415.668999999994,Africa,Zimbabwe
2014,ZWE,Chemical & Pharmaceutical,15.415,Africa,Zimbabwe
2014,ZWE,Consumer Goods & Crafts,2281.47,Africa,Zimbabwe
2014,ZWE,Energy & Minerals,520.889,Africa,Zimbabwe
2014,ZWE,Industrial Equipment & Technology,3798.85,Africa,Zimbabwe
2014,ZWE,Textile & Apparel Manufacturing,547.905,Africa,Zimbabwe
2015,AGO,Agricultural & Foods,24.888,Africa,Angola
2015,AGO,Art & Collectibles,6.824,Africa,Angola
2015,AGO,Base Metals,6535.9839999999995,Africa,Angola
2015,AGO,Chemical & Pharmaceutical,1125.469,Africa,Angola
2015,AGO,Consumer Goods & Crafts,73810.842,Africa,Angola
2015,AGO,Energy & Minerals,2845181.674,Africa,Angola
2015,AGO,Industrial Equipment & Technology,81502.612,Africa,Angola
2015,AGO,Textile & Apparel Manufacturing,165.744,Africa,Angola
2015,BDI,Art & Collectibles,11.452,Africa,Burundi
2015,BDI,Chemical & Pharmaceutical,22.339,Africa,Burundi
2015,BDI,Consumer Goods & Crafts,64.788,Africa,Burundi
2015,BDI,Industrial Equipment & Technology,8673.876,Africa,Burundi
2015,BEN,Agricultural & Foods,133.85,Africa,Benin
2015,BEN,Art & Collectibles,25.962,Africa,Benin
2015,BEN,Base Metals,7521.1359999999995,Africa,Benin
2015,BEN,Chemical & Pharmaceutical,167.541,Africa,Benin
2015,BEN,Consumer Goods & Crafts,198.03199999999998,Africa,Benin
2015,BEN,Energy & Minerals,170.478,Africa,Benin
2015,BEN,Industrial Equipment & Technology,142.779,Africa,Benin
2015,BEN,Textile & Apparel Manufacturing,51.899,Africa,Benin
2015,BFA,Agricultural & Foods,634.236,Africa,Burkina Faso
2015,BFA,Art & Collectibles,164.956,Africa,Burkina Faso
2015,BFA,Base Metals,248.471,Africa,Burkina Faso
2015,BFA,Chemical & Pharmaceutical,18.246000000000002,Africa,Burkina Faso
2015,BFA,Consumer Goods & Crafts,255.112,Africa,Burkina Faso
2015,BFA,Energy & Minerals,304.36,Africa,Burkina Faso
2015,BFA,Industrial Equipment & Technology,505.672,Africa,Burkina Faso
2015,BFA,Textile & Apparel Manufacturing,183.019,Africa,Burkina Faso
2015,BWA,Agricultural & Foods,0.765,Africa,Botswana
2015,BWA,Art & Collectibles,81.081,Africa,Botswana
2015,BWA,Base Metals,47.451,Africa,Botswana
2015,BWA,Chemical & Pharmaceutical,78.758,Africa,Botswana
2015,BWA,Consumer Goods & Crafts,169862.896,Africa,Botswana
2015,BWA,Energy & Minerals,31.836,Africa,Botswana
2015,BWA,Industrial Equipment & Technology,9174.972,Africa,Botswana
2015,BWA,Textile & Apparel Manufacturing,17581.995,Africa,Botswana
2015,CAF,Agricultural & Foods,413.835,Africa,Central African Republic
2015,CAF,Art & Collectibles,79.796,Africa,Central African Republic
2015,CAF,Base Metals,5.243,Africa,Central African Republic
2015,CAF,Consumer Goods & Crafts,465.883,Africa,Central African Republic
2015,CAF,Industrial Equipment & Technology,382.73,Africa,Central African Republic
2015,CAF,Textile & Apparel Manufacturing,3.452,Africa,Central African Republic
2015,CIV,Agricultural & Foods,1008916.8570000001,Africa,Côte d'Ivoire
2015,CIV,Art & Collectibles,2289.5280000000002,Africa,Côte d'Ivoire
2015,CIV,Base Metals,28209.878999999997,Africa,Côte d'Ivoire
2015,CIV,Chemical & Pharmaceutical,61765.555,Africa,Côte d'Ivoire
2015,CIV,Consumer Goods & Crafts,11578.098,Africa,Côte d'Ivoire
2015,CIV,Energy & Minerals,13271.848,Africa,Côte d'Ivoire
2015,CIV,Industrial Equipment & Technology,9107.953,Africa,Côte d'Ivoire
2015,CIV,Textile & Apparel Manufacturing,1727.964,Africa,Côte d'Ivoire
2015,CMR,Agricultural & Foods,18583.268,Africa,Cameroon
2015,CMR,Art & Collectibles,4849.321,Africa,Cameroon
2015,CMR,Base Metals,1941.662,Africa,Cameroon
2015,CMR,Chemical & Pharmaceutical,12340.325,Africa,Cameroon
2015,CMR,Consumer Goods & Crafts,23828.697,Africa,Cameroon
2015,CMR,Energy & Minerals,53025.30699999999,Africa,Cameroon
2015,CMR,Industrial Equipment & Technology,11797.924,Africa,Cameroon
2015,CMR,Textile & Apparel Manufacturing,1593.606,Africa,Cameroon
2015,COD,Agricultural & Foods,3719.225,Africa,DR Congo
2015,COD,Art & Collectibles,7456.326,Africa,DR Congo
2015,COD,Base Metals,128217.83899999999,Africa,DR Congo
2015,COD,Chemical & Pharmaceutical,331.24299999999994,Africa,DR Congo
2015,COD,Consumer Goods & Crafts,4811.802000000001,Africa,DR Congo
2015,COD,Energy & Minerals,2106.92,Africa,DR Congo
2015,COD,Industrial Equipment & Technology,7332.4259999999995,Africa,DR Congo
2015,COD,Textile & Apparel Manufacturing,19.876,Africa,DR Congo
2015,COG,Agricultural & Foods,2537.454,Africa,Congo Republic
2015,COG,Art & Collectibles,463.82,Africa,Congo Republic
2015,COG,Base Metals,3133.7439999999997,Africa,Congo Republic
2015,COG,Chemical & Pharmaceutical,27.58,Africa,Congo Republic
2015,COG,Consumer Goods & Crafts,23228.199,Africa,Congo Republic
2015,COG,Energy & Minerals,278549.855,Africa,Congo Republic
2015,COG,Industrial Equipment & Technology,50004.216,Africa,Congo Republic
2015,COG,Textile & Apparel Manufacturing,5.307,Africa,Congo Republic
2015,COM,Art & Collectibles,25.531,Africa,Comoros
2015,COM,Chemical & Pharmaceutical,15.097,Africa,Comoros
2015,COM,Industrial Equipment & Technology,1164.349,Africa,Comoros
2015,COM,Textile & Apparel Manufacturing,35.251,Africa,Comoros
2015,CPV,Agricultural & Foods,1332.452,Africa,Cabo Verde
2015,CPV,Base Metals,4.38,Africa,Cabo Verde
2015,CPV,Chemical & Pharmaceutical,12.187999999999999,Africa,Cabo Verde
2015,CPV,Consumer Goods & Crafts,75.498,Africa,Cabo Verde
2015,CPV,Energy & Minerals,0.055,Africa,Cabo Verde
2015,CPV,Industrial Equipment & Technology,396.458,Africa,Cabo Verde
2015,CPV,Textile & Apparel Manufacturing,160.236,Africa,Cabo Verde
2015,DJI,Agricultural & Foods,624.504,Africa,Djibouti
2015,DJI,Base Metals,345.36400000000003,Africa,Djibouti
2015,DJI,Consumer Goods & Crafts,41.461999999999996,Africa,Djibouti
2015,DJI,Energy & Minerals,29.448999999999998,Africa,Djibouti
2015,DJI,Industrial Equipment & Technology,1270.766,Africa,Djibouti
2015,DJI,Textile & Apparel Manufacturing,61.543,Africa,Djibouti
2015,DZA,Agricultural & Foods,1.63,Africa,Algeria
2015,DZA,Art & Collectibles,33.288,Africa,Algeria
2015,DZA,Base Metals,2928.8759999999997,Africa,Algeria
2015,DZA,Chemical & Pharmaceutical,63123.816999999995,Africa,Algeria
2015,DZA,Consumer Goods & Crafts,134.95600000000002,Africa,Algeria
2015,DZA,Energy & Minerals,2961293.9439999997,Africa,Algeria
2015,DZA,Industrial Equipment & Technology,4448.063,Africa,Algeria
2015,DZA,Textile & Apparel Manufacturing,0.28500000000000003,Africa,Algeria
2015,EGY,Agricultural & Foods,68852.47,Africa,Egypt
2015,EGY,Art & Collectibles,26769.1,Africa,Egypt
2015,EGY,Base Metals,30434.328,Africa,Egypt
2015,EGY,Chemical & Pharmaceutical,80513.416,Africa,Egypt
2015,EGY,Consumer Goods & Crafts,81046.937,Africa,Egypt
2015,EGY,Energy & Minerals,75743.069,Africa,Egypt
2015,EGY,Industrial Equipment & Technology,24122.37,Africa,Egypt
2015,EGY,Textile & Apparel Manufacturing,1289767.963,Africa,Egypt
2015,ERI,Agricultural & Foods,35.568,Africa,Eritrea
2015,ERI,Art & Collectibles,15.857,Africa,Eritrea
2015,ERI,Base Metals,10.099,Africa,Eritrea
2015,ERI,Chemical & Pharmaceutical,1.476,Africa,Eritrea
2015,ERI,Industrial Equipment & Technology,17.833,Africa,Eritrea
2015,ERI,Textile & Apparel Manufacturing,5.708,Africa,Eritrea
2015,ETH,Agricultural & Foods,25928.375999999997,Africa,Ethiopia
2015,ETH,Art & Collectibles,120.08699999999999,Africa,Ethiopia
2015,ETH,Base Metals,183.154,Africa,Ethiopia
2015,ETH,Chemical & Pharmaceutical,212.307,Africa,Ethiopia
2015,ETH,Consumer Goods & Crafts,11253.052,Africa,Ethiopia
2015,ETH,Energy & Minerals,14.517,Africa,Ethiopia
2015,ETH,Industrial Equipment & Technology,154295.631,Africa,Ethiopia
2015,ETH,Textile & Apparel Manufacturing,65009.223,Africa,Ethiopia
2015,GAB,Agricultural & Foods,2.402,Africa,Gabon
2015,GAB,Art & Collectibles,3333.0809999999997,Africa,Gabon
2015,GAB,Base Metals,13349.045,Africa,Gabon
2015,GAB,Chemical & Pharmaceutical,3518.217,Africa,Gabon
2015,GAB,Consumer Goods & Crafts,5897.213,Africa,Gabon
2015,GAB,Energy & Minerals,327370.684,Africa,Gabon
2015,GAB,Industrial Equipment & Technology,128528.053,Africa,Gabon
2015,GAB,Textile & Apparel Manufacturing,345.502,Africa,Gabon
2015,GHA,Agricultural & Foods,240575.72999999998,Africa,Ghana
2015,GHA,Art & Collectibles,2358.923,Africa,Ghana
2015,GHA,Base Metals,9746.097000000002,Africa,Ghana
2015,GHA,Chemical & Pharmaceutical,3407.4159999999997,Africa,Ghana
2015,GHA,Consumer Goods & Crafts,47856.053,Africa,Ghana
2015,GHA,Energy & Minerals,8497.367999999999,Africa,Ghana
2015,GHA,Industrial Equipment & Technology,3536.897,Africa,Ghana
2015,GHA,Textile & Apparel Manufacturing,10170.796,Africa,Ghana
2015,GIN,Agricultural & Foods,3216.248,Africa,Guinea
2015,GIN,Art & Collectibles,38.338,Africa,Guinea
2015,GIN,Base Metals,162.101,Africa,Guinea
2015,GIN,Chemical & Pharmaceutical,471.333,Africa,Guinea
2015,GIN,Consumer Goods & Crafts,1176.739,Africa,Guinea
2015,GIN,Energy & Minerals,101777.457,Africa,Guinea
2015,GIN,Industrial Equipment & Technology,3428.9269999999997,Africa,Guinea
2015,GIN,Textile & Apparel Manufacturing,26.688000000000002,Africa,Guinea
2015,GMB,Agricultural & Foods,78.98,Africa,Gambia
2015,GMB,Art & Collectibles,14.25,Africa,Gambia
2015,GMB,Base Metals,97.559,Africa,Gambia
2015,GMB,Chemical & Pharmaceutical,177.002,Africa,Gambia
2015,GMB,Consumer Goods & Crafts,208.404,Africa,Gambia
2015,GMB,Industrial Equipment & Technology,296.784,Africa,Gambia
2015,GMB,Textile & Apparel Manufacturing,34.525,Africa,Gambia
2015,GNB,Art & Collectibles,3.522,Africa,Guinea-Bissau
2015,GNB,Base Metals,11.061,Africa,Guinea-Bissau
2015,GNB,Industrial Equipment & Technology,6.111,Africa,Guinea-Bissau
2015,GNQ,Agricultural & Foods,6.54,Africa,Equatorial Guinea
2015,GNQ,Chemical & Pharmaceutical,90541.834,Africa,Equatorial Guinea
2015,GNQ,Consumer Goods & Crafts,105.296,Africa,Equatorial Guinea
2015,GNQ,Energy & Minerals,79839.98300000001,Africa,Equatorial Guinea
2015,GNQ,Industrial Equipment & Technology,131.671,Africa,Equatorial Guinea
2015,KEN,Agricultural & Foods,28326.642,Africa,Kenya
2015,KEN,Art & Collectibles,1371.767,Africa,Kenya
2015,KEN,Base Metals,42125.449,Africa,Kenya
2015,KEN,Chemical & Pharmaceutical,7494.686,Africa,Kenya
2015,KEN,Consumer Goods & Crafts,8311.437,Africa,Kenya
2015,KEN,Energy & Minerals,20843.035,Africa,Kenya
2015,KEN,Industrial Equipment & Technology,57775.428,Africa,Kenya
2015,KEN,Textile & Apparel Manufacturing,415156.51,Africa,Kenya
2015,LBR,Agricultural & Foods,521.163,Africa,Liberia
2015,LBR,Art & Collectibles,11.989999999999998,Africa,Liberia
2015,LBR,Base Metals,8.206,Africa,Liberia
2015,LBR,Chemical & Pharmaceutical,43259.494,Africa,Liberia
2015,LBR,Consumer Goods & Crafts,2741.9420000000005,Africa,Liberia
2015,LBR,Energy & Minerals,15.498999999999999,Africa,Liberia
2015,LBR,Industrial Equipment & Technology,357.56899999999996,Africa,Liberia
2015,LBR,Textile & Apparel Manufacturing,9.767,Africa,Liberia
2015,LBY,Art & Collectibles,33.455,Africa,Libya
2015,LBY,Base Metals,20.673,Africa,Libya
2015,LBY,Chemical & Pharmaceutical,23902.269,Africa,Libya
2015,LBY,Consumer Goods & Crafts,11.382,Africa,Libya
2015,LBY,Energy & Minerals,141044.25199999998,Africa,Libya
2015,LBY,Industrial Equipment & Technology,3.025,Africa,Libya
2015,LBY,Textile & Apparel Manufacturing,0.284,Africa,Libya
2015,LSO,Chemical & Pharmaceutical,161.83700000000002,Africa,Lesotho
2015,LSO,Consumer Goods & Crafts,32711.607,Africa,Lesotho
2015,LSO,Industrial Equipment & Technology,566.452,Africa,Lesotho
2015,LSO,Textile & Apparel Manufacturing,268744.667,Africa,Lesotho
2015,MAR,Agricultural & Foods,130065.032,Africa,Morocco
2015,MAR,Art & Collectibles,1757.2649999999999,Africa,Morocco
2015,MAR,Base Metals,64731.806,Africa,Morocco
2015,MAR,Chemical & Pharmaceutical,306036.93,Africa,Morocco
2015,MAR,Consumer Goods & Crafts,20327.459,Africa,Morocco
2015,MAR,Energy & Minerals,185811.112,Africa,Morocco
2015,MAR,Industrial Equipment & Technology,233302.756,Africa,Morocco
2015,MAR,Textile & Apparel Manufacturing,154294.574,Africa,Morocco
2015,MDG,Agricultural & Foods,5601.6050000000005,Africa,Madagascar
2015,MDG,Art & Collectibles,1050.774,Africa,Madagascar
2015,MDG,Base Metals,112044.316,Africa,Madagascar
2015,MDG,Chemical & Pharmaceutical,2769.93,Africa,Madagascar
2015,MDG,Consumer Goods & Crafts,15286.796,Africa,Madagascar
2015,MDG,Energy & Minerals,1880.493,Africa,Madagascar
2015,MDG,Industrial Equipment & Technology,110049.798,Africa,Madagascar
2015,MDG,Textile & Apparel Manufacturing,54876.296,Africa,Madagascar
2015,MLI,Agricultural & Foods,958.529,Africa,Mali
2015,MLI,Art & Collectibles,829.3779999999999,Africa,Mali
2015,MLI,Base Metals,516.662,Africa,Mali
2015,MLI,Chemical & Pharmaceutical,7.599,Africa,Mali
2015,MLI,Consumer Goods & Crafts,305.20099999999996,Africa,Mali
2015,MLI,Industrial Equipment & Technology,1062.266,Africa,Mali
2015,MLI,Textile & Apparel Manufacturing,129.72500000000002,Africa,Mali
2015,MOZ,Agricultural & Foods,10176.536,Africa,Mozambique
2015,MOZ,Art & Collectibles,38.897999999999996,Africa,Mozambique
2015,MOZ,Base Metals,23047.192000000003,Africa,Mozambique
2015,MOZ,Chemical & Pharmaceutical,118.66300000000001,Africa,Mozambique
2015,MOZ,Consumer Goods & Crafts,22870.586,Africa,Mozambique
2015,MOZ,Energy & Minerals,46130.905999999995,Africa,Mozambique
2015,MOZ,Industrial Equipment & Technology,14577.053,Africa,Mozambique
2015,MOZ,Textile & Apparel Manufacturing,79.873,Africa,Mozambique
2015,MRT,Agricultural & Foods,380.899,Africa,Mauritania
2015,MRT,Chemical & Pharmaceutical,380.056,Africa,Mauritania
2015,MRT,Consumer Goods & Crafts,55.188,Africa,Mauritania
2015,MRT,Energy & Minerals,12.051,Africa,Mauritania
2015,MRT,Industrial Equipment & Technology,160.465,Africa,Mauritania
2015,MRT,Textile & Apparel Manufacturing,14.899,Africa,Mauritania
2015,MUS,Agricultural & Foods,45982.009,Africa,Mauritius
2015,MUS,Art & Collectibles,82.081,Africa,Mauritius
2015,MUS,Base Metals,508.543,Africa,Mauritius
2015,MUS,Chemical & Pharmaceutical,6117.124,Africa,Mauritius
2015,MUS,Consumer Goods & Crafts,84923.09999999999,Africa,Mauritius
2015,MUS,Industrial Equipment & Technology,20123.063,Africa,Mauritius
2015,MUS,Textile & Apparel Manufacturing,215392.41100000002,Africa,Mauritius
2015,MWI,Agricultural & Foods,36412.889,Africa,Malawi
2015,MWI,Art & Collectibles,0.755,Africa,Malawi
2015,MWI,Base Metals,11169.310000000001,Africa,Malawi
2015,MWI,Chemical & Pharmaceutical,92.321,Africa,Malawi
2015,MWI,Consumer Goods & Crafts,605.408,Africa,Malawi
2015,MWI,Energy & Minerals,218.231,Africa,Malawi
2015,MWI,Industrial Equipment & Technology,11987.819,Africa,Malawi
2015,MWI,Textile & Apparel Manufacturing,14798.168,Africa,Malawi
2015,NAM,Agricultural & Foods,168.79999999999998,Africa,Namibia
2015,NAM,Art & Collectibles,216.868,Africa,Namibia
2015,NAM,Base Metals,151.87199999999999,Africa,Namibia
2015,NAM,Chemical & Pharmaceutical,389.423,Africa,Namibia
2015,NAM,Consumer Goods & Crafts,42192.908,Africa,Namibia
2015,NAM,Energy & Minerals,39697.712,Africa,Namibia
2015,NAM,Industrial Equipment & Technology,3020.768,Africa,Namibia
2015,NAM,Textile & Apparel Manufacturing,769.826,Africa,Namibia
2015,NER,Agricultural & Foods,371.313,Africa,Niger
2015,NER,Art & Collectibles,36.807,Africa,Niger
2015,NER,Base Metals,40.033,Africa,Niger
2015,NER,Chemical & Pharmaceutical,56.758,Africa,Niger
2015,NER,Consumer Goods & Crafts,86.019,Africa,Niger
2015,NER,Energy & Minerals,115026.131,Africa,Niger
2015,NER,Industrial Equipment & Technology,26215.501,Africa,Niger
2015,NER,Textile & Apparel Manufacturing,1596.814,Africa,Niger
2015,NGA,Agricultural & Foods,29527.636,Africa,Nigeria
2015,NGA,Art & Collectibles,8692.146,Africa,Nigeria
2015,NGA,Base Metals,3471.14,Africa,Nigeria
2015,NGA,Chemical & Pharmaceutical,15236.393,Africa,Nigeria
2015,NGA,Consumer Goods & Crafts,14373.426,Africa,Nigeria
2015,NGA,Energy & Minerals,2065560.3339999998,Africa,Nigeria
2015,NGA,Industrial Equipment & Technology,652276.321,Africa,Nigeria
2015,NGA,Textile & Apparel Manufacturing,6875.609,Africa,Nigeria
2015,RWA,Agricultural & Foods,4298.799,Africa,Rwanda
2015,RWA,Art & Collectibles,287.153,Africa,Rwanda
2015,RWA,Base Metals,272.889,Africa,Rwanda
2015,RWA,Chemical & Pharmaceutical,115.442,Africa,Rwanda
2015,RWA,Consumer Goods & Crafts,1319.9070000000002,Africa,Rwanda
2015,RWA,Energy & Minerals,11170.094,Africa,Rwanda
2015,RWA,Industrial Equipment & Technology,25103.825,Africa,Rwanda
2015,RWA,Textile & Apparel Manufacturing,484.862,Africa,Rwanda
2015,SDN,Agricultural & Foods,10189.204,Africa,Sudan
2015,SDN,Industrial Equipment & Technology,63.665,Africa,Sudan
2015,SEN,Agricultural & Foods,1771.075,Africa,Senegal
2015,SEN,Art & Collectibles,271.96999999999997,Africa,Senegal
2015,SEN,Base Metals,577.696,Africa,Senegal
2015,SEN,Chemical & Pharmaceutical,2412.579,Africa,Senegal
2015,SEN,Consumer Goods & Crafts,1283.866,Africa,Senegal
2015,SEN,Energy & Minerals,40668.028,Africa,Senegal
2015,SEN,Industrial Equipment & Technology,2593.592,Africa,Senegal
2015,SEN,Textile & Apparel Manufacturing,32209.804999999997,Africa,Senegal
2015,SLE,Agricultural & Foods,761.558,Africa,Sierra Leone
2015,SLE,Art & Collectibles,103.37100000000001,Africa,Sierra Leone
2015,SLE,Base Metals,240.902,Africa,Sierra Leone
2015,SLE,Chemical & Pharmaceutical,1214.739,Africa,Sierra Leone
2015,SLE,Consumer Goods & Crafts,4999.171,Africa,Sierra Leone
2015,SLE,Energy & Minerals,27824.605,Africa,Sierra Leone
2015,SLE,Industrial Equipment & Technology,4724.028,Africa,Sierra Leone
2015,SLE,Textile & Apparel Manufacturing,173.809,Africa,Sierra Leone
2015,SOM,Agricultural & Foods,766.551,Africa,Somalia
2015,SOM,Art & Collectibles,8.002,Africa,Somalia
2015,SOM,Consumer Goods & Crafts,5.001,Africa,Somalia
2015,SOM,Industrial Equipment & Technology,33.363,Africa,Somalia
2015,SOM,Textile & Apparel Manufacturing,6.38,Africa,Somalia
2015,SSD,Agricultural & Foods,3.014,Africa,South Sudan
2015,SSD,Chemical & Pharmaceutical,14.176,Africa,South Sudan
2015,SSD,Industrial Equipment & Technology,38.552,Africa,South Sudan
2015,STP,Agricultural & Foods,68.64399999999999,Africa,Sao Tome and Principe
2015,STP,Base Metals,15.952,Africa,Sao Tome and Principe
2015,STP,Consumer Goods & Crafts,11.558,Africa,Sao Tome and Principe
2015,STP,Industrial Equipment & Technology,569.8530000000001,Africa,Sao Tome and Principe
2015,SWZ,Agricultural & Foods,14936.617000000002,Africa,Eswatini
2015,SWZ,Art & Collectibles,224.949,Africa,Eswatini
2015,SWZ,Base Metals,274.407,Africa,Eswatini
2015,SWZ,Chemical & Pharmaceutical,295.926,Africa,Eswatini
2015,SWZ,Consumer Goods & Crafts,256.827,Africa,Eswatini
2015,SWZ,Energy & Minerals,0.004,Africa,Eswatini
2015,SWZ,Industrial Equipment & Technology,2582.2580000000003,Africa,Eswatini
2015,SWZ,Textile & Apparel Manufacturing,3447.378,Africa,Eswatini
2015,SYC,Agricultural & Foods,0.767,Africa,Seychelles
2015,SYC,Art & Collectibles,3.989,Africa,Seychelles
2015,SYC,Base Metals,303.374,Africa,Seychelles
2015,SYC,Chemical & Pharmaceutical,608.512,Africa,Seychelles
2015,SYC,Consumer Goods & Crafts,1367.521,Africa,Seychelles
2015,SYC,Energy & Minerals,12.912,Africa,Seychelles
2015,SYC,Industrial Equipment & Technology,8378.296,Africa,Seychelles
2015,SYC,Textile & Apparel Manufacturing,153.32500000000002,Africa,Seychelles
2015,TCD,Agricultural & Foods,11173.085000000001,Africa,Chad
2015,TCD,Art & Collectibles,13285.438,Africa,Chad
2015,TCD,Consumer Goods & Crafts,15.829,Africa,Chad
2015,TCD,Energy & Minerals,1335023.411,Africa,Chad
2015,TCD,Industrial Equipment & Technology,28.974,Africa,Chad
2015,TCD,Textile & Apparel Manufacturing,0.891,Africa,Chad
2015,TGO,Agricultural & Foods,1201.01,Africa,Togo
2015,TGO,Art & Collectibles,287.991,Africa,Togo
2015,TGO,Base Metals,2283.8529999999996,Africa,Togo
2015,TGO,Chemical & Pharmaceutical,1093.55,Africa,Togo
2015,TGO,Consumer Goods & Crafts,409.72799999999995,Africa,Togo
2015,TGO,Energy & Minerals,1223.36,Africa,Togo
2015,TGO,Industrial Equipment & Technology,274.26599999999996,Africa,Togo
2015,TGO,Textile & Apparel Manufacturing,7969.320000000001,Africa,Togo
2015,TUN,Agricultural & Foods,200155.708,Africa,Tunisia
2015,TUN,Art & Collectibles,442.73299999999995,Africa,Tunisia
2015,TUN,Base Metals,42031.070999999996,Africa,Tunisia
2015,TUN,Chemical & Pharmaceutical,3768.262,Africa,Tunisia
2015,TUN,Consumer Goods & Crafts,27154.458000000002,Africa,Tunisia
2015,TUN,Energy & Minerals,32786.256,Africa,Tunisia
2015,TUN,Industrial Equipment & Technology,162994.044,Africa,Tunisia
2015,TUN,Textile & Apparel Manufacturing,71321.82400000001,Africa,Tunisia
2015,TZA,Agricultural & Foods,17907.978,Africa,Tanzania
2015,TZA,Art & Collectibles,542.734,Africa,Tanzania
2015,TZA,Base Metals,4246.961,Africa,Tanzania
2015,TZA,Chemical & Pharmaceutical,1621.907,Africa,Tanzania
2015,TZA,Consumer Goods & Crafts,24832.790999999997,Africa,Tanzania
2015,TZA,Energy & Minerals,838.414,Africa,Tanzania
2015,TZA,Industrial Equipment & Technology,32241.694,Africa,Tanzania
2015,TZA,Textile & Apparel Manufacturing,28476.865999999998,Africa,Tanzania
2015,UGA,Agricultural & Foods,1223.868,Africa,Uganda
2015,UGA,Art & Collectibles,81.531,Africa,Uganda
2015,UGA,Base Metals,866.111,Africa,Uganda
2015,UGA,Chemical & Pharmaceutical,9069.947,Africa,Uganda
2015,UGA,Consumer Goods & Crafts,681.598,Africa,Uganda
2015,UGA,Energy & Minerals,302.421,Africa,Uganda
2015,UGA,Industrial Equipment & Technology,34321.545,Africa,Uganda
2015,UGA,Textile & Apparel Manufacturing,1548.485,Africa,Uganda
2015,ZAF,Agricultural & Foods,139893.38700000002,Africa,South Africa
2015,ZAF,Art & Collectibles,37062.687,Africa,South Africa
2015,ZAF,Base Metals,1110872.118,Africa,South Africa
2015,ZAF,Chemical & Pharmaceutical,567128.372,Africa,South Africa
2015,ZAF,Consumer Goods & Crafts,2203185.379,Africa,South Africa
2015,ZAF,Energy & Minerals,704466.216,Africa,South Africa
2015,ZAF,Industrial Equipment & Technology,2209769.617,Africa,South Africa
2015,ZAF,Textile & Apparel Manufacturing,42612.371,Africa,South Africa
2015,ZMB,Agricultural & Foods,379.466,Africa,Zambia
2015,ZMB,Art & Collectibles,73.509,Africa,Zambia
2015,ZMB,Base Metals,11858.737000000001,Africa,Zambia
2015,ZMB,Chemical & Pharmaceutical,36.678,Africa,Zambia
2015,ZMB,Consumer Goods & Crafts,35878.345,Africa,Zambia
2015,ZMB,Energy & Minerals,44.003,Africa,Zambia
2015,ZMB,Industrial Equipment & Technology,810.79,Africa,Zambia
2015,ZMB,Textile & Apparel Manufacturing,37.046,Africa,Zambia
2015,ZWE,Agricultural & Foods,15656.118,Africa,Zimbabwe
2015,ZWE,Art & Collectibles,1870.595,Africa,Zimbabwe
2015,ZWE,Base Metals,44063.926999999996,Africa,Zimbabwe
2015,ZWE,Chemical & Pharmaceutical,72.707,Africa,Zimbabwe
2015,ZWE,Consumer Goods & Crafts,1978.112,Africa,Zimbabwe
2015,ZWE,Energy & Minerals,700.817,Africa,Zimbabwe
2015,ZWE,Industrial Equipment & Technology,3105.13,Africa,Zimbabwe
2015,ZWE,Textile & Apparel Manufacturing,457.226,Africa,Zimbabwe
2016,AGO,Agricultural & Foods,3.173,Africa,Angola
2016,AGO,Art & Collectibles,18.842,Africa,Angola
2016,AGO,Base Metals,17453.469,Africa,Angola
2016,AGO,Chemical & Pharmaceutical,1358.592,Africa,Angola
2016,AGO,Consumer Goods & Crafts,235990.041,Africa,Angola
2016,AGO,Energy & Minerals,2583849.5870000003,Africa,Angola
2016,AGO,Industrial Equipment & Technology,69561.653,Africa,Angola
2016,AGO,Textile & Apparel Manufacturing,49.43,Africa,Angola
2016,BDI,Art & Collectibles,15.825000000000001,Africa,Burundi
2016,BDI,Chemical & Pharmaceutical,9.825,Africa,Burundi
2016,BDI,Consumer Goods & Crafts,16.045,Africa,Burundi
2016,BDI,Energy & Minerals,1322.205,Africa,Burundi
2016,BDI,Industrial Equipment & Technology,6375.063,Africa,Burundi
2016,BDI,Textile & Apparel Manufacturing,35.349,Africa,Burundi
2016,BEN,Agricultural & Foods,179.99699999999999,Africa,Benin
2016,BEN,Art & Collectibles,30.726,Africa,Benin
2016,BEN,Base Metals,10133.207,Africa,Benin
2016,BEN,Chemical & Pharmaceutical,151.084,Africa,Benin
2016,BEN,Consumer Goods & Crafts,229.079,Africa,Benin
2016,BEN,Energy & Minerals,596.908,Africa,Benin
2016,BEN,Industrial Equipment & Technology,437.606,Africa,Benin
2016,BEN,Textile & Apparel Manufacturing,17.304000000000002,Africa,Benin
2016,BFA,Agricultural & Foods,303.629,Africa,Burkina Faso
2016,BFA,Art & Collectibles,21.983,Africa,Burkina Faso
2016,BFA,Base Metals,2230.8940000000002,Africa,Burkina Faso
2016,BFA,Chemical & Pharmaceutical,3.187,Africa,Burkina Faso
2016,BFA,Consumer Goods & Crafts,44.12,Africa,Burkina Faso
2016,BFA,Energy & Minerals,66.99600000000001,Africa,Burkina Faso
2016,BFA,Industrial Equipment & Technology,623.701,Africa,Burkina Faso
2016,BFA,Textile & Apparel Manufacturing,77.199,Africa,Burkina Faso
2016,BWA,Agricultural & Foods,0.347,Africa,Botswana
2016,BWA,Art & Collectibles,48.114,Africa,Botswana
2016,BWA,Base Metals,29.175,Africa,Botswana
2016,BWA,Chemical & Pharmaceutical,209.274,Africa,Botswana
2016,BWA,Consumer Goods & Crafts,369186.923,Africa,Botswana
2016,BWA,Energy & Minerals,5.16,Africa,Botswana
2016,BWA,Industrial Equipment & Technology,4223.948,Africa,Botswana
2016,BWA,Textile & Apparel Manufacturing,9698.042000000001,Africa,Botswana
2016,CAF,Agricultural & Foods,445.81,Africa,Central African Republic
2016,CAF,Art & Collectibles,47.259,Africa,Central African Republic
2016,CAF,Base Metals,59.372,Africa,Central African Republic
2016,CAF,Chemical & Pharmaceutical,41.274,Africa,Central African Republic
2016,CAF,Consumer Goods & Crafts,192.392,Africa,Central African Republic
2016,CAF,Industrial Equipment & Technology,162.347,Africa,Central African Republic
2016,CIV,Agricultural & Foods,1115581.427,Africa,Côte d'Ivoire
2016,CIV,Art & Collectibles,15732.483,Africa,Côte d'Ivoire
2016,CIV,Base Metals,21742.465,Africa,Côte d'Ivoire
2016,CIV,Chemical & Pharmaceutical,80265.245,Africa,Côte d'Ivoire
2016,CIV,Consumer Goods & Crafts,7313.914,Africa,Côte d'Ivoire
2016,CIV,Energy & Minerals,12998.817,Africa,Côte d'Ivoire
2016,CIV,Industrial Equipment & Technology,4610.573,Africa,Côte d'Ivoire
2016,CIV,Textile & Apparel Manufacturing,1665.471,Africa,Côte d'Ivoire
2016,CMR,Agricultural & Foods,25257.576000000005,Africa,Cameroon
2016,CMR,Art & Collectibles,5477.648,Africa,Cameroon
2016,CMR,Base Metals,704.562,Africa,Cameroon
2016,CMR,Chemical & Pharmaceutical,10758.456,Africa,Cameroon
2016,CMR,Consumer Goods & Crafts,29233.350000000002,Africa,Cameroon
2016,CMR,Energy & Minerals,97284.255,Africa,Cameroon
2016,CMR,Industrial Equipment & Technology,11343.776,Africa,Cameroon
2016,CMR,Textile & Apparel Manufacturing,680.053,Africa,Cameroon
2016,COD,Agricultural & Foods,5028.499,Africa,DR Congo
2016,COD,Art & Collectibles,7933.047,Africa,DR Congo
2016,COD,Base Metals,102477.01900000001,Africa,DR Congo
2016,COD,Chemical & Pharmaceutical,453.93899999999996,Africa,DR Congo
2016,COD,Consumer Goods & Crafts,13976.719000000001,Africa,DR Congo
2016,COD,Energy & Minerals,43325.549999999996,Africa,DR Congo
2016,COD,Industrial Equipment & Technology,3179.909,Africa,DR Congo
2016,COD,Textile & Apparel Manufacturing,116.265,Africa,DR Congo
2016,COG,Agricultural & Foods,1486.154,Africa,Congo Republic
2016,COG,Art & Collectibles,1086.926,Africa,Congo Republic
2016,COG,Base Metals,4002.32,Africa,Congo Republic
2016,COG,Chemical & Pharmaceutical,25.811999999999998,Africa,Congo Republic
2016,COG,Consumer Goods & Crafts,17803.498,Africa,Congo Republic
2016,COG,Energy & Minerals,101068.164,Africa,Congo Republic
2016,COG,Industrial Equipment & Technology,7405.667,Africa,Congo Republic
2016,COG,Textile & Apparel Manufacturing,7.34,Africa,Congo Republic
2016,COM,Art & Collectibles,8.002,Africa,Comoros
2016,COM,Base Metals,19.922,Africa,Comoros
2016,COM,Chemical & Pharmaceutical,3.45,Africa,Comoros
2016,COM,Consumer Goods & Crafts,15.499,Africa,Comoros
2016,COM,Industrial Equipment & Technology,2580.888,Africa,Comoros
2016,COM,Textile & Apparel Manufacturing,33.757999999999996,Africa,Comoros
2016,CPV,Agricultural & Foods,1055.215,Africa,Cabo Verde
2016,CPV,Base Metals,177.005,Africa,Cabo Verde
2016,CPV,Chemical & Pharmaceutical,64.0,Africa,Cabo Verde
2016,CPV,Consumer Goods & Crafts,877.135,Africa,Cabo Verde
2016,CPV,Energy & Minerals,17.643,Africa,Cabo Verde
2016,CPV,Industrial Equipment & Technology,1681.977,Africa,Cabo Verde
2016,CPV,Textile & Apparel Manufacturing,254.609,Africa,Cabo Verde
2016,DJI,Agricultural & Foods,88.02600000000001,Africa,Djibouti
2016,DJI,Base Metals,2.555,Africa,Djibouti
2016,DJI,Chemical & Pharmaceutical,42.078,Africa,Djibouti
2016,DJI,Consumer Goods & Crafts,3.635,Africa,Djibouti
2016,DJI,Industrial Equipment & Technology,767.087,Africa,Djibouti
2016,DJI,Textile & Apparel Manufacturing,141.219,Africa,Djibouti
2016,DZA,Agricultural & Foods,8.479,Africa,Algeria
2016,DZA,Art & Collectibles,206.64700000000002,Africa,Algeria
2016,DZA,Base Metals,2627.674,Africa,Algeria
2016,DZA,Chemical & Pharmaceutical,113334.276,Africa,Algeria
2016,DZA,Consumer Goods & Crafts,6896.753,Africa,Algeria
2016,DZA,Energy & Minerals,3484550.722,Africa,Algeria
2016,DZA,Industrial Equipment & Technology,2439.349,Africa,Algeria
2016,DZA,Textile & Apparel Manufacturing,25.77,Africa,Algeria
2016,EGY,Agricultural & Foods,69144.637,Africa,Egypt
2016,EGY,Art & Collectibles,53508.093,Africa,Egypt
2016,EGY,Base Metals,45054.012,Africa,Egypt
2016,EGY,Chemical & Pharmaceutical,88529.353,Africa,Egypt
2016,EGY,Consumer Goods & Crafts,100114.13100000001,Africa,Egypt
2016,EGY,Energy & Minerals,274041.18200000003,Africa,Egypt
2016,EGY,Industrial Equipment & Technology,38456.769,Africa,Egypt
2016,EGY,Textile & Apparel Manufacturing,969757.339,Africa,Egypt
2016,ERI,Agricultural & Foods,34.468,Africa,Eritrea
2016,ERI,Art & Collectibles,13.051,Africa,Eritrea
2016,ERI,Base Metals,4.157,Africa,Eritrea
2016,ERI,Consumer Goods & Crafts,62.98,Africa,Eritrea
2016,ERI,Industrial Equipment & Technology,328.145,Africa,Eritrea
2016,ERI,Textile & Apparel Manufacturing,1.594,Africa,Eritrea
2016,ETH,Agricultural & Foods,38633.371,Africa,Ethiopia
2016,ETH,Art & Collectibles,1397.569,Africa,Ethiopia
2016,ETH,Base Metals,233.73,Africa,Ethiopia
2016,ETH,Chemical & Pharmaceutical,177.114,Africa,Ethiopia
2016,ETH,Consumer Goods & Crafts,13085.082,Africa,Ethiopia
2016,ETH,Energy & Minerals,0.002,Africa,Ethiopia
2016,ETH,Industrial Equipment & Technology,105476.85500000001,Africa,Ethiopia
2016,ETH,Textile & Apparel Manufacturing,74853.888,Africa,Ethiopia
2016,GAB,Agricultural & Foods,2.992,Africa,Gabon
2016,GAB,Art & Collectibles,3409.686,Africa,Gabon
2016,GAB,Base Metals,1490.3619999999999,Africa,Gabon
2016,GAB,Chemical & Pharmaceutical,7818.481,Africa,Gabon
2016,GAB,Consumer Goods & Crafts,8554.881,Africa,Gabon
2016,GAB,Energy & Minerals,90642.523,Africa,Gabon
2016,GAB,Industrial Equipment & Technology,80171.958,Africa,Gabon
2016,GAB,Textile & Apparel Manufacturing,122.287,Africa,Gabon
2016,GHA,Agricultural & Foods,241532.99599999998,Africa,Ghana
2016,GHA,Art & Collectibles,1327.635,Africa,Ghana
2016,GHA,Base Metals,8747.498,Africa,Ghana
2016,GHA,Chemical & Pharmaceutical,2716.68,Africa,Ghana
2016,GHA,Consumer Goods & Crafts,41367.966,Africa,Ghana
2016,GHA,Energy & Minerals,27998.463,Africa,Ghana
2016,GHA,Industrial Equipment & Technology,8309.066,Africa,Ghana
2016,GHA,Textile & Apparel Manufacturing,6939.701,Africa,Ghana
2016,GIN,Agricultural & Foods,2318.223,Africa,Guinea
2016,GIN,Art & Collectibles,264.943,Africa,Guinea
2016,GIN,Base Metals,730.649,Africa,Guinea
2016,GIN,Chemical & Pharmaceutical,1543.958,Africa,Guinea
2016,GIN,Consumer Goods & Crafts,1697.7359999999999,Africa,Guinea
2016,GIN,Energy & Minerals,3452.096,Africa,Guinea
2016,GIN,Industrial Equipment & Technology,3375.5570000000002,Africa,Guinea
2016,GIN,Textile & Apparel Manufacturing,80.421,Africa,Guinea
2016,GMB,Agricultural & Foods,16.977,Africa,Gambia
2016,GMB,Art & Collectibles,73.336,Africa,Gambia
2016,GMB,Base Metals,2.9130000000000003,Africa,Gambia
2016,GMB,Chemical & Pharmaceutical,134.136,Africa,Gambia
2016,GMB,Consumer Goods & Crafts,57.634,Africa,Gambia
2016,GMB,Energy & Minerals,30.919,Africa,Gambia
2016,GMB,Industrial Equipment & Technology,76.901,Africa,Gambia
2016,GMB,Textile & Apparel Manufacturing,7.054,Africa,Gambia
2016,GNB,Art & Collectibles,90.522,Africa,Guinea-Bissau
2016,GNB,Industrial Equipment & Technology,12.357,Africa,Guinea-Bissau
2016,GNQ,Agricultural & Foods,31.59,Africa,Equatorial Guinea
2016,GNQ,Art & Collectibles,56.254,Africa,Equatorial Guinea
2016,GNQ,Base Metals,15.328,Africa,Equatorial Guinea
2016,GNQ,Chemical & Pharmaceutical,71333.491,Africa,Equatorial Guinea
2016,GNQ,Consumer Goods & Crafts,1985.527,Africa,Equatorial Guinea
2016,GNQ,Energy & Minerals,132271.633,Africa,Equatorial Guinea
2016,GNQ,Industrial Equipment & Technology,7.223,Africa,Equatorial Guinea
2016,KEN,Agricultural & Foods,26727.677,Africa,Kenya
2016,KEN,Art & Collectibles,780.205,Africa,Kenya
2016,KEN,Base Metals,40368.16,Africa,Kenya
2016,KEN,Chemical & Pharmaceutical,4539.819,Africa,Kenya
2016,KEN,Consumer Goods & Crafts,8276.272,Africa,Kenya
2016,KEN,Energy & Minerals,27076.463,Africa,Kenya
2016,KEN,Industrial Equipment & Technology,55723.397,Africa,Kenya
2016,KEN,Textile & Apparel Manufacturing,382302.752,Africa,Kenya
2016,LBR,Agricultural & Foods,695.395,Africa,Liberia
2016,LBR,Art & Collectibles,139.661,Africa,Liberia
2016,LBR,Base Metals,135.378,Africa,Liberia
2016,LBR,Chemical & Pharmaceutical,43735.452000000005,Africa,Liberia
2016,LBR,Consumer Goods & Crafts,990.842,Africa,Liberia
2016,LBR,Industrial Equipment & Technology,36.03,Africa,Liberia
2016,LBR,Textile & Apparel Manufacturing,27.211000000000002,Africa,Liberia
2016,LBY,Chemical & Pharmaceutical,15505.569,Africa,Libya
2016,LBY,Energy & Minerals,701084.808,Africa,Libya
2016,LBY,Industrial Equipment & Technology,31.076999999999998,Africa,Libya
2016,LBY,Textile & Apparel Manufacturing,1.133,Africa,Libya
2016,LSO,Agricultural & Foods,12.64,Africa,Lesotho
2016,LSO,Art & Collectibles,8.139,Africa,Lesotho
2016,LSO,Base Metals,0.51,Africa,Lesotho
2016,LSO,Chemical & Pharmaceutical,363.78100000000006,Africa,Lesotho
2016,LSO,Consumer Goods & Crafts,13390.410000000002,Africa,Lesotho
2016,LSO,Industrial Equipment & Technology,802.2810000000001,Africa,Lesotho
2016,LSO,Textile & Apparel Manufacturing,298366.887,Africa,Lesotho
2016,MAR,Agricultural & Foods,133876.804,Africa,Morocco
2016,MAR,Art & Collectibles,2060.79,Africa,Morocco
2016,MAR,Base Metals,71799.927,Africa,Morocco
2016,MAR,Chemical & Pharmaceutical,376429.82499999995,Africa,Morocco
2016,MAR,Consumer Goods & Crafts,22905.168,Africa,Morocco
2016,MAR,Energy & Minerals,113345.83,Africa,Morocco
2016,MAR,Industrial Equipment & Technology,217689.19700000001,Africa,Morocco
2016,MAR,Textile & Apparel Manufacturing,145202.88,Africa,Morocco
2016,MDG,Agricultural & Foods,7621.728,Africa,Madagascar
2016,MDG,Art & Collectibles,1202.481,Africa,Madagascar
2016,MDG,Base Metals,56435.517,Africa,Madagascar
2016,MDG,Chemical & Pharmaceutical,3764.621,Africa,Madagascar
2016,MDG,Consumer Goods & Crafts,18200.062,Africa,Madagascar
2016,MDG,Energy & Minerals,23674.156,Africa,Madagascar
2016,MDG,Industrial Equipment & Technology,205733.13,Africa,Madagascar
2016,MDG,Textile & Apparel Manufacturing,104799.27100000001,Africa,Madagascar
2016,MLI,Agricultural & Foods,1005.134,Africa,Mali
2016,MLI,Art & Collectibles,1850.828,Africa,Mali
2016,MLI,Base Metals,155.917,Africa,Mali
2016,MLI,Chemical & Pharmaceutical,443.549,Africa,Mali
2016,MLI,Consumer Goods & Crafts,360.427,Africa,Mali
2016,MLI,Energy & Minerals,49.939,Africa,Mali
2016,MLI,Industrial Equipment & Technology,7199.112,Africa,Mali
2016,MLI,Textile & Apparel Manufacturing,233.087,Africa,Mali
2016,MOZ,Agricultural & Foods,7556.588000000001,Africa,Mozambique
2016,MOZ,Art & Collectibles,175.41299999999998,Africa,Mozambique
2016,MOZ,Base Metals,34058.3,Africa,Mozambique
2016,MOZ,Chemical & Pharmaceutical,1577.1899999999998,Africa,Mozambique
2016,MOZ,Consumer Goods & Crafts,28438.476000000002,Africa,Mozambique
2016,MOZ,Energy & Minerals,38942.382,Africa,Mozambique
2016,MOZ,Industrial Equipment & Technology,52872.173,Africa,Mozambique
2016,MOZ,Textile & Apparel Manufacturing,130.31799999999998,Africa,Mozambique
2016,MRT,Agricultural & Foods,561.73,Africa,Mauritania
2016,MRT,Art & Collectibles,4.022,Africa,Mauritania
2016,MRT,Base Metals,7.4,Africa,Mauritania
2016,MRT,Chemical & Pharmaceutical,318.371,Africa,Mauritania
2016,MRT,Consumer Goods & Crafts,34.625,Africa,Mauritania
2016,MRT,Energy & Minerals,50180.745,Africa,Mauritania
2016,MRT,Industrial Equipment & Technology,116.77,Africa,Mauritania
2016,MRT,Textile & Apparel Manufacturing,45.713,Africa,Mauritania
2016,MUS,Agricultural & Foods,50611.202999999994,Africa,Mauritius
2016,MUS,Art & Collectibles,35.336999999999996,Africa,Mauritius
2016,MUS,Base Metals,104.681,Africa,Mauritius
2016,MUS,Chemical & Pharmaceutical,6420.97,Africa,Mauritius
2016,MUS,Consumer Goods & Crafts,47208.264,Africa,Mauritius
2016,MUS,Industrial Equipment & Technology,20477.588,Africa,Mauritius
2016,MUS,Textile & Apparel Manufacturing,195890.338,Africa,Mauritius
2016,MWI,Agricultural & Foods,49279.04,Africa,Malawi
2016,MWI,Art & Collectibles,9.906,Africa,Malawi
2016,MWI,Base Metals,6913.8910000000005,Africa,Malawi
2016,MWI,Chemical & Pharmaceutical,53.323,Africa,Malawi
2016,MWI,Consumer Goods & Crafts,333.524,Africa,Malawi
2016,MWI,Energy & Minerals,28.188,Africa,Malawi
2016,MWI,Industrial Equipment & Technology,23747.104,Africa,Malawi
2016,MWI,Textile & Apparel Manufacturing,3024.866,Africa,Malawi
2016,NAM,Agricultural & Foods,283.981,Africa,Namibia
2016,NAM,Art & Collectibles,218.475,Africa,Namibia
2016,NAM,Base Metals,5668.607,Africa,Namibia
2016,NAM,Chemical & Pharmaceutical,144.362,Africa,Namibia
2016,NAM,Consumer Goods & Crafts,41012.598,Africa,Namibia
2016,NAM,Energy & Minerals,41746.214,Africa,Namibia
2016,NAM,Industrial Equipment & Technology,6952.541,Africa,Namibia
2016,NAM,Textile & Apparel Manufacturing,215.625,Africa,Namibia
2016,NER,Agricultural & Foods,182.893,Africa,Niger
2016,NER,Art & Collectibles,52.015,Africa,Niger
2016,NER,Base Metals,135.675,Africa,Niger
2016,NER,Chemical & Pharmaceutical,422.034,Africa,Niger
2016,NER,Consumer Goods & Crafts,181.097,Africa,Niger
2016,NER,Energy & Minerals,19917.217,Africa,Niger
2016,NER,Industrial Equipment & Technology,14412.333999999999,Africa,Niger
2016,NER,Textile & Apparel Manufacturing,22.628,Africa,Niger
2016,NGA,Agricultural & Foods,21120.810999999998,Africa,Nigeria
2016,NGA,Art & Collectibles,2630.458,Africa,Nigeria
2016,NGA,Base Metals,5582.786999999999,Africa,Nigeria
2016,NGA,Chemical & Pharmaceutical,15941.496,Africa,Nigeria
2016,NGA,Consumer Goods & Crafts,8192.506,Africa,Nigeria
2016,NGA,Energy & Minerals,4388950.655,Africa,Nigeria
2016,NGA,Industrial Equipment & Technology,1914.555,Africa,Nigeria
2016,NGA,Textile & Apparel Manufacturing,7898.218,Africa,Nigeria
2016,RWA,Agricultural & Foods,4406.357,Africa,Rwanda
2016,RWA,Art & Collectibles,586.439,Africa,Rwanda
2016,RWA,Base Metals,274.382,Africa,Rwanda
2016,RWA,Chemical & Pharmaceutical,121.35199999999999,Africa,Rwanda
2016,RWA,Consumer Goods & Crafts,2761.994,Africa,Rwanda
2016,RWA,Energy & Minerals,1518.134,Africa,Rwanda
2016,RWA,Industrial Equipment & Technology,18315.527000000002,Africa,Rwanda
2016,RWA,Textile & Apparel Manufacturing,1198.801,Africa,Rwanda
2016,SDN,Agricultural & Foods,10886.899000000001,Africa,Sudan
2016,SDN,Art & Collectibles,4507.193,Africa,Sudan
2016,SDN,Base Metals,8.462,Africa,Sudan
2016,SDN,Chemical & Pharmaceutical,0.001,Africa,Sudan
2016,SDN,Consumer Goods & Crafts,0.002,Africa,Sudan
2016,SDN,Energy & Minerals,0.001,Africa,Sudan
2016,SDN,Industrial Equipment & Technology,26.42,Africa,Sudan
2016,SEN,Agricultural & Foods,1178.05,Africa,Senegal
2016,SEN,Art & Collectibles,224.977,Africa,Senegal
2016,SEN,Base Metals,1220.774,Africa,Senegal
2016,SEN,Chemical & Pharmaceutical,3577.7259999999997,Africa,Senegal
2016,SEN,Consumer Goods & Crafts,913.087,Africa,Senegal
2016,SEN,Energy & Minerals,25713.569,Africa,Senegal
2016,SEN,Industrial Equipment & Technology,1316.656,Africa,Senegal
2016,SEN,Textile & Apparel Manufacturing,36680.275,Africa,Senegal
2016,SLE,Agricultural & Foods,1308.425,Africa,Sierra Leone
2016,SLE,Art & Collectibles,26.244,Africa,Sierra Leone
2016,SLE,Base Metals,702.46,Africa,Sierra Leone
2016,SLE,Chemical & Pharmaceutical,1221.7060000000001,Africa,Sierra Leone
2016,SLE,Consumer Goods & Crafts,2394.16,Africa,Sierra Leone
2016,SLE,Energy & Minerals,19718.984,Africa,Sierra Leone
2016,SLE,Industrial Equipment & Technology,6029.764,Africa,Sierra Leone
2016,SLE,Textile & Apparel Manufacturing,259.067,Africa,Sierra Leone
2016,SOM,Agricultural & Foods,970.311,Africa,Somalia
2016,SOM,Art & Collectibles,3.612,Africa,Somalia
2016,SOM,Base Metals,2.175,Africa,Somalia
2016,SOM,Chemical & Pharmaceutical,4.607,Africa,Somalia
2016,SOM,Consumer Goods & Crafts,1.495,Africa,Somalia
2016,SOM,Industrial Equipment & Technology,14.495000000000001,Africa,Somalia
2016,SSD,Industrial Equipment & Technology,124.282,Africa,South Sudan
2016,STP,Agricultural & Foods,59.098,Africa,Sao Tome and Principe
2016,STP,Base Metals,65.37400000000001,Africa,Sao Tome and Principe
2016,STP,Chemical & Pharmaceutical,20.229000000000003,Africa,Sao Tome and Principe
2016,STP,Industrial Equipment & Technology,259.56,Africa,Sao Tome and Principe
2016,SWZ,Agricultural & Foods,11791.346000000001,Africa,Eswatini
2016,SWZ,Art & Collectibles,54.445,Africa,Eswatini
2016,SWZ,Base Metals,555.5360000000001,Africa,Eswatini
2016,SWZ,Chemical & Pharmaceutical,1191.718,Africa,Eswatini
2016,SWZ,Consumer Goods & Crafts,414.333,Africa,Eswatini
2016,SWZ,Industrial Equipment & Technology,2563.546,Africa,Eswatini
2016,SWZ,Textile & Apparel Manufacturing,4593.271,Africa,Eswatini
2016,SYC,Agricultural & Foods,1.282,Africa,Seychelles
2016,SYC,Art & Collectibles,17.87,Africa,Seychelles
2016,SYC,Base Metals,133.87300000000002,Africa,Seychelles
2016,SYC,Chemical & Pharmaceutical,3543.541,Africa,Seychelles
2016,SYC,Consumer Goods & Crafts,688.601,Africa,Seychelles
2016,SYC,Industrial Equipment & Technology,2514.619,Africa,Seychelles
2016,SYC,Textile & Apparel Manufacturing,482.23,Africa,Seychelles
2016,TCD,Agricultural & Foods,9630.166,Africa,Chad
2016,TCD,Consumer Goods & Crafts,19.362000000000002,Africa,Chad
2016,TCD,Energy & Minerals,946184.681,Africa,Chad
2016,TCD,Industrial Equipment & Technology,14.165000000000001,Africa,Chad
2016,TCD,Textile & Apparel Manufacturing,0.954,Africa,Chad
2016,TGO,Agricultural & Foods,2070.447,Africa,Togo
2016,TGO,Art & Collectibles,32.513,Africa,Togo
2016,TGO,Base Metals,1262.903,Africa,Togo
2016,TGO,Chemical & Pharmaceutical,1770.051,Africa,Togo
2016,TGO,Consumer Goods & Crafts,494.931,Africa,Togo
2016,TGO,Industrial Equipment & Technology,184.002,Africa,Togo
2016,TGO,Textile & Apparel Manufacturing,6601.774,Africa,Togo
2016,TUN,Agricultural & Foods,84411.733,Africa,Tunisia
2016,TUN,Art & Collectibles,1014.69,Africa,Tunisia
2016,TUN,Base Metals,37529.376000000004,Africa,Tunisia
2016,TUN,Chemical & Pharmaceutical,5101.083,Africa,Tunisia
2016,TUN,Consumer Goods & Crafts,20678.032,Africa,Tunisia
2016,TUN,Energy & Minerals,44404.398,Africa,Tunisia
2016,TUN,Industrial Equipment & Technology,154017.304,Africa,Tunisia
2016,TUN,Textile & Apparel Manufacturing,63646.656,Africa,Tunisia
2016,TZA,Agricultural & Foods,9465.604,Africa,Tanzania
2016,TZA,Art & Collectibles,633.37,Africa,Tanzania
2016,TZA,Base Metals,5692.099,Africa,Tanzania
2016,TZA,Chemical & Pharmaceutical,2603.969,Africa,Tanzania
2016,TZA,Consumer Goods & Crafts,72132.003,Africa,Tanzania
2016,TZA,Energy & Minerals,0.17400000000000002,Africa,Tanzania
2016,TZA,Industrial Equipment & Technology,22149.838,Africa,Tanzania
2016,TZA,Textile & Apparel Manufacturing,38130.886999999995,Africa,Tanzania
2016,UGA,Agricultural & Foods,5953.892000000001,Africa,Uganda
2016,UGA,Art & Collectibles,110.797,Africa,Uganda
2016,UGA,Base Metals,335.604,Africa,Uganda
2016,UGA,Chemical & Pharmaceutical,10420.247,Africa,Uganda
2016,UGA,Consumer Goods & Crafts,513.181,Africa,Uganda
2016,UGA,Energy & Minerals,9.951,Africa,Uganda
2016,UGA,Industrial Equipment & Technology,31146.786,Africa,Uganda
2016,UGA,Textile & Apparel Manufacturing,1830.5700000000002,Africa,Uganda
2016,ZAF,Agricultural & Foods,139428.62099999998,Africa,South Africa
2016,ZAF,Art & Collectibles,36258.128,Africa,South Africa
2016,ZAF,Base Metals,1028619.8640000001,Africa,South Africa
2016,ZAF,Chemical & Pharmaceutical,504227.707,Africa,South Africa
2016,ZAF,Consumer Goods & Crafts,2071397.591,Africa,South Africa
2016,ZAF,Energy & Minerals,736425.28,Africa,South Africa
2016,ZAF,Industrial Equipment & Technology,2194872.008,Africa,South Africa
2016,ZAF,Textile & Apparel Manufacturing,44328.274,Africa,South Africa
2016,ZMB,Agricultural & Foods,113.902,Africa,Zambia
2016,ZMB,Art & Collectibles,172.26399999999998,Africa,Zambia
2016,ZMB,Base Metals,25682.564000000002,Africa,Zambia
2016,ZMB,Chemical & Pharmaceutical,173.125,Africa,Zambia
2016,ZMB,Consumer Goods & Crafts,18371.818,Africa,Zambia
2016,ZMB,Energy & Minerals,54.262,Africa,Zambia
2016,ZMB,Industrial Equipment & Technology,1371.494,Africa,Zambia
2016,ZMB,Textile & Apparel Manufacturing,85.67699999999999,Africa,Zambia
2016,ZWE,Agricultural & Foods,9831.449,Africa,Zimbabwe
2016,ZWE,Art & Collectibles,652.3340000000001,Africa,Zimbabwe
2016,ZWE,Base Metals,6013.377,Africa,Zimbabwe
2016,ZWE,Chemical & Pharmaceutical,100.736,Africa,Zimbabwe
2016,ZWE,Consumer Goods & Crafts,1784.766,Africa,Zimbabwe
2016,ZWE,Energy & Minerals,1178.656,Africa,Zimbabwe
2016,ZWE,Industrial Equipment & Technology,4106.328,Africa,Zimbabwe
2016,ZWE,Textile & Apparel Manufacturing,594.567,Africa,Zimbabwe
2017,AGO,Agricultural & Foods,4.619,Africa,Angola
2017,AGO,Art & Collectibles,26.747999999999998,Africa,Angola
2017,AGO,Base Metals,5374.9710000000005,Africa,Angola
2017,AGO,Chemical & Pharmaceutical,402.17199999999997,Africa,Angola
2017,AGO,Consumer Goods & Crafts,136509.609,Africa,Angola
2017,AGO,Energy & Minerals,2581627.0319999997,Africa,Angola
2017,AGO,Industrial Equipment & Technology,34485.97,Africa,Angola
2017,AGO,Textile & Apparel Manufacturing,59.032,Africa,Angola
2017,BDI,Art & Collectibles,8.582,Africa,Burundi
2017,BDI,Consumer Goods & Crafts,9.643,Africa,Burundi
2017,BDI,Energy & Minerals,3258.0280000000002,Africa,Burundi
2017,BDI,Industrial Equipment & Technology,5825.517,Africa,Burundi
2017,BDI,Textile & Apparel Manufacturing,4.463,Africa,Burundi
2017,BEN,Agricultural & Foods,543.078,Africa,Benin
2017,BEN,Art & Collectibles,26.483,Africa,Benin
2017,BEN,Base Metals,23502.694,Africa,Benin
2017,BEN,Chemical & Pharmaceutical,67.019,Africa,Benin
2017,BEN,Consumer Goods & Crafts,769.1899999999999,Africa,Benin
2017,BEN,Energy & Minerals,5957.813,Africa,Benin
2017,BEN,Industrial Equipment & Technology,4935.723000000001,Africa,Benin
2017,BEN,Textile & Apparel Manufacturing,460.695,Africa,Benin
2017,BFA,Agricultural & Foods,372.41999999999996,Africa,Burkina Faso
2017,BFA,Art & Collectibles,136.867,Africa,Burkina Faso
2017,BFA,Base Metals,3072.511,Africa,Burkina Faso
2017,BFA,Chemical & Pharmaceutical,12.009,Africa,Burkina Faso
2017,BFA,Consumer Goods & Crafts,87.92399999999999,Africa,Burkina Faso
2017,BFA,Energy & Minerals,204.46099999999998,Africa,Burkina Faso
2017,BFA,Industrial Equipment & Technology,784.662,Africa,Burkina Faso
2017,BFA,Textile & Apparel Manufacturing,118.775,Africa,Burkina Faso
2017,BWA,Agricultural & Foods,0.029,Africa,Botswana
2017,BWA,Art & Collectibles,0.77,Africa,Botswana
2017,BWA,Base Metals,6.735,Africa,Botswana
2017,BWA,Chemical & Pharmaceutical,131.77,Africa,Botswana
2017,BWA,Consumer Goods & Crafts,174810.695,Africa,Botswana
2017,BWA,Energy & Minerals,0.01,Africa,Botswana
2017,BWA,Industrial Equipment & Technology,2426.119,Africa,Botswana
2017,BWA,Textile & Apparel Manufacturing,1003.137,Africa,Botswana
2017,CAF,Agricultural & Foods,25.666999999999998,Africa,Central African Republic
2017,CAF,Art & Collectibles,37.366,Africa,Central African Republic
2017,CAF,Base Metals,46.252,Africa,Central African Republic
2017,CAF,Chemical & Pharmaceutical,19.416,Africa,Central African Republic
2017,CAF,Consumer Goods & Crafts,287.36,Africa,Central African Republic
2017,CAF,Energy & Minerals,109.071,Africa,Central African Republic
2017,CAF,Industrial Equipment & Technology,428.553,Africa,Central African Republic
2017,CAF,Textile & Apparel Manufacturing,1205.536,Africa,Central African Republic
2017,CIV,Agricultural & Foods,921664.393,Africa,Côte d'Ivoire
2017,CIV,Art & Collectibles,3275.552,Africa,Côte d'Ivoire
2017,CIV,Base Metals,18922.735,Africa,Côte d'Ivoire
2017,CIV,Chemical & Pharmaceutical,103090.715,Africa,Côte d'Ivoire
2017,CIV,Consumer Goods & Crafts,7877.160000000001,Africa,Côte d'Ivoire
2017,CIV,Energy & Minerals,194624.726,Africa,Côte d'Ivoire
2017,CIV,Industrial Equipment & Technology,11441.719,Africa,Côte d'Ivoire
2017,CIV,Textile & Apparel Manufacturing,1768.7849999999999,Africa,Côte d'Ivoire
2017,CMR,Agricultural & Foods,23093.069,Africa,Cameroon
2017,CMR,Art & Collectibles,2421.249,Africa,Cameroon
2017,CMR,Base Metals,829.803,Africa,Cameroon
2017,CMR,Chemical & Pharmaceutical,15249.483,Africa,Cameroon
2017,CMR,Consumer Goods & Crafts,32663.931,Africa,Cameroon
2017,CMR,Energy & Minerals,33056.91499999999,Africa,Cameroon
2017,CMR,Industrial Equipment & Technology,11863.159,Africa,Cameroon
2017,CMR,Textile & Apparel Manufacturing,880.9069999999999,Africa,Cameroon
2017,COD,Agricultural & Foods,5432.6539999999995,Africa,DR Congo
2017,COD,Art & Collectibles,9588.073999999999,Africa,DR Congo
2017,COD,Base Metals,47765.072,Africa,DR Congo
2017,COD,Chemical & Pharmaceutical,337.731,Africa,DR Congo
2017,COD,Consumer Goods & Crafts,11720.613000000001,Africa,DR Congo
2017,COD,Energy & Minerals,7272.974999999999,Africa,DR Congo
2017,COD,Industrial Equipment & Technology,3941.2000000000003,Africa,DR Congo
2017,COD,Textile & Apparel Manufacturing,59.387,Africa,DR Congo
2017,COG,Agricultural & Foods,1290.57,Africa,Congo Republic
2017,COG,Art & Collectibles,1565.784,Africa,Congo Republic
2017,COG,Base Metals,15354.555,Africa,Congo Republic
2017,COG,Chemical & Pharmaceutical,153.48499999999999,Africa,Congo Republic
2017,COG,Consumer Goods & Crafts,17214.742,Africa,Congo Republic
2017,COG,Energy & Minerals,107982.059,Africa,Congo Republic
2017,COG,Industrial Equipment & Technology,185110.293,Africa,Congo Republic
2017,COG,Textile & Apparel Manufacturing,17.46,Africa,Congo Republic
2017,COM,Art & Collectibles,5.91,Africa,Comoros
2017,COM,Chemical & Pharmaceutical,145.12599999999998,Africa,Comoros
2017,COM,Consumer Goods & Crafts,54.603,Africa,Comoros
2017,COM,Industrial Equipment & Technology,4811.899,Africa,Comoros
2017,COM,Textile & Apparel Manufacturing,6.235,Africa,Comoros
2017,CPV,Agricultural & Foods,1593.922,Africa,Cabo Verde
2017,CPV,Base Metals,78.395,Africa,Cabo Verde
2017,CPV,Chemical & Pharmaceutical,296.576,Africa,Cabo Verde
2017,CPV,Consumer Goods & Crafts,318.485,Africa,Cabo Verde
2017,CPV,Industrial Equipment & Technology,1057.889,Africa,Cabo Verde
2017,CPV,Textile & Apparel Manufacturing,133.349,Africa,Cabo Verde
2017,DJI,Agricultural & Foods,77.541,Africa,Djibouti
2017,DJI,Base Metals,63.535,Africa,Djibouti
2017,DJI,Chemical & Pharmaceutical,61.33,Africa,Djibouti
2017,DJI,Consumer Goods & Crafts,114.937,Africa,Djibouti
2017,DJI,Energy & Minerals,13.6,Africa,Djibouti
2017,DJI,Industrial Equipment & Technology,2545.702,Africa,Djibouti
2017,DJI,Textile & Apparel Manufacturing,1230.709,Africa,Djibouti
2017,DZA,Agricultural & Foods,27.794999999999998,Africa,Algeria
2017,DZA,Art & Collectibles,105.73599999999999,Africa,Algeria
2017,DZA,Base Metals,4801.068,Africa,Algeria
2017,DZA,Chemical & Pharmaceutical,72472.61,Africa,Algeria
2017,DZA,Consumer Goods & Crafts,153.13,Africa,Algeria
2017,DZA,Energy & Minerals,3727108.977,Africa,Algeria
2017,DZA,Industrial Equipment & Technology,3156.5099999999998,Africa,Algeria
2017,DZA,Textile & Apparel Manufacturing,10.291,Africa,Algeria
2017,EGY,Agricultural & Foods,79665.741,Africa,Egypt
2017,EGY,Art & Collectibles,32227.909,Africa,Egypt
2017,EGY,Base Metals,142243.133,Africa,Egypt
2017,EGY,Chemical & Pharmaceutical,146726.87,Africa,Egypt
2017,EGY,Consumer Goods & Crafts,94459.774,Africa,Egypt
2017,EGY,Energy & Minerals,262602.632,Africa,Egypt
2017,EGY,Industrial Equipment & Technology,28492.845,Africa,Egypt
2017,EGY,Textile & Apparel Manufacturing,1057115.369,Africa,Egypt
2017,ERI,Agricultural & Foods,78.922,Africa,Eritrea
2017,ERI,Base Metals,15.976,Africa,Eritrea
2017,ERI,Chemical & Pharmaceutical,7.561,Africa,Eritrea
2017,ERI,Consumer Goods & Crafts,115.526,Africa,Eritrea
2017,ERI,Industrial Equipment & Technology,56.074,Africa,Eritrea
2017,ERI,Textile & Apparel Manufacturing,2.112,Africa,Eritrea
2017,ETH,Agricultural & Foods,23833.925,Africa,Ethiopia
2017,ETH,Art & Collectibles,595.043,Africa,Ethiopia
2017,ETH,Base Metals,269.386,Africa,Ethiopia
2017,ETH,Chemical & Pharmaceutical,80.032,Africa,Ethiopia
2017,ETH,Consumer Goods & Crafts,11023.482,Africa,Ethiopia
2017,ETH,Industrial Equipment & Technology,150517.34100000001,Africa,Ethiopia
2017,ETH,Textile & Apparel Manufacturing,103762.145,Africa,Ethiopia
2017,GAB,Agricultural & Foods,2.976,Africa,Gabon
2017,GAB,Art & Collectibles,2961.223,Africa,Gabon
2017,GAB,Base Metals,1640.003,Africa,Gabon
2017,GAB,Chemical & Pharmaceutical,10482.857,Africa,Gabon
2017,GAB,Consumer Goods & Crafts,5853.3769999999995,Africa,Gabon
2017,GAB,Energy & Minerals,188258.422,Africa,Gabon
2017,GAB,Industrial Equipment & Technology,402254.834,Africa,Gabon
2017,GAB,Textile & Apparel Manufacturing,107.78399999999999,Africa,Gabon
2017,GHA,Agricultural & Foods,244010.574,Africa,Ghana
2017,GHA,Art & Collectibles,2420.843,Africa,Ghana
2017,GHA,Base Metals,9596.894,Africa,Ghana
2017,GHA,Chemical & Pharmaceutical,20921.305,Africa,Ghana
2017,GHA,Consumer Goods & Crafts,41472.506,Africa,Ghana
2017,GHA,Energy & Minerals,441929.522,Africa,Ghana
2017,GHA,Industrial Equipment & Technology,2058.405,Africa,Ghana
2017,GHA,Textile & Apparel Manufacturing,14651.874,Africa,Ghana
2017,GIN,Agricultural & Foods,583.052,Africa,Guinea
2017,GIN,Art & Collectibles,289.05,Africa,Guinea
2017,GIN,Base Metals,593.886,Africa,Guinea
2017,GIN,Chemical & Pharmaceutical,787.472,Africa,Guinea
2017,GIN,Consumer Goods & Crafts,18216.488999999998,Africa,Guinea
2017,GIN,Industrial Equipment & Technology,564.415,Africa,Guinea
2017,GIN,Textile & Apparel Manufacturing,99.76899999999999,Africa,Guinea
2017,GMB,Agricultural & Foods,132.837,Africa,Gambia
2017,GMB,Art & Collectibles,2.601,Africa,Gambia
2017,GMB,Base Metals,45.303,Africa,Gambia
2017,GMB,Chemical & Pharmaceutical,194.531,Africa,Gambia
2017,GMB,Consumer Goods & Crafts,74.566,Africa,Gambia
2017,GMB,Industrial Equipment & Technology,441.337,Africa,Gambia
2017,GMB,Textile & Apparel Manufacturing,75.169,Africa,Gambia
2017,GNB,Consumer Goods & Crafts,8.01,Africa,Guinea-Bissau
2017,GNB,Industrial Equipment & Technology,8.041,Africa,Guinea-Bissau
2017,GNQ,Art & Collectibles,103.068,Africa,Equatorial Guinea
2017,GNQ,Chemical & Pharmaceutical,121805.619,Africa,Equatorial Guinea
2017,GNQ,Consumer Goods & Crafts,534.642,Africa,Equatorial Guinea
2017,GNQ,Energy & Minerals,244763.752,Africa,Equatorial Guinea
2017,GNQ,Industrial Equipment & Technology,48.013999999999996,Africa,Equatorial Guinea
2017,KEN,Agricultural & Foods,19074.989,Africa,Kenya
2017,KEN,Art & Collectibles,924.505,Africa,Kenya
2017,KEN,Base Metals,56682.16099999999,Africa,Kenya
2017,KEN,Chemical & Pharmaceutical,5286.055,Africa,Kenya
2017,KEN,Consumer Goods & Crafts,7996.369,Africa,Kenya
2017,KEN,Energy & Minerals,25902.816,Africa,Kenya
2017,KEN,Industrial Equipment & Technology,75807.68800000001,Africa,Kenya
2017,KEN,Textile & Apparel Manufacturing,383342.144,Africa,Kenya
2017,LBR,Agricultural & Foods,535.58,Africa,Liberia
2017,LBR,Art & Collectibles,1441.852,Africa,Liberia
2017,LBR,Base Metals,260.408,Africa,Liberia
2017,LBR,Chemical & Pharmaceutical,64978.03,Africa,Liberia
2017,LBR,Consumer Goods & Crafts,2697.5739999999996,Africa,Liberia
2017,LBR,Energy & Minerals,7.872,Africa,Liberia
2017,LBR,Industrial Equipment & Technology,286.733,Africa,Liberia
2017,LBR,Textile & Apparel Manufacturing,446.017,Africa,Liberia
2017,LBY,Art & Collectibles,35.717,Africa,Libya
2017,LBY,Chemical & Pharmaceutical,14872.423,Africa,Libya
2017,LBY,Energy & Minerals,767633.137,Africa,Libya
2017,LBY,Industrial Equipment & Technology,9.629000000000001,Africa,Libya
2017,LBY,Textile & Apparel Manufacturing,1.133,Africa,Libya
2017,LSO,Agricultural & Foods,149.15200000000002,Africa,Lesotho
2017,LSO,Base Metals,4.25,Africa,Lesotho
2017,LSO,Chemical & Pharmaceutical,422.998,Africa,Lesotho
2017,LSO,Consumer Goods & Crafts,15964.471000000001,Africa,Lesotho
2017,LSO,Industrial Equipment & Technology,1185.281,Africa,Lesotho
2017,LSO,Textile & Apparel Manufacturing,298183.552,Africa,Lesotho
2017,MAR,Agricultural & Foods,118435.161,Africa,Morocco
2017,MAR,Art & Collectibles,2554.926,Africa,Morocco
2017,MAR,Base Metals,114972.27100000001,Africa,Morocco
2017,MAR,Chemical & Pharmaceutical,522033.991,Africa,Morocco
2017,MAR,Consumer Goods & Crafts,26585.099,Africa,Morocco
2017,MAR,Energy & Minerals,134985.665,Africa,Morocco
2017,MAR,Industrial Equipment & Technology,205836.555,Africa,Morocco
2017,MAR,Textile & Apparel Manufacturing,150055.047,Africa,Morocco
2017,MDG,Agricultural & Foods,14173.751999999999,Africa,Madagascar
2017,MDG,Art & Collectibles,989.0260000000001,Africa,Madagascar
2017,MDG,Base Metals,91180.78099999999,Africa,Madagascar
2017,MDG,Chemical & Pharmaceutical,4582.518,Africa,Madagascar
2017,MDG,Consumer Goods & Crafts,21385.161,Africa,Madagascar
2017,MDG,Energy & Minerals,38933.508,Africa,Madagascar
2017,MDG,Industrial Equipment & Technology,378103.88300000003,Africa,Madagascar
2017,MDG,Textile & Apparel Manufacturing,154036.842,Africa,Madagascar
2017,MLI,Agricultural & Foods,478.65,Africa,Mali
2017,MLI,Art & Collectibles,667.0440000000001,Africa,Mali
2017,MLI,Base Metals,65.231,Africa,Mali
2017,MLI,Chemical & Pharmaceutical,656.8870000000001,Africa,Mali
2017,MLI,Consumer Goods & Crafts,837.038,Africa,Mali
2017,MLI,Energy & Minerals,6.0680000000000005,Africa,Mali
2017,MLI,Industrial Equipment & Technology,9510.931,Africa,Mali
2017,MLI,Textile & Apparel Manufacturing,226.357,Africa,Mali
2017,MOZ,Agricultural & Foods,10635.926,Africa,Mozambique
2017,MOZ,Art & Collectibles,34.364000000000004,Africa,Mozambique
2017,MOZ,Base Metals,26877.898,Africa,Mozambique
2017,MOZ,Chemical & Pharmaceutical,3565.179,Africa,Mozambique
2017,MOZ,Consumer Goods & Crafts,64984.25200000001,Africa,Mozambique
2017,MOZ,Energy & Minerals,49777.813,Africa,Mozambique
2017,MOZ,Industrial Equipment & Technology,41871.492,Africa,Mozambique
2017,MOZ,Textile & Apparel Manufacturing,136.576,Africa,Mozambique
2017,MRT,Agricultural & Foods,683.4319999999999,Africa,Mauritania
2017,MRT,Art & Collectibles,8.622,Africa,Mauritania
2017,MRT,Base Metals,51.266,Africa,Mauritania
2017,MRT,Chemical & Pharmaceutical,3710.638,Africa,Mauritania
2017,MRT,Consumer Goods & Crafts,0.398,Africa,Mauritania
2017,MRT,Energy & Minerals,56539.336,Africa,Mauritania
2017,MRT,Industrial Equipment & Technology,64.741,Africa,Mauritania
2017,MRT,Textile & Apparel Manufacturing,2.451,Africa,Mauritania
2017,MUS,Agricultural & Foods,50502.696,Africa,Mauritius
2017,MUS,Art & Collectibles,46.057,Africa,Mauritius
2017,MUS,Base Metals,35.534,Africa,Mauritius
2017,MUS,Chemical & Pharmaceutical,7259.512,Africa,Mauritius
2017,MUS,Consumer Goods & Crafts,47292.966,Africa,Mauritius
2017,MUS,Energy & Minerals,14.469,Africa,Mauritius
2017,MUS,Industrial Equipment & Technology,25307.98,Africa,Mauritius
2017,MUS,Textile & Apparel Manufacturing,149887.35,Africa,Mauritius
2017,MWI,Agricultural & Foods,37856.248999999996,Africa,Malawi
2017,MWI,Art & Collectibles,17.366,Africa,Malawi
2017,MWI,Base Metals,6489.625,Africa,Malawi
2017,MWI,Chemical & Pharmaceutical,9.02,Africa,Malawi
2017,MWI,Consumer Goods & Crafts,116.99300000000001,Africa,Malawi
2017,MWI,Energy & Minerals,0.28700000000000003,Africa,Malawi
2017,MWI,Industrial Equipment & Technology,21765.078999999998,Africa,Malawi
2017,MWI,Textile & Apparel Manufacturing,492.717,Africa,Malawi
2017,NAM,Agricultural & Foods,348.836,Africa,Namibia
2017,NAM,Art & Collectibles,488.85200000000003,Africa,Namibia
2017,NAM,Base Metals,728.9060000000001,Africa,Namibia
2017,NAM,Chemical & Pharmaceutical,244.655,Africa,Namibia
2017,NAM,Consumer Goods & Crafts,74392.296,Africa,Namibia
2017,NAM,Energy & Minerals,39753.74,Africa,Namibia
2017,NAM,Industrial Equipment & Technology,4000.139,Africa,Namibia
2017,NAM,Textile & Apparel Manufacturing,176.246,Africa,Namibia
2017,NER,Agricultural & Foods,324.328,Africa,Niger
2017,NER,Art & Collectibles,158.831,Africa,Niger
2017,NER,Base Metals,226.957,Africa,Niger
2017,NER,Chemical & Pharmaceutical,221.99,Africa,Niger
2017,NER,Consumer Goods & Crafts,236.228,Africa,Niger
2017,NER,Energy & Minerals,37384.055,Africa,Niger
2017,NER,Industrial Equipment & Technology,15835.814,Africa,Niger
2017,NER,Textile & Apparel Manufacturing,58.555,Africa,Niger
2017,NGA,Agricultural & Foods,52855.227,Africa,Nigeria
2017,NGA,Art & Collectibles,10837.18,Africa,Nigeria
2017,NGA,Base Metals,14515.545,Africa,Nigeria
2017,NGA,Chemical & Pharmaceutical,31679.549,Africa,Nigeria
2017,NGA,Consumer Goods & Crafts,6443.858,Africa,Nigeria
2017,NGA,Energy & Minerals,7444260.497,Africa,Nigeria
2017,NGA,Industrial Equipment & Technology,15431.507000000001,Africa,Nigeria
2017,NGA,Textile & Apparel Manufacturing,10609.905999999999,Africa,Nigeria
2017,RWA,Agricultural & Foods,2130.102,Africa,Rwanda
2017,RWA,Art & Collectibles,356.74600000000004,Africa,Rwanda
2017,RWA,Base Metals,449.074,Africa,Rwanda
2017,RWA,Chemical & Pharmaceutical,154.79399999999998,Africa,Rwanda
2017,RWA,Consumer Goods & Crafts,2334.419,Africa,Rwanda
2017,RWA,Energy & Minerals,26098.792999999998,Africa,Rwanda
2017,RWA,Industrial Equipment & Technology,21498.251,Africa,Rwanda
2017,RWA,Textile & Apparel Manufacturing,1793.541,Africa,Rwanda
2017,SDN,Agricultural & Foods,14161.738,Africa,Sudan
2017,SDN,Base Metals,132.75,Africa,Sudan
2017,SDN,Chemical & Pharmaceutical,0.156,Africa,Sudan
2017,SDN,Consumer Goods & Crafts,17.94,Africa,Sudan
2017,SDN,Energy & Minerals,1.23,Africa,Sudan
2017,SEN,Agricultural & Foods,6646.8,Africa,Senegal
2017,SEN,Art & Collectibles,156.45,Africa,Senegal
2017,SEN,Base Metals,7677.158,Africa,Senegal
2017,SEN,Chemical & Pharmaceutical,3352.526,Africa,Senegal
2017,SEN,Consumer Goods & Crafts,669.9359999999999,Africa,Senegal
2017,SEN,Energy & Minerals,25074.207000000002,Africa,Senegal
2017,SEN,Industrial Equipment & Technology,1321.766,Africa,Senegal
2017,SEN,Textile & Apparel Manufacturing,54797.695,Africa,Senegal
2017,SLE,Agricultural & Foods,543.6859999999999,Africa,Sierra Leone
2017,SLE,Art & Collectibles,16.278,Africa,Sierra Leone
2017,SLE,Base Metals,1156.5230000000001,Africa,Sierra Leone
2017,SLE,Chemical & Pharmaceutical,1123.874,Africa,Sierra Leone
2017,SLE,Consumer Goods & Crafts,15176.252,Africa,Sierra Leone
2017,SLE,Energy & Minerals,7739.428,Africa,Sierra Leone
2017,SLE,Industrial Equipment & Technology,5554.658,Africa,Sierra Leone
2017,SLE,Textile & Apparel Manufacturing,513.986,Africa,Sierra Leone
2017,SOM,Agricultural & Foods,582.397,Africa,Somalia
2017,SOM,Chemical & Pharmaceutical,34.577999999999996,Africa,Somalia
2017,SOM,Consumer Goods & Crafts,20.806,Africa,Somalia
2017,SOM,Industrial Equipment & Technology,356.541,Africa,Somalia
2017,SOM,Textile & Apparel Manufacturing,0.325,Africa,Somalia
2017,SSD,Agricultural & Foods,2.488,Africa,South Sudan
2017,SSD,Base Metals,8.537,Africa,South Sudan
2017,SSD,Industrial Equipment & Technology,266.915,Africa,South Sudan
2017,STP,Agricultural & Foods,144.452,Africa,Sao Tome and Principe
2017,STP,Base Metals,3.864,Africa,Sao Tome and Principe
2017,STP,Chemical & Pharmaceutical,10.222999999999999,Africa,Sao Tome and Principe
2017,STP,Consumer Goods & Crafts,12.218,Africa,Sao Tome and Principe
2017,STP,Industrial Equipment & Technology,377.953,Africa,Sao Tome and Principe
2017,STP,Textile & Apparel Manufacturing,32.204,Africa,Sao Tome and Principe
2017,SWZ,Agricultural & Foods,13290.794000000002,Africa,Eswatini
2017,SWZ,Art & Collectibles,25.395999999999997,Africa,Eswatini
2017,SWZ,Base Metals,476.696,Africa,Eswatini
2017,SWZ,Chemical & Pharmaceutical,641.2610000000001,Africa,Eswatini
2017,SWZ,Consumer Goods & Crafts,1504.868,Africa,Eswatini
2017,SWZ,Energy & Minerals,60.794,Africa,Eswatini
2017,SWZ,Industrial Equipment & Technology,3613.513,Africa,Eswatini
2017,SWZ,Textile & Apparel Manufacturing,595.745,Africa,Eswatini
2017,SYC,Agricultural & Foods,1805.607,Africa,Seychelles
2017,SYC,Art & Collectibles,23.648,Africa,Seychelles
2017,SYC,Base Metals,1001.2090000000001,Africa,Seychelles
2017,SYC,Chemical & Pharmaceutical,7769.287,Africa,Seychelles
2017,SYC,Consumer Goods & Crafts,680.377,Africa,Seychelles
2017,SYC,Energy & Minerals,95.0,Africa,Seychelles
2017,SYC,Industrial Equipment & Technology,5557.709,Africa,Seychelles
2017,SYC,Textile & Apparel Manufacturing,245.97899999999998,Africa,Seychelles
2017,TCD,Agricultural & Foods,10865.577,Africa,Chad
2017,TCD,Art & Collectibles,3.553,Africa,Chad
2017,TCD,Chemical & Pharmaceutical,3.513,Africa,Chad
2017,TCD,Consumer Goods & Crafts,8.951,Africa,Chad
2017,TCD,Energy & Minerals,531088.09,Africa,Chad
2017,TCD,Industrial Equipment & Technology,131.086,Africa,Chad
2017,TGO,Agricultural & Foods,2393.169,Africa,Togo
2017,TGO,Base Metals,2453.821,Africa,Togo
2017,TGO,Chemical & Pharmaceutical,1282.442,Africa,Togo
2017,TGO,Consumer Goods & Crafts,361.674,Africa,Togo
2017,TGO,Industrial Equipment & Technology,216.769,Africa,Togo
2017,TGO,Textile & Apparel Manufacturing,8793.726,Africa,Togo
2017,TUN,Agricultural & Foods,70746.807,Africa,Tunisia
2017,TUN,Art & Collectibles,2588.515,Africa,Tunisia
2017,TUN,Base Metals,39578.875,Africa,Tunisia
2017,TUN,Chemical & Pharmaceutical,5729.985,Africa,Tunisia
2017,TUN,Consumer Goods & Crafts,20819.127,Africa,Tunisia
2017,TUN,Energy & Minerals,79504.537,Africa,Tunisia
2017,TUN,Industrial Equipment & Technology,181617.736,Africa,Tunisia
2017,TUN,Textile & Apparel Manufacturing,70677.346,Africa,Tunisia
2017,TZA,Agricultural & Foods,11712.351,Africa,Tanzania
2017,TZA,Art & Collectibles,513.306,Africa,Tanzania
2017,TZA,Base Metals,5527.296,Africa,Tanzania
2017,TZA,Chemical & Pharmaceutical,5916.491,Africa,Tanzania
2017,TZA,Consumer Goods & Crafts,34744.265999999996,Africa,Tanzania
2017,TZA,Energy & Minerals,987.27,Africa,Tanzania
2017,TZA,Industrial Equipment & Technology,24470.639,Africa,Tanzania
2017,TZA,Textile & Apparel Manufacturing,44286.029,Africa,Tanzania
2017,UGA,Agricultural & Foods,1249.093,Africa,Uganda
2017,UGA,Art & Collectibles,41.622,Africa,Uganda
2017,UGA,Base Metals,201.06799999999998,Africa,Uganda
2017,UGA,Chemical & Pharmaceutical,9296.517,Africa,Uganda
2017,UGA,Consumer Goods & Crafts,2719.585,Africa,Uganda
2017,UGA,Energy & Minerals,1030.723,Africa,Uganda
2017,UGA,Industrial Equipment & Technology,52658.287,Africa,Uganda
2017,UGA,Textile & Apparel Manufacturing,1799.97,Africa,Uganda
2017,ZAF,Agricultural & Foods,179790.399,Africa,South Africa
2017,ZAF,Art & Collectibles,25063.779,Africa,South Africa
2017,ZAF,Base Metals,1637209.767,Africa,South Africa
2017,ZAF,Chemical & Pharmaceutical,565301.753,Africa,South Africa
2017,ZAF,Consumer Goods & Crafts,2719653.96,Africa,South Africa
2017,ZAF,Energy & Minerals,1091745.892,Africa,South Africa
2017,ZAF,Industrial Equipment & Technology,1743206.282,Africa,South Africa
2017,ZAF,Textile & Apparel Manufacturing,40530.871,Africa,South Africa
2017,ZMB,Agricultural & Foods,889.4300000000001,Africa,Zambia
2017,ZMB,Art & Collectibles,86.001,Africa,Zambia
2017,ZMB,Base Metals,21599.678,Africa,Zambia
2017,ZMB,Chemical & Pharmaceutical,411.08,Africa,Zambia
2017,ZMB,Consumer Goods & Crafts,40992.505,Africa,Zambia
2017,ZMB,Energy & Minerals,373.748,Africa,Zambia
2017,ZMB,Industrial Equipment & Technology,1664.315,Africa,Zambia
2017,ZMB,Textile & Apparel Manufacturing,190.813,Africa,Zambia
2017,ZWE,Agricultural & Foods,9719.323999999999,Africa,Zimbabwe
2017,ZWE,Art & Collectibles,834.543,Africa,Zimbabwe
2017,ZWE,Base Metals,28795.01,Africa,Zimbabwe
2017,ZWE,Chemical & Pharmaceutical,208.197,Africa,Zimbabwe
2017,ZWE,Consumer Goods & Crafts,2497.8179999999998,Africa,Zimbabwe
2017,ZWE,Energy & Minerals,788.166,Africa,Zimbabwe
2017,ZWE,Industrial Equipment & Technology,4978.026,Africa,Zimbabwe
2017,ZWE,Textile & Apparel Manufacturing,814.282,Africa,Zimbabwe
2018,AGO,Agricultural & Foods,18.099,Africa,Angola
2018,AGO,Art & Collectibles,23.706000000000003,Africa,Angola
2018,AGO,Base Metals,2161.697,Africa,Angola
2018,AGO,Chemical & Pharmaceutical,665.634,Africa,Angola
2018,AGO,Consumer Goods & Crafts,198234.916,Africa,Angola
2018,AGO,Energy & Minerals,2585101.6289999997,Africa,Angola
2018,AGO,Industrial Equipment & Technology,27025.119,Africa,Angola
2018,AGO,Textile & Apparel Manufacturing,82.377,Africa,Angola
2018,BDI,Art & Collectibles,2.082,Africa,Burundi
2018,BDI,Chemical & Pharmaceutical,247.28699999999998,Africa,Burundi
2018,BDI,Consumer Goods & Crafts,16.097,Africa,Burundi
2018,BDI,Energy & Minerals,6659.5560000000005,Africa,Burundi
2018,BDI,Industrial Equipment & Technology,7200.491,Africa,Burundi
2018,BDI,Textile & Apparel Manufacturing,4.231,Africa,Burundi
2018,BEN,Agricultural & Foods,4302.495999999999,Africa,Benin
2018,BEN,Art & Collectibles,561.279,Africa,Benin
2018,BEN,Base Metals,19344.209,Africa,Benin
2018,BEN,Chemical & Pharmaceutical,157.254,Africa,Benin
2018,BEN,Consumer Goods & Crafts,1778.077,Africa,Benin
2018,BEN,Energy & Minerals,7231.276,Africa,Benin
2018,BEN,Industrial Equipment & Technology,3177.091,Africa,Benin
2018,BEN,Textile & Apparel Manufacturing,400.115,Africa,Benin
2018,BFA,Agricultural & Foods,137.026,Africa,Burkina Faso
2018,BFA,Art & Collectibles,289.939,Africa,Burkina Faso
2018,BFA,Base Metals,3076.4809999999998,Africa,Burkina Faso
2018,BFA,Chemical & Pharmaceutical,0.982,Africa,Burkina Faso
2018,BFA,Consumer Goods & Crafts,1091.422,Africa,Burkina Faso
2018,BFA,Energy & Minerals,780.611,Africa,Burkina Faso
2018,BFA,Industrial Equipment & Technology,3215.556,Africa,Burkina Faso
2018,BFA,Textile & Apparel Manufacturing,268.022,Africa,Burkina Faso
2018,BWA,Agricultural & Foods,10.013,Africa,Botswana
2018,BWA,Art & Collectibles,0.6789999999999999,Africa,Botswana
2018,BWA,Base Metals,10.369000000000002,Africa,Botswana
2018,BWA,Chemical & Pharmaceutical,43.434,Africa,Botswana
2018,BWA,Consumer Goods & Crafts,407090.507,Africa,Botswana
2018,BWA,Energy & Minerals,0.23,Africa,Botswana
2018,BWA,Industrial Equipment & Technology,2173.466,Africa,Botswana
2018,BWA,Textile & Apparel Manufacturing,11.131,Africa,Botswana
2018,CAF,Agricultural & Foods,4.653,Africa,Central African Republic
2018,CAF,Art & Collectibles,324.86499999999995,Africa,Central African Republic
2018,CAF,Base Metals,24.968,Africa,Central African Republic
2018,CAF,Chemical & Pharmaceutical,15.19,Africa,Central African Republic
2018,CAF,Consumer Goods & Crafts,769.376,Africa,Central African Republic
2018,CAF,Energy & Minerals,9.638,Africa,Central African Republic
2018,CAF,Industrial Equipment & Technology,195.675,Africa,Central African Republic
2018,CAF,Textile & Apparel Manufacturing,1555.881,Africa,Central African Republic
2018,CIV,Agricultural & Foods,778918.1279999999,Africa,Côte d'Ivoire
2018,CIV,Art & Collectibles,2912.407,Africa,Côte d'Ivoire
2018,CIV,Base Metals,27508.826,Africa,Côte d'Ivoire
2018,CIV,Chemical & Pharmaceutical,107516.94600000001,Africa,Côte d'Ivoire
2018,CIV,Consumer Goods & Crafts,7123.836,Africa,Côte d'Ivoire
2018,CIV,Energy & Minerals,362934.517,Africa,Côte d'Ivoire
2018,CIV,Industrial Equipment & Technology,11388.742,Africa,Côte d'Ivoire
2018,CIV,Textile & Apparel Manufacturing,2375.073,Africa,Côte d'Ivoire
2018,CMR,Agricultural & Foods,23531.508,Africa,Cameroon
2018,CMR,Art & Collectibles,4322.676,Africa,Cameroon
2018,CMR,Base Metals,1508.273,Africa,Cameroon
2018,CMR,Chemical & Pharmaceutical,24750.803,Africa,Cameroon
2018,CMR,Consumer Goods & Crafts,30431.014,Africa,Cameroon
2018,CMR,Energy & Minerals,141582.539,Africa,Cameroon
2018,CMR,Industrial Equipment & Technology,14070.762,Africa,Cameroon
2018,CMR,Textile & Apparel Manufacturing,1404.584,Africa,Cameroon
2018,COD,Agricultural & Foods,4630.08,Africa,DR Congo
2018,COD,Art & Collectibles,4744.946,Africa,DR Congo
2018,COD,Base Metals,19990.124,Africa,DR Congo
2018,COD,Chemical & Pharmaceutical,139.95499999999998,Africa,DR Congo
2018,COD,Consumer Goods & Crafts,9085.003,Africa,DR Congo
2018,COD,Energy & Minerals,5864.142000000001,Africa,DR Congo
2018,COD,Industrial Equipment & Technology,5268.232,Africa,DR Congo
2018,COD,Textile & Apparel Manufacturing,78.839,Africa,DR Congo
2018,COG,Agricultural & Foods,1454.0420000000001,Africa,Congo Republic
2018,COG,Art & Collectibles,1125.676,Africa,Congo Republic
2018,COG,Base Metals,6777.389,Africa,Congo Republic
2018,COG,Chemical & Pharmaceutical,154.79500000000002,Africa,Congo Republic
2018,COG,Consumer Goods & Crafts,14948.940999999999,Africa,Congo Republic
2018,COG,Energy & Minerals,419841.00800000003,Africa,Congo Republic
2018,COG,Industrial Equipment & Technology,37664.846,Africa,Congo Republic
2018,COG,Textile & Apparel Manufacturing,20.786,Africa,Congo Republic
2018,COM,Chemical & Pharmaceutical,463.081,Africa,Comoros
2018,COM,Consumer Goods & Crafts,13.371,Africa,Comoros
2018,COM,Industrial Equipment & Technology,2526.569,Africa,Comoros
2018,COM,Textile & Apparel Manufacturing,4.134,Africa,Comoros
2018,CPV,Agricultural & Foods,2251.9519999999998,Africa,Cabo Verde
2018,CPV,Base Metals,2.165,Africa,Cabo Verde
2018,CPV,Chemical & Pharmaceutical,162.34,Africa,Cabo Verde
2018,CPV,Consumer Goods & Crafts,844.597,Africa,Cabo Verde
2018,CPV,Industrial Equipment & Technology,494.867,Africa,Cabo Verde
2018,CPV,Textile & Apparel Manufacturing,425.149,Africa,Cabo Verde
2018,DJI,Agricultural & Foods,23.570999999999998,Africa,Djibouti
2018,DJI,Base Metals,25.269,Africa,Djibouti
2018,DJI,Chemical & Pharmaceutical,97.393,Africa,Djibouti
2018,DJI,Consumer Goods & Crafts,169.688,Africa,Djibouti
2018,DJI,Industrial Equipment & Technology,1622.867,Africa,Djibouti
2018,DJI,Textile & Apparel Manufacturing,80.586,Africa,Djibouti
2018,DZA,Agricultural & Foods,144.911,Africa,Algeria
2018,DZA,Art & Collectibles,440.196,Africa,Algeria
2018,DZA,Base Metals,25074.685,Africa,Algeria
2018,DZA,Chemical & Pharmaceutical,111392.325,Africa,Algeria
2018,DZA,Consumer Goods & Crafts,3276.604,Africa,Algeria
2018,DZA,Energy & Minerals,4615349.691,Africa,Algeria
2018,DZA,Industrial Equipment & Technology,1018.6569999999999,Africa,Algeria
2018,DZA,Textile & Apparel Manufacturing,2.744,Africa,Algeria
2018,EGY,Agricultural & Foods,97085.92599999999,Africa,Egypt
2018,EGY,Art & Collectibles,29853.807999999997,Africa,Egypt
2018,EGY,Base Metals,226901.246,Africa,Egypt
2018,EGY,Chemical & Pharmaceutical,127258.92,Africa,Egypt
2018,EGY,Consumer Goods & Crafts,109251.205,Africa,Egypt
2018,EGY,Energy & Minerals,922783.525,Africa,Egypt
2018,EGY,Industrial Equipment & Technology,25257.912,Africa,Egypt
2018,EGY,Textile & Apparel Manufacturing,1107470.377,Africa,Egypt
2018,ERI,Agricultural & Foods,103.807,Africa,Eritrea
2018,ERI,Art & Collectibles,7.514,Africa,Eritrea
2018,ERI,Base Metals,6.243,Africa,Eritrea
2018,ERI,Chemical & Pharmaceutical,3.3890000000000002,Africa,Eritrea
2018,ERI,Consumer Goods & Crafts,24.558,Africa,Eritrea
2018,ERI,Industrial Equipment & Technology,47.39,Africa,Eritrea
2018,ETH,Agricultural & Foods,24393.188000000002,Africa,Ethiopia
2018,ETH,Art & Collectibles,3497.575,Africa,Ethiopia
2018,ETH,Base Metals,117.32199999999999,Africa,Ethiopia
2018,ETH,Chemical & Pharmaceutical,1371.113,Africa,Ethiopia
2018,ETH,Consumer Goods & Crafts,10745.298999999999,Africa,Ethiopia
2018,ETH,Energy & Minerals,0.589,Africa,Ethiopia
2018,ETH,Industrial Equipment & Technology,182441.022,Africa,Ethiopia
2018,ETH,Textile & Apparel Manufacturing,166163.581,Africa,Ethiopia
2018,GAB,Agricultural & Foods,26.404,Africa,Gabon
2018,GAB,Art & Collectibles,5042.548,Africa,Gabon
2018,GAB,Base Metals,5134.541,Africa,Gabon
2018,GAB,Chemical & Pharmaceutical,11862.177,Africa,Gabon
2018,GAB,Consumer Goods & Crafts,10426.322,Africa,Gabon
2018,GAB,Energy & Minerals,269215.869,Africa,Gabon
2018,GAB,Industrial Equipment & Technology,246288.791,Africa,Gabon
2018,GAB,Textile & Apparel Manufacturing,21.599999999999998,Africa,Gabon
2018,GHA,Agricultural & Foods,188086.28399999999,Africa,Ghana
2018,GHA,Art & Collectibles,1343.46,Africa,Ghana
2018,GHA,Base Metals,10536.252,Africa,Ghana
2018,GHA,Chemical & Pharmaceutical,26473.209,Africa,Ghana
2018,GHA,Consumer Goods & Crafts,47506.594000000005,Africa,Ghana
2018,GHA,Energy & Minerals,329231.44,Africa,Ghana
2018,GHA,Industrial Equipment & Technology,3570.196,Africa,Ghana
2018,GHA,Textile & Apparel Manufacturing,23335.495,Africa,Ghana
2018,GIN,Agricultural & Foods,919.705,Africa,Guinea
2018,GIN,Art & Collectibles,53.294,Africa,Guinea
2018,GIN,Base Metals,977.1069999999999,Africa,Guinea
2018,GIN,Chemical & Pharmaceutical,811.649,Africa,Guinea
2018,GIN,Consumer Goods & Crafts,1809.2359999999999,Africa,Guinea
2018,GIN,Energy & Minerals,4.812,Africa,Guinea
2018,GIN,Industrial Equipment & Technology,558.098,Africa,Guinea
2018,GIN,Textile & Apparel Manufacturing,13.139999999999999,Africa,Guinea
2018,GMB,Agricultural & Foods,72.906,Africa,Gambia
2018,GMB,Art & Collectibles,20.080000000000002,Africa,Gambia
2018,GMB,Base Metals,2.768,Africa,Gambia
2018,GMB,Chemical & Pharmaceutical,272.20300000000003,Africa,Gambia
2018,GMB,Consumer Goods & Crafts,45.809,Africa,Gambia
2018,GMB,Industrial Equipment & Technology,180.913,Africa,Gambia
2018,GMB,Textile & Apparel Manufacturing,66.725,Africa,Gambia
2018,GNB,Base Metals,154.2,Africa,Guinea-Bissau
2018,GNB,Industrial Equipment & Technology,21.825000000000003,Africa,Guinea-Bissau
2018,GNQ,Chemical & Pharmaceutical,132707.334,Africa,Equatorial Guinea
2018,GNQ,Consumer Goods & Crafts,95.85900000000001,Africa,Equatorial Guinea
2018,GNQ,Energy & Minerals,469520.515,Africa,Equatorial Guinea
2018,GNQ,Industrial Equipment & Technology,13.897,Africa,Equatorial Guinea
2018,KEN,Agricultural & Foods,16527.715,Africa,Kenya
2018,KEN,Art & Collectibles,888.556,Africa,Kenya
2018,KEN,Base Metals,67124.43800000001,Africa,Kenya
2018,KEN,Chemical & Pharmaceutical,11806.04,Africa,Kenya
2018,KEN,Consumer Goods & Crafts,7093.34,Africa,Kenya
2018,KEN,Energy & Minerals,14164.874999999998,Africa,Kenya
2018,KEN,Industrial Equipment & Technology,74906.0,Africa,Kenya
2018,KEN,Textile & Apparel Manufacturing,435359.874,Africa,Kenya
2018,LBR,Agricultural & Foods,1199.6429999999998,Africa,Liberia
2018,LBR,Art & Collectibles,1803.1979999999999,Africa,Liberia
2018,LBR,Base Metals,16.214,Africa,Liberia
2018,LBR,Chemical & Pharmaceutical,60552.056000000004,Africa,Liberia
2018,LBR,Consumer Goods & Crafts,2721.5989999999997,Africa,Liberia
2018,LBR,Energy & Minerals,13.672,Africa,Liberia
2018,LBR,Industrial Equipment & Technology,293.64,Africa,Liberia
2018,LBR,Textile & Apparel Manufacturing,1394.667,Africa,Liberia
2018,LBY,Art & Collectibles,145.921,Africa,Libya
2018,LBY,Chemical & Pharmaceutical,11643.707999999999,Africa,Libya
2018,LBY,Consumer Goods & Crafts,12.463,Africa,Libya
2018,LBY,Energy & Minerals,968324.351,Africa,Libya
2018,LBY,Industrial Equipment & Technology,60.702000000000005,Africa,Libya
2018,LBY,Textile & Apparel Manufacturing,1.875,Africa,Libya
2018,LSO,Agricultural & Foods,205.65699999999998,Africa,Lesotho
2018,LSO,Art & Collectibles,10.011,Africa,Lesotho
2018,LSO,Base Metals,14.664000000000001,Africa,Lesotho
2018,LSO,Chemical & Pharmaceutical,239.97099999999998,Africa,Lesotho
2018,LSO,Consumer Goods & Crafts,98599.517,Africa,Lesotho
2018,LSO,Industrial Equipment & Technology,1977.148,Africa,Lesotho
2018,LSO,Textile & Apparel Manufacturing,312732.765,Africa,Lesotho
2018,MAR,Agricultural & Foods,147550.239,Africa,Morocco
2018,MAR,Art & Collectibles,3793.089,Africa,Morocco
2018,MAR,Base Metals,138888.449,Africa,Morocco
2018,MAR,Chemical & Pharmaceutical,822649.57,Africa,Morocco
2018,MAR,Consumer Goods & Crafts,30171.841,Africa,Morocco
2018,MAR,Energy & Minerals,113223.499,Africa,Morocco
2018,MAR,Industrial Equipment & Technology,223092.707,Africa,Morocco
2018,MAR,Textile & Apparel Manufacturing,158147.723,Africa,Morocco
2018,MDG,Agricultural & Foods,5637.718,Africa,Madagascar
2018,MDG,Art & Collectibles,1257.926,Africa,Madagascar
2018,MDG,Base Metals,89730.791,Africa,Madagascar
2018,MDG,Chemical & Pharmaceutical,9422.636,Africa,Madagascar
2018,MDG,Consumer Goods & Crafts,19750.781,Africa,Madagascar
2018,MDG,Energy & Minerals,39583.024999999994,Africa,Madagascar
2018,MDG,Industrial Equipment & Technology,483983.053,Africa,Madagascar
2018,MDG,Textile & Apparel Manufacturing,192746.839,Africa,Madagascar
2018,MLI,Agricultural & Foods,639.847,Africa,Mali
2018,MLI,Art & Collectibles,2462.602,Africa,Mali
2018,MLI,Base Metals,196.545,Africa,Mali
2018,MLI,Chemical & Pharmaceutical,4666.891,Africa,Mali
2018,MLI,Consumer Goods & Crafts,205.06300000000002,Africa,Mali
2018,MLI,Energy & Minerals,1.61,Africa,Mali
2018,MLI,Industrial Equipment & Technology,15902.542,Africa,Mali
2018,MLI,Textile & Apparel Manufacturing,233.233,Africa,Mali
2018,MOZ,Agricultural & Foods,12091.653,Africa,Mozambique
2018,MOZ,Art & Collectibles,82.465,Africa,Mozambique
2018,MOZ,Base Metals,22019.653,Africa,Mozambique
2018,MOZ,Chemical & Pharmaceutical,4984.267,Africa,Mozambique
2018,MOZ,Consumer Goods & Crafts,45530.605,Africa,Mozambique
2018,MOZ,Energy & Minerals,31305.707000000002,Africa,Mozambique
2018,MOZ,Industrial Equipment & Technology,15344.869,Africa,Mozambique
2018,MOZ,Textile & Apparel Manufacturing,70.45,Africa,Mozambique
2018,MRT,Agricultural & Foods,829.61,Africa,Mauritania
2018,MRT,Art & Collectibles,44.05200000000001,Africa,Mauritania
2018,MRT,Base Metals,15.08,Africa,Mauritania
2018,MRT,Chemical & Pharmaceutical,4468.626,Africa,Mauritania
2018,MRT,Consumer Goods & Crafts,856.3539999999999,Africa,Mauritania
2018,MRT,Industrial Equipment & Technology,277.12,Africa,Mauritania
2018,MRT,Textile & Apparel Manufacturing,24.485,Africa,Mauritania
2018,MUS,Agricultural & Foods,68628.106,Africa,Mauritius
2018,MUS,Art & Collectibles,24.527,Africa,Mauritius
2018,MUS,Base Metals,311.141,Africa,Mauritius
2018,MUS,Chemical & Pharmaceutical,17952.753,Africa,Mauritius
2018,MUS,Consumer Goods & Crafts,63797.757,Africa,Mauritius
2018,MUS,Energy & Minerals,389.4,Africa,Mauritius
2018,MUS,Industrial Equipment & Technology,29628.163,Africa,Mauritius
2018,MUS,Textile & Apparel Manufacturing,150054.466,Africa,Mauritius
2018,MWI,Agricultural & Foods,32945.683000000005,Africa,Malawi
2018,MWI,Art & Collectibles,3.524,Africa,Malawi
2018,MWI,Base Metals,9367.270999999999,Africa,Malawi
2018,MWI,Chemical & Pharmaceutical,39.216,Africa,Malawi
2018,MWI,Consumer Goods & Crafts,350.376,Africa,Malawi
2018,MWI,Energy & Minerals,9.469000000000001,Africa,Malawi
2018,MWI,Industrial Equipment & Technology,16517.246,Africa,Malawi
2018,MWI,Textile & Apparel Manufacturing,2000.666,Africa,Malawi
2018,NAM,Agricultural & Foods,699.4309999999999,Africa,Namibia
2018,NAM,Art & Collectibles,320.899,Africa,Namibia
2018,NAM,Base Metals,3723.7250000000004,Africa,Namibia
2018,NAM,Chemical & Pharmaceutical,951.621,Africa,Namibia
2018,NAM,Consumer Goods & Crafts,101981.174,Africa,Namibia
2018,NAM,Energy & Minerals,15253.015,Africa,Namibia
2018,NAM,Industrial Equipment & Technology,2838.362,Africa,Namibia
2018,NAM,Textile & Apparel Manufacturing,347.642,Africa,Namibia
2018,NER,Agricultural & Foods,401.23900000000003,Africa,Niger
2018,NER,Art & Collectibles,3092.263,Africa,Niger
2018,NER,Base Metals,1282.376,Africa,Niger
2018,NER,Chemical & Pharmaceutical,145.329,Africa,Niger
2018,NER,Consumer Goods & Crafts,302.634,Africa,Niger
2018,NER,Energy & Minerals,18648.327,Africa,Niger
2018,NER,Industrial Equipment & Technology,9029.669,Africa,Niger
2018,NER,Textile & Apparel Manufacturing,567.8199999999999,Africa,Niger
2018,NGA,Agricultural & Foods,43195.98,Africa,Nigeria
2018,NGA,Art & Collectibles,8146.352999999999,Africa,Nigeria
2018,NGA,Base Metals,12894.985,Africa,Nigeria
2018,NGA,Chemical & Pharmaceutical,61096.628,Africa,Nigeria
2018,NGA,Consumer Goods & Crafts,14834.473,Africa,Nigeria
2018,NGA,Energy & Minerals,5651458.812000001,Africa,Nigeria
2018,NGA,Industrial Equipment & Technology,2188.649,Africa,Nigeria
2018,NGA,Textile & Apparel Manufacturing,14395.973,Africa,Nigeria
2018,RWA,Agricultural & Foods,2503.064,Africa,Rwanda
2018,RWA,Art & Collectibles,163.406,Africa,Rwanda
2018,RWA,Base Metals,775.845,Africa,Rwanda
2018,RWA,Chemical & Pharmaceutical,131.01,Africa,Rwanda
2018,RWA,Consumer Goods & Crafts,2643.872,Africa,Rwanda
2018,RWA,Energy & Minerals,32289.459000000003,Africa,Rwanda
2018,RWA,Industrial Equipment & Technology,33464.508,Africa,Rwanda
2018,RWA,Textile & Apparel Manufacturing,3239.284,Africa,Rwanda
2018,SDN,Agricultural & Foods,16906.868000000002,Africa,Sudan
2018,SDN,Art & Collectibles,0.001,Africa,Sudan
2018,SDN,Chemical & Pharmaceutical,2.0,Africa,Sudan
2018,SDN,Consumer Goods & Crafts,3202.5409999999997,Africa,Sudan
2018,SDN,Energy & Minerals,0.558,Africa,Sudan
2018,SDN,Industrial Equipment & Technology,11.818,Africa,Sudan
2018,SEN,Agricultural & Foods,32514.854,Africa,Senegal
2018,SEN,Art & Collectibles,394.54299999999995,Africa,Senegal
2018,SEN,Base Metals,378.893,Africa,Senegal
2018,SEN,Chemical & Pharmaceutical,23258.739,Africa,Senegal
2018,SEN,Consumer Goods & Crafts,1505.475,Africa,Senegal
2018,SEN,Energy & Minerals,34765.316,Africa,Senegal
2018,SEN,Industrial Equipment & Technology,2459.735,Africa,Senegal
2018,SEN,Textile & Apparel Manufacturing,60490.939000000006,Africa,Senegal
2018,SLE,Agricultural & Foods,871.595,Africa,Sierra Leone
2018,SLE,Art & Collectibles,7.105,Africa,Sierra Leone
2018,SLE,Base Metals,409.459,Africa,Sierra Leone
2018,SLE,Chemical & Pharmaceutical,2095.31,Africa,Sierra Leone
2018,SLE,Consumer Goods & Crafts,5967.89,Africa,Sierra Leone
2018,SLE,Energy & Minerals,15065.322,Africa,Sierra Leone
2018,SLE,Industrial Equipment & Technology,31779.263,Africa,Sierra Leone
2018,SLE,Textile & Apparel Manufacturing,724.529,Africa,Sierra Leone
2018,SOM,Agricultural & Foods,228.115,Africa,Somalia
2018,SOM,Art & Collectibles,2.397,Africa,Somalia
2018,SOM,Chemical & Pharmaceutical,831.9889999999999,Africa,Somalia
2018,SOM,Industrial Equipment & Technology,231.041,Africa,Somalia
2018,SOM,Textile & Apparel Manufacturing,19.387,Africa,Somalia
2018,SSD,Agricultural & Foods,2.2,Africa,South Sudan
2018,SSD,Base Metals,3.309,Africa,South Sudan
2018,SSD,Consumer Goods & Crafts,10.085,Africa,South Sudan
2018,STP,Agricultural & Foods,48.184,Africa,Sao Tome and Principe
2018,STP,Art & Collectibles,2.601,Africa,Sao Tome and Principe
2018,STP,Base Metals,6.343,Africa,Sao Tome and Principe
2018,STP,Chemical & Pharmaceutical,19.057,Africa,Sao Tome and Principe
2018,STP,Consumer Goods & Crafts,37.848,Africa,Sao Tome and Principe
2018,STP,Energy & Minerals,24.96,Africa,Sao Tome and Principe
2018,STP,Industrial Equipment & Technology,532.9449999999999,Africa,Sao Tome and Principe
2018,STP,Textile & Apparel Manufacturing,2.6390000000000002,Africa,Sao Tome and Principe
2018,SWZ,Agricultural & Foods,8352.445,Africa,Eswatini
2018,SWZ,Art & Collectibles,17.695,Africa,Eswatini
2018,SWZ,Base Metals,417.795,Africa,Eswatini
2018,SWZ,Chemical & Pharmaceutical,1152.879,Africa,Eswatini
2018,SWZ,Consumer Goods & Crafts,1152.986,Africa,Eswatini
2018,SWZ,Industrial Equipment & Technology,1942.726,Africa,Eswatini
2018,SWZ,Textile & Apparel Manufacturing,1274.3690000000001,Africa,Eswatini
2018,SYC,Agricultural & Foods,2220.29,Africa,Seychelles
2018,SYC,Art & Collectibles,11.731,Africa,Seychelles
2018,SYC,Base Metals,399.806,Africa,Seychelles
2018,SYC,Chemical & Pharmaceutical,5046.002,Africa,Seychelles
2018,SYC,Consumer Goods & Crafts,1164.686,Africa,Seychelles
2018,SYC,Energy & Minerals,110.8,Africa,Seychelles
2018,SYC,Industrial Equipment & Technology,1739.058,Africa,Seychelles
2018,SYC,Textile & Apparel Manufacturing,299.776,Africa,Seychelles
2018,TCD,Agricultural & Foods,7608.018999999999,Africa,Chad
2018,TCD,Base Metals,2.675,Africa,Chad
2018,TCD,Chemical & Pharmaceutical,1.152,Africa,Chad
2018,TCD,Consumer Goods & Crafts,5.838,Africa,Chad
2018,TCD,Energy & Minerals,485981.638,Africa,Chad
2018,TCD,Industrial Equipment & Technology,1095.9270000000001,Africa,Chad
2018,TGO,Agricultural & Foods,1885.094,Africa,Togo
2018,TGO,Art & Collectibles,32.912,Africa,Togo
2018,TGO,Base Metals,1135.166,Africa,Togo
2018,TGO,Chemical & Pharmaceutical,1866.5969999999998,Africa,Togo
2018,TGO,Consumer Goods & Crafts,217.251,Africa,Togo
2018,TGO,Energy & Minerals,4.261,Africa,Togo
2018,TGO,Industrial Equipment & Technology,504.539,Africa,Togo
2018,TGO,Textile & Apparel Manufacturing,6728.3679999999995,Africa,Togo
2018,TUN,Agricultural & Foods,188232.73200000002,Africa,Tunisia
2018,TUN,Art & Collectibles,1542.9560000000001,Africa,Tunisia
2018,TUN,Base Metals,56799.095,Africa,Tunisia
2018,TUN,Chemical & Pharmaceutical,4668.017,Africa,Tunisia
2018,TUN,Consumer Goods & Crafts,26646.568,Africa,Tunisia
2018,TUN,Energy & Minerals,116056.411,Africa,Tunisia
2018,TUN,Industrial Equipment & Technology,168646.25,Africa,Tunisia
2018,TUN,Textile & Apparel Manufacturing,81477.756,Africa,Tunisia
2018,TZA,Agricultural & Foods,12112.315,Africa,Tanzania
2018,TZA,Art & Collectibles,662.3770000000001,Africa,Tanzania
2018,TZA,Base Metals,73094.827,Africa,Tanzania
2018,TZA,Chemical & Pharmaceutical,16617.457,Africa,Tanzania
2018,TZA,Consumer Goods & Crafts,24278.36,Africa,Tanzania
2018,TZA,Energy & Minerals,738.21,Africa,Tanzania
2018,TZA,Industrial Equipment & Technology,30002.432,Africa,Tanzania
2018,TZA,Textile & Apparel Manufacturing,42191.704,Africa,Tanzania
2018,UGA,Agricultural & Foods,1767.392,Africa,Uganda
2018,UGA,Art & Collectibles,68.483,Africa,Uganda
2018,UGA,Base Metals,79.628,Africa,Uganda
2018,UGA,Chemical & Pharmaceutical,5351.719,Africa,Uganda
2018,UGA,Consumer Goods & Crafts,2665.498,Africa,Uganda
2018,UGA,Energy & Minerals,1917.046,Africa,Uganda
2018,UGA,Industrial Equipment & Technology,50438.227,Africa,Uganda
2018,UGA,Textile & Apparel Manufacturing,2944.214,Africa,Uganda
2018,ZAF,Agricultural & Foods,165808.203,Africa,South Africa
2018,ZAF,Art & Collectibles,42866.04,Africa,South Africa
2018,ZAF,Base Metals,1762532.662,Africa,South Africa
2018,ZAF,Chemical & Pharmaceutical,641840.434,Africa,South Africa
2018,ZAF,Consumer Goods & Crafts,3402510.904,Africa,South Africa
2018,ZAF,Energy & Minerals,1121180.331,Africa,South Africa
2018,ZAF,Industrial Equipment & Technology,1143510.841,Africa,South Africa
2018,ZAF,Textile & Apparel Manufacturing,37943.105,Africa,South Africa
2018,ZMB,Agricultural & Foods,736.847,Africa,Zambia
2018,ZMB,Art & Collectibles,100.285,Africa,Zambia
2018,ZMB,Base Metals,132409.895,Africa,Zambia
2018,ZMB,Chemical & Pharmaceutical,145.913,Africa,Zambia
2018,ZMB,Consumer Goods & Crafts,58568.293,Africa,Zambia
2018,ZMB,Energy & Minerals,2147.8869999999997,Africa,Zambia
2018,ZMB,Industrial Equipment & Technology,3118.466,Africa,Zambia
2018,ZMB,Textile & Apparel Manufacturing,126.47,Africa,Zambia
2018,ZWE,Agricultural & Foods,10570.746,Africa,Zimbabwe
2018,ZWE,Art & Collectibles,645.75,Africa,Zimbabwe
2018,ZWE,Base Metals,58198.819,Africa,Zimbabwe
2018,ZWE,Chemical & Pharmaceutical,46.016,Africa,Zimbabwe
2018,ZWE,Consumer Goods & Crafts,1874.689,Africa,Zimbabwe
2018,ZWE,Energy & Minerals,353.06,Africa,Zimbabwe
2018,ZWE,Industrial Equipment & Technology,6067.784,Africa,Zimbabwe
2018,ZWE,Textile & Apparel Manufacturing,1118.44,Africa,Zimbabwe
2019,AGO,Agricultural & Foods,2.357,Africa,Angola
2019,AGO,Art & Collectibles,19.539,Africa,Angola
2019,AGO,Base Metals,2563.351,Africa,Angola
2019,AGO,Chemical & Pharmaceutical,91.827,Africa,Angola
2019,AGO,Consumer Goods & Crafts,55930.827,Africa,Angola
2019,AGO,Energy & Minerals,920969.309,Africa,Angola
2019,AGO,Industrial Equipment & Technology,47240.096,Africa,Angola
2019,AGO,Textile & Apparel Manufacturing,42.314,Africa,Angola
2019,BDI,Agricultural & Foods,92.326,Africa,Burundi
2019,BDI,Art & Collectibles,30.043999999999997,Africa,Burundi
2019,BDI,Base Metals,0.204,Africa,Burundi
2019,BDI,Chemical & Pharmaceutical,4.5520000000000005,Africa,Burundi
2019,BDI,Consumer Goods & Crafts,22.199,Africa,Burundi
2019,BDI,Energy & Minerals,1420.877,Africa,Burundi
2019,BDI,Industrial Equipment & Technology,8762.825,Africa,Burundi
2019,BDI,Textile & Apparel Manufacturing,2.242,Africa,Burundi
2019,BEN,Agricultural & Foods,5220.107,Africa,Benin
2019,BEN,Art & Collectibles,70.664,Africa,Benin
2019,BEN,Base Metals,8033.443,Africa,Benin
2019,BEN,Chemical & Pharmaceutical,41.470000000000006,Africa,Benin
2019,BEN,Consumer Goods & Crafts,294.089,Africa,Benin
2019,BEN,Energy & Minerals,1962.897,Africa,Benin
2019,BEN,Industrial Equipment & Technology,206.244,Africa,Benin
2019,BEN,Textile & Apparel Manufacturing,131.91299999999998,Africa,Benin
2019,BFA,Agricultural & Foods,270.06399999999996,Africa,Burkina Faso
2019,BFA,Art & Collectibles,183.053,Africa,Burkina Faso
2019,BFA,Base Metals,5038.906,Africa,Burkina Faso
2019,BFA,Chemical & Pharmaceutical,0.083,Africa,Burkina Faso
2019,BFA,Consumer Goods & Crafts,404.651,Africa,Burkina Faso
2019,BFA,Energy & Minerals,1037.328,Africa,Burkina Faso
2019,BFA,Industrial Equipment & Technology,547.063,Africa,Burkina Faso
2019,BFA,Textile & Apparel Manufacturing,75.03,Africa,Burkina Faso
2019,BWA,Agricultural & Foods,36.059,Africa,Botswana
2019,BWA,Art & Collectibles,8.697000000000001,Africa,Botswana
2019,BWA,Base Metals,18.044,Africa,Botswana
2019,BWA,Chemical & Pharmaceutical,83.873,Africa,Botswana
2019,BWA,Consumer Goods & Crafts,269862.12799999997,Africa,Botswana
2019,BWA,Energy & Minerals,0.252,Africa,Botswana
2019,BWA,Industrial Equipment & Technology,2130.484,Africa,Botswana
2019,BWA,Textile & Apparel Manufacturing,11.128,Africa,Botswana
2019,CAF,Agricultural & Foods,390.28200000000004,Africa,Central African Republic
2019,CAF,Art & Collectibles,33.781,Africa,Central African Republic
2019,CAF,Base Metals,84.878,Africa,Central African Republic
2019,CAF,Chemical & Pharmaceutical,21.493,Africa,Central African Republic
2019,CAF,Consumer Goods & Crafts,2637.447,Africa,Central African Republic
2019,CAF,Industrial Equipment & Technology,156.798,Africa,Central African Republic
2019,CAF,Textile & Apparel Manufacturing,182.686,Africa,Central African Republic
2019,CIV,Agricultural & Foods,729588.807,Africa,Côte d'Ivoire
2019,CIV,Art & Collectibles,3277.004,Africa,Côte d'Ivoire
2019,CIV,Base Metals,24309.019,Africa,Côte d'Ivoire
2019,CIV,Chemical & Pharmaceutical,101810.079,Africa,Côte d'Ivoire
2019,CIV,Consumer Goods & Crafts,5928.69,Africa,Côte d'Ivoire
2019,CIV,Energy & Minerals,123280.31599999999,Africa,Côte d'Ivoire
2019,CIV,Industrial Equipment & Technology,5916.784,Africa,Côte d'Ivoire
2019,CIV,Textile & Apparel Manufacturing,426.871,Africa,Côte d'Ivoire
2019,CMR,Agricultural & Foods,25816.306,Africa,Cameroon
2019,CMR,Art & Collectibles,1303.036,Africa,Cameroon
2019,CMR,Base Metals,543.203,Africa,Cameroon
2019,CMR,Chemical & Pharmaceutical,13949.118,Africa,Cameroon
2019,CMR,Consumer Goods & Crafts,37689.529,Africa,Cameroon
2019,CMR,Energy & Minerals,250421.572,Africa,Cameroon
2019,CMR,Industrial Equipment & Technology,5164.5,Africa,Cameroon
2019,CMR,Textile & Apparel Manufacturing,1030.294,Africa,Cameroon
2019,COD,Agricultural & Foods,6575.018999999999,Africa,DR Congo
2019,COD,Art & Collectibles,4805.868,Africa,DR Congo
2019,COD,Base Metals,6.606999999999999,Africa,DR Congo
2019,COD,Chemical & Pharmaceutical,321.364,Africa,DR Congo
2019,COD,Consumer Goods & Crafts,5263.467,Africa,DR Congo
2019,COD,Energy & Minerals,298.549,Africa,DR Congo
2019,COD,Industrial Equipment & Technology,5454.346,Africa,DR Congo
2019,COD,Textile & Apparel Manufacturing,108.064,Africa,DR Congo
2019,COG,Agricultural & Foods,1871.938,Africa,Congo Republic
2019,COG,Art & Collectibles,2396.6240000000003,Africa,Congo Republic
2019,COG,Base Metals,139.041,Africa,Congo Republic
2019,COG,Chemical & Pharmaceutical,57.994,Africa,Congo Republic
2019,COG,Consumer Goods & Crafts,16303.51,Africa,Congo Republic
2019,COG,Energy & Minerals,559367.514,Africa,Congo Republic
2019,COG,Industrial Equipment & Technology,2929.972,Africa,Congo Republic
2019,COG,Textile & Apparel Manufacturing,33.179,Africa,Congo Republic
2019,COM,Art & Collectibles,8.386,Africa,Comoros
2019,COM,Chemical & Pharmaceutical,1242.022,Africa,Comoros
2019,COM,Energy & Minerals,0.349,Africa,Comoros
2019,COM,Industrial Equipment & Technology,819.781,Africa,Comoros
2019,COM,Textile & Apparel Manufacturing,0.92,Africa,Comoros
2019,CPV,Agricultural & Foods,2597.274,Africa,Cabo Verde
2019,CPV,Base Metals,5.247,Africa,Cabo Verde
2019,CPV,Chemical & Pharmaceutical,118.391,Africa,Cabo Verde
2019,CPV,Consumer Goods & Crafts,648.035,Africa,Cabo Verde
2019,CPV,Industrial Equipment & Technology,1275.487,Africa,Cabo Verde
2019,CPV,Textile & Apparel Manufacturing,18.142,Africa,Cabo Verde
2019,DJI,Agricultural & Foods,56.448,Africa,Djibouti
2019,DJI,Art & Collectibles,5.003,Africa,Djibouti
2019,DJI,Chemical & Pharmaceutical,98.686,Africa,Djibouti
2019,DJI,Consumer Goods & Crafts,172.0,Africa,Djibouti
2019,DJI,Industrial Equipment & Technology,2127.323,Africa,Djibouti
2019,DJI,Textile & Apparel Manufacturing,166.765,Africa,Djibouti
2019,DZA,Agricultural & Foods,30.479,Africa,Algeria
2019,DZA,Art & Collectibles,26.426,Africa,Algeria
2019,DZA,Base Metals,54901.411,Africa,Algeria
2019,DZA,Chemical & Pharmaceutical,119986.792,Africa,Algeria
2019,DZA,Consumer Goods & Crafts,173.321,Africa,Algeria
2019,DZA,Energy & Minerals,2367665.214,Africa,Algeria
2019,DZA,Industrial Equipment & Technology,1186.894,Africa,Algeria
2019,DZA,Textile & Apparel Manufacturing,1.766,Africa,Algeria
2019,EGY,Agricultural & Foods,122583.674,Africa,Egypt
2019,EGY,Art & Collectibles,129761.82699999999,Africa,Egypt
2019,EGY,Base Metals,201657.655,Africa,Egypt
2019,EGY,Chemical & Pharmaceutical,221436.217,Africa,Egypt
2019,EGY,Consumer Goods & Crafts,133016.948,Africa,Egypt
2019,EGY,Energy & Minerals,1347672.419,Africa,Egypt
2019,EGY,Industrial Equipment & Technology,35509.564,Africa,Egypt
2019,EGY,Textile & Apparel Manufacturing,1262040.837,Africa,Egypt
2019,ERI,Agricultural & Foods,90.92099999999999,Africa,Eritrea
2019,ERI,Chemical & Pharmaceutical,11.488999999999999,Africa,Eritrea
2019,ERI,Consumer Goods & Crafts,1.205,Africa,Eritrea
2019,ERI,Industrial Equipment & Technology,22.441000000000003,Africa,Eritrea
2019,ETH,Agricultural & Foods,21119.804,Africa,Ethiopia
2019,ETH,Art & Collectibles,987.438,Africa,Ethiopia
2019,ETH,Base Metals,102.884,Africa,Ethiopia
2019,ETH,Chemical & Pharmaceutical,1225.5510000000002,Africa,Ethiopia
2019,ETH,Consumer Goods & Crafts,14109.204,Africa,Ethiopia
2019,ETH,Energy & Minerals,2.843,Africa,Ethiopia
2019,ETH,Industrial Equipment & Technology,206234.269,Africa,Ethiopia
2019,ETH,Textile & Apparel Manufacturing,278084.886,Africa,Ethiopia
2019,GAB,Agricultural & Foods,304.67300000000006,Africa,Gabon
2019,GAB,Art & Collectibles,4514.839,Africa,Gabon
2019,GAB,Base Metals,555.385,Africa,Gabon
2019,GAB,Chemical & Pharmaceutical,5810.703,Africa,Gabon
2019,GAB,Consumer Goods & Crafts,10649.294,Africa,Gabon
2019,GAB,Energy & Minerals,148370.136,Africa,Gabon
2019,GAB,Industrial Equipment & Technology,34796.433,Africa,Gabon
2019,GAB,Textile & Apparel Manufacturing,85.78,Africa,Gabon
2019,GHA,Agricultural & Foods,246349.063,Africa,Ghana
2019,GHA,Art & Collectibles,4248.46,Africa,Ghana
2019,GHA,Base Metals,6561.955000000001,Africa,Ghana
2019,GHA,Chemical & Pharmaceutical,26906.298,Africa,Ghana
2019,GHA,Consumer Goods & Crafts,41184.701,Africa,Ghana
2019,GHA,Energy & Minerals,634135.515,Africa,Ghana
2019,GHA,Industrial Equipment & Technology,2482.405,Africa,Ghana
2019,GHA,Textile & Apparel Manufacturing,19086.633,Africa,Ghana
2019,GIN,Agricultural & Foods,159.789,Africa,Guinea
2019,GIN,Art & Collectibles,17.706,Africa,Guinea
2019,GIN,Base Metals,1174.726,Africa,Guinea
2019,GIN,Chemical & Pharmaceutical,1052.474,Africa,Guinea
2019,GIN,Consumer Goods & Crafts,1435.377,Africa,Guinea
2019,GIN,Energy & Minerals,1937.565,Africa,Guinea
2019,GIN,Industrial Equipment & Technology,1041.722,Africa,Guinea
2019,GIN,Textile & Apparel Manufacturing,21.161,Africa,Guinea
2019,GMB,Agricultural & Foods,209.14,Africa,Gambia
2019,GMB,Art & Collectibles,10.018,Africa,Gambia
2019,GMB,Base Metals,19.212,Africa,Gambia
2019,GMB,Chemical & Pharmaceutical,206.711,Africa,Gambia
2019,GMB,Consumer Goods & Crafts,24.46,Africa,Gambia
2019,GMB,Industrial Equipment & Technology,69.884,Africa,Gambia
2019,GMB,Textile & Apparel Manufacturing,107.30099999999999,Africa,Gambia
2019,GNB,Base Metals,1721.017,Africa,Guinea-Bissau
2019,GNB,Industrial Equipment & Technology,146.992,Africa,Guinea-Bissau
2019,GNQ,Art & Collectibles,4.693,Africa,Equatorial Guinea
2019,GNQ,Base Metals,2.297,Africa,Equatorial Guinea
2019,GNQ,Chemical & Pharmaceutical,99461.622,Africa,Equatorial Guinea
2019,GNQ,Energy & Minerals,244305.83,Africa,Equatorial Guinea
2019,GNQ,Industrial Equipment & Technology,33.079,Africa,Equatorial Guinea
2019,GNQ,Textile & Apparel Manufacturing,1.094,Africa,Equatorial Guinea
2019,KEN,Agricultural & Foods,13114.190999999999,Africa,Kenya
2019,KEN,Art & Collectibles,1021.122,Africa,Kenya
2019,KEN,Base Metals,52785.293,Africa,Kenya
2019,KEN,Chemical & Pharmaceutical,14129.625000000002,Africa,Kenya
2019,KEN,Consumer Goods & Crafts,8674.582,Africa,Kenya
2019,KEN,Energy & Minerals,70725.30900000001,Africa,Kenya
2019,KEN,Industrial Equipment & Technology,42033.407999999996,Africa,Kenya
2019,KEN,Textile & Apparel Manufacturing,448037.689,Africa,Kenya
2019,LBR,Agricultural & Foods,998.937,Africa,Liberia
2019,LBR,Art & Collectibles,363.126,Africa,Liberia
2019,LBR,Base Metals,10.074,Africa,Liberia
2019,LBR,Chemical & Pharmaceutical,71940.393,Africa,Liberia
2019,LBR,Consumer Goods & Crafts,3334.241,Africa,Liberia
2019,LBR,Energy & Minerals,24.913999999999998,Africa,Liberia
2019,LBR,Industrial Equipment & Technology,1046.199,Africa,Liberia
2019,LBR,Textile & Apparel Manufacturing,2308.3830000000003,Africa,Liberia
2019,LBY,Art & Collectibles,147.75,Africa,Libya
2019,LBY,Chemical & Pharmaceutical,16369.983,Africa,Libya
2019,LBY,Consumer Goods & Crafts,14.753,Africa,Libya
2019,LBY,Energy & Minerals,816174.972,Africa,Libya
2019,LBY,Industrial Equipment & Technology,137.701,Africa,Libya
2019,LBY,Textile & Apparel Manufacturing,0.8460000000000001,Africa,Libya
2019,LSO,Agricultural & Foods,79.044,Africa,Lesotho
2019,LSO,Art & Collectibles,0.028,Africa,Lesotho
2019,LSO,Base Metals,0.34,Africa,Lesotho
2019,LSO,Chemical & Pharmaceutical,282.00800000000004,Africa,Lesotho
2019,LSO,Consumer Goods & Crafts,18652.158,Africa,Lesotho
2019,LSO,Industrial Equipment & Technology,2591.132,Africa,Lesotho
2019,LSO,Textile & Apparel Manufacturing,314731.24,Africa,Lesotho
2019,MAR,Agricultural & Foods,166477.986,Africa,Morocco
2019,MAR,Art & Collectibles,2496.652,Africa,Morocco
2019,MAR,Base Metals,131458.869,Africa,Morocco
2019,MAR,Chemical & Pharmaceutical,776022.922,Africa,Morocco
2019,MAR,Consumer Goods & Crafts,31128.426,Africa,Morocco
2019,MAR,Energy & Minerals,98012.748,Africa,Morocco
2019,MAR,Industrial Equipment & Technology,218128.59,Africa,Morocco
2019,MAR,Textile & Apparel Manufacturing,166050.07,Africa,Morocco
2019,MDG,Agricultural & Foods,5006.4980000000005,Africa,Madagascar
2019,MDG,Art & Collectibles,775.693,Africa,Madagascar
2019,MDG,Base Metals,61695.640999999996,Africa,Madagascar
2019,MDG,Chemical & Pharmaceutical,10266.949999999999,Africa,Madagascar
2019,MDG,Consumer Goods & Crafts,31743.114,Africa,Madagascar
2019,MDG,Energy & Minerals,57428.816,Africa,Madagascar
2019,MDG,Industrial Equipment & Technology,378589.257,Africa,Madagascar
2019,MDG,Textile & Apparel Manufacturing,240985.999,Africa,Madagascar
2019,MLI,Agricultural & Foods,682.3359999999999,Africa,Mali
2019,MLI,Art & Collectibles,2071.438,Africa,Mali
2019,MLI,Base Metals,61.38,Africa,Mali
2019,MLI,Chemical & Pharmaceutical,4546.226,Africa,Mali
2019,MLI,Consumer Goods & Crafts,818.3629999999999,Africa,Mali
2019,MLI,Energy & Minerals,4.255,Africa,Mali
2019,MLI,Industrial Equipment & Technology,6416.3,Africa,Mali
2019,MLI,Textile & Apparel Manufacturing,197.828,Africa,Mali
2019,MOZ,Agricultural & Foods,10824.131000000001,Africa,Mozambique
2019,MOZ,Art & Collectibles,525.583,Africa,Mozambique
2019,MOZ,Base Metals,17252.082000000002,Africa,Mozambique
2019,MOZ,Chemical & Pharmaceutical,6357.1900000000005,Africa,Mozambique
2019,MOZ,Consumer Goods & Crafts,64114.746999999996,Africa,Mozambique
2019,MOZ,Energy & Minerals,47139.989,Africa,Mozambique
2019,MOZ,Industrial Equipment & Technology,3241.901,Africa,Mozambique
2019,MOZ,Textile & Apparel Manufacturing,122.307,Africa,Mozambique
2019,MRT,Agricultural & Foods,849.7470000000001,Africa,Mauritania
2019,MRT,Art & Collectibles,2.53,Africa,Mauritania
2019,MRT,Chemical & Pharmaceutical,1845.6429999999998,Africa,Mauritania
2019,MRT,Consumer Goods & Crafts,625.591,Africa,Mauritania
2019,MRT,Energy & Minerals,0.187,Africa,Mauritania
2019,MRT,Industrial Equipment & Technology,213.70000000000002,Africa,Mauritania
2019,MRT,Textile & Apparel Manufacturing,34.869,Africa,Mauritania
2019,MUS,Agricultural & Foods,63249.795999999995,Africa,Mauritius
2019,MUS,Art & Collectibles,572.447,Africa,Mauritius
2019,MUS,Base Metals,81.016,Africa,Mauritius
2019,MUS,Chemical & Pharmaceutical,20631.449,Africa,Mauritius
2019,MUS,Consumer Goods & Crafts,76803.26000000001,Africa,Mauritius
2019,MUS,Energy & Minerals,6144.067999999999,Africa,Mauritius
2019,MUS,Industrial Equipment & Technology,19020.684,Africa,Mauritius
2019,MUS,Textile & Apparel Manufacturing,140985.726,Africa,Mauritius
2019,MWI,Agricultural & Foods,45640.615999999995,Africa,Malawi
2019,MWI,Art & Collectibles,3.112,Africa,Malawi
2019,MWI,Base Metals,12431.048,Africa,Malawi
2019,MWI,Chemical & Pharmaceutical,1.003,Africa,Malawi
2019,MWI,Consumer Goods & Crafts,213.981,Africa,Malawi
2019,MWI,Energy & Minerals,0.201,Africa,Malawi
2019,MWI,Industrial Equipment & Technology,19218.787999999997,Africa,Malawi
2019,MWI,Textile & Apparel Manufacturing,26387.901,Africa,Malawi
2019,NAM,Agricultural & Foods,1133.2779999999998,Africa,Namibia
2019,NAM,Art & Collectibles,275.631,Africa,Namibia
2019,NAM,Base Metals,291.537,Africa,Namibia
2019,NAM,Chemical & Pharmaceutical,1738.544,Africa,Namibia
2019,NAM,Consumer Goods & Crafts,103675.317,Africa,Namibia
2019,NAM,Energy & Minerals,19806.556000000004,Africa,Namibia
2019,NAM,Industrial Equipment & Technology,5694.534,Africa,Namibia
2019,NAM,Textile & Apparel Manufacturing,410.684,Africa,Namibia
2019,NER,Art & Collectibles,1281.377,Africa,Niger
2019,NER,Base Metals,376.077,Africa,Niger
2019,NER,Chemical & Pharmaceutical,3877.129,Africa,Niger
2019,NER,Consumer Goods & Crafts,428.828,Africa,Niger
2019,NER,Energy & Minerals,4.843999999999999,Africa,Niger
2019,NER,Industrial Equipment & Technology,5391.302,Africa,Niger
2019,NER,Textile & Apparel Manufacturing,39.678,Africa,Niger
2019,NGA,Agricultural & Foods,45152.06,Africa,Nigeria
2019,NGA,Art & Collectibles,7450.047,Africa,Nigeria
2019,NGA,Base Metals,12980.734999999999,Africa,Nigeria
2019,NGA,Chemical & Pharmaceutical,22161.024,Africa,Nigeria
2019,NGA,Consumer Goods & Crafts,12220.234,Africa,Nigeria
2019,NGA,Energy & Minerals,4561526.823,Africa,Nigeria
2019,NGA,Industrial Equipment & Technology,56802.306,Africa,Nigeria
2019,NGA,Textile & Apparel Manufacturing,12294.725,Africa,Nigeria
2019,RWA,Agricultural & Foods,1521.676,Africa,Rwanda
2019,RWA,Art & Collectibles,460.485,Africa,Rwanda
2019,RWA,Base Metals,842.13,Africa,Rwanda
2019,RWA,Chemical & Pharmaceutical,163.385,Africa,Rwanda
2019,RWA,Consumer Goods & Crafts,3569.454,Africa,Rwanda
2019,RWA,Energy & Minerals,14861.489000000001,Africa,Rwanda
2019,RWA,Industrial Equipment & Technology,26620.149999999998,Africa,Rwanda
2019,RWA,Textile & Apparel Manufacturing,46.018,Africa,Rwanda
2019,SDN,Agricultural & Foods,7767.9400000000005,Africa,Sudan
2019,SDN,Art & Collectibles,72.65,Africa,Sudan
2019,SDN,Consumer Goods & Crafts,56.247,Africa,Sudan
2019,SDN,Energy & Minerals,14805.682,Africa,Sudan
2019,SDN,Industrial Equipment & Technology,9.935,Africa,Sudan
2019,SEN,Agricultural & Foods,54942.1,Africa,Senegal
2019,SEN,Art & Collectibles,517.299,Africa,Senegal
2019,SEN,Base Metals,122.423,Africa,Senegal
2019,SEN,Chemical & Pharmaceutical,2196.853,Africa,Senegal
2019,SEN,Consumer Goods & Crafts,1065.531,Africa,Senegal
2019,SEN,Energy & Minerals,45377.05,Africa,Senegal
2019,SEN,Industrial Equipment & Technology,2676.628,Africa,Senegal
2019,SEN,Textile & Apparel Manufacturing,42818.72,Africa,Senegal
2019,SLE,Agricultural & Foods,1072.885,Africa,Sierra Leone
2019,SLE,Art & Collectibles,116.017,Africa,Sierra Leone
2019,SLE,Base Metals,395.619,Africa,Sierra Leone
2019,SLE,Chemical & Pharmaceutical,1175.277,Africa,Sierra Leone
2019,SLE,Consumer Goods & Crafts,11600.966,Africa,Sierra Leone
2019,SLE,Energy & Minerals,5.743,Africa,Sierra Leone
2019,SLE,Industrial Equipment & Technology,12127.556,Africa,Sierra Leone
2019,SLE,Textile & Apparel Manufacturing,913.796,Africa,Sierra Leone
2019,SOM,Agricultural & Foods,377.143,Africa,Somalia
2019,SOM,Art & Collectibles,2.502,Africa,Somalia
2019,SOM,Base Metals,14.0,Africa,Somalia
2019,SOM,Chemical & Pharmaceutical,370.6,Africa,Somalia
2019,SOM,Consumer Goods & Crafts,226.05599999999998,Africa,Somalia
2019,SOM,Industrial Equipment & Technology,72.538,Africa,Somalia
2019,SOM,Textile & Apparel Manufacturing,4.679,Africa,Somalia
2019,SSD,Base Metals,4.592,Africa,South Sudan
2019,SSD,Energy & Minerals,70369.298,Africa,South Sudan
2019,SSD,Industrial Equipment & Technology,2.369,Africa,South Sudan
2019,STP,Agricultural & Foods,57.797999999999995,Africa,Sao Tome and Principe
2019,STP,Base Metals,5.106,Africa,Sao Tome and Principe
2019,STP,Chemical & Pharmaceutical,24.852,Africa,Sao Tome and Principe
2019,STP,Consumer Goods & Crafts,62.089999999999996,Africa,Sao Tome and Principe
2019,STP,Industrial Equipment & Technology,877.796,Africa,Sao Tome and Principe
2019,STP,Textile & Apparel Manufacturing,24.475,Africa,Sao Tome and Principe
2019,SWZ,Agricultural & Foods,17275.502,Africa,Eswatini
2019,SWZ,Art & Collectibles,13.225000000000001,Africa,Eswatini
2019,SWZ,Base Metals,261.498,Africa,Eswatini
2019,SWZ,Chemical & Pharmaceutical,288.02,Africa,Eswatini
2019,SWZ,Consumer Goods & Crafts,500.633,Africa,Eswatini
2019,SWZ,Industrial Equipment & Technology,3125.401,Africa,Eswatini
2019,SWZ,Textile & Apparel Manufacturing,560.275,Africa,Eswatini
2019,SYC,Agricultural & Foods,1691.346,Africa,Seychelles
2019,SYC,Art & Collectibles,26.64,Africa,Seychelles
2019,SYC,Base Metals,72.044,Africa,Seychelles
2019,SYC,Chemical & Pharmaceutical,7672.317,Africa,Seychelles
2019,SYC,Consumer Goods & Crafts,975.524,Africa,Seychelles
2019,SYC,Industrial Equipment & Technology,3581.629,Africa,Seychelles
2019,SYC,Textile & Apparel Manufacturing,269.85200000000003,Africa,Seychelles
2019,TCD,Agricultural & Foods,4796.476,Africa,Chad
2019,TCD,Base Metals,3.511,Africa,Chad
2019,TCD,Chemical & Pharmaceutical,28.224,Africa,Chad
2019,TCD,Consumer Goods & Crafts,45.901,Africa,Chad
2019,TCD,Energy & Minerals,129717.508,Africa,Chad
2019,TCD,Industrial Equipment & Technology,975.045,Africa,Chad
2019,TGO,Agricultural & Foods,3105.971,Africa,Togo
2019,TGO,Art & Collectibles,19.177,Africa,Togo
2019,TGO,Base Metals,402.457,Africa,Togo
2019,TGO,Chemical & Pharmaceutical,1128.811,Africa,Togo
2019,TGO,Consumer Goods & Crafts,936.3749999999999,Africa,Togo
2019,TGO,Energy & Minerals,5.583,Africa,Togo
2019,TGO,Industrial Equipment & Technology,275.982,Africa,Togo
2019,TGO,Textile & Apparel Manufacturing,8476.057,Africa,Togo
2019,TUN,Agricultural & Foods,105595.286,Africa,Tunisia
2019,TUN,Art & Collectibles,1735.29,Africa,Tunisia
2019,TUN,Base Metals,38002.286,Africa,Tunisia
2019,TUN,Chemical & Pharmaceutical,9040.564,Africa,Tunisia
2019,TUN,Consumer Goods & Crafts,31514.365999999998,Africa,Tunisia
2019,TUN,Energy & Minerals,8235.291,Africa,Tunisia
2019,TUN,Industrial Equipment & Technology,180082.727,Africa,Tunisia
2019,TUN,Textile & Apparel Manufacturing,91141.563,Africa,Tunisia
2019,TZA,Agricultural & Foods,16727.514,Africa,Tanzania
2019,TZA,Art & Collectibles,1219.943,Africa,Tanzania
2019,TZA,Base Metals,4440.257,Africa,Tanzania
2019,TZA,Chemical & Pharmaceutical,5535.609,Africa,Tanzania
2019,TZA,Consumer Goods & Crafts,41968.746,Africa,Tanzania
2019,TZA,Energy & Minerals,0.156,Africa,Tanzania
2019,TZA,Industrial Equipment & Technology,13530.893,Africa,Tanzania
2019,TZA,Textile & Apparel Manufacturing,55797.303,Africa,Tanzania
2019,UGA,Agricultural & Foods,1454.215,Africa,Uganda
2019,UGA,Art & Collectibles,1928.492,Africa,Uganda
2019,UGA,Base Metals,489.868,Africa,Uganda
2019,UGA,Chemical & Pharmaceutical,5076.794,Africa,Uganda
2019,UGA,Consumer Goods & Crafts,2779.096,Africa,Uganda
2019,UGA,Energy & Minerals,3481.289,Africa,Uganda
2019,UGA,Industrial Equipment & Technology,55923.822,Africa,Uganda
2019,UGA,Textile & Apparel Manufacturing,2435.296,Africa,Uganda
2019,ZAF,Agricultural & Foods,176921.834,Africa,South Africa
2019,ZAF,Art & Collectibles,39312.671,Africa,South Africa
2019,ZAF,Base Metals,1373467.045,Africa,South Africa
2019,ZAF,Chemical & Pharmaceutical,634421.322,Africa,South Africa
2019,ZAF,Consumer Goods & Crafts,3215720.446,Africa,South Africa
2019,ZAF,Energy & Minerals,1228361.325,Africa,South Africa
2019,ZAF,Industrial Equipment & Technology,1114115.3020000001,Africa,South Africa
2019,ZAF,Textile & Apparel Manufacturing,42807.167,Africa,South Africa
2019,ZMB,Agricultural & Foods,767.377,Africa,Zambia
2019,ZMB,Art & Collectibles,197.655,Africa,Zambia
2019,ZMB,Base Metals,5052.679,Africa,Zambia
2019,ZMB,Chemical & Pharmaceutical,152.845,Africa,Zambia
2019,ZMB,Consumer Goods & Crafts,71653.075,Africa,Zambia
2019,ZMB,Energy & Minerals,282.74199999999996,Africa,Zambia
2019,ZMB,Industrial Equipment & Technology,1409.9360000000001,Africa,Zambia
2019,ZMB,Textile & Apparel Manufacturing,50.118,Africa,Zambia
2019,ZWE,Agricultural & Foods,17636.883,Africa,Zimbabwe
2019,ZWE,Art & Collectibles,1434.8990000000001,Africa,Zimbabwe
2019,ZWE,Base Metals,20118.941,Africa,Zimbabwe
2019,ZWE,Chemical & Pharmaceutical,47.693000000000005,Africa,Zimbabwe
2019,ZWE,Consumer Goods & Crafts,1967.357,Africa,Zimbabwe
2019,ZWE,Energy & Minerals,285.004,Africa,Zimbabwe
2019,ZWE,Industrial Equipment & Technology,5487.891,Africa,Zimbabwe
2019,ZWE,Textile & Apparel Manufacturing,1610.881,Africa,Zimbabwe
2020,AGO,Agricultural & Foods,0.49,Africa,Angola
2020,AGO,Art & Collectibles,15.068000000000001,Africa,Angola
2020,AGO,Base Metals,2748.084,Africa,Angola
2020,AGO,Chemical & Pharmaceutical,182.38799999999998,Africa,Angola
2020,AGO,Consumer Goods & Crafts,6611.808999999999,Africa,Angola
2020,AGO,Energy & Minerals,468144.165,Africa,Angola
2020,AGO,Industrial Equipment & Technology,43910.169,Africa,Angola
2020,AGO,Textile & Apparel Manufacturing,208.08599999999998,Africa,Angola
2020,BDI,Agricultural & Foods,6.865,Africa,Burundi
2020,BDI,Art & Collectibles,2.625,Africa,Burundi
2020,BDI,Base Metals,0.414,Africa,Burundi
2020,BDI,Chemical & Pharmaceutical,0.8099999999999999,Africa,Burundi
2020,BDI,Consumer Goods & Crafts,40.819,Africa,Burundi
2020,BDI,Energy & Minerals,58.12,Africa,Burundi
2020,BDI,Industrial Equipment & Technology,4374.332,Africa,Burundi
2020,BDI,Textile & Apparel Manufacturing,62.552,Africa,Burundi
2020,BEN,Agricultural & Foods,3220.036,Africa,Benin
2020,BEN,Art & Collectibles,176.278,Africa,Benin
2020,BEN,Base Metals,4079.018,Africa,Benin
2020,BEN,Chemical & Pharmaceutical,38.461999999999996,Africa,Benin
2020,BEN,Consumer Goods & Crafts,377.30699999999996,Africa,Benin
2020,BEN,Energy & Minerals,5435.241,Africa,Benin
2020,BEN,Industrial Equipment & Technology,75.473,Africa,Benin
2020,BEN,Textile & Apparel Manufacturing,278.421,Africa,Benin
2020,BFA,Agricultural & Foods,467.054,Africa,Burkina Faso
2020,BFA,Art & Collectibles,220.76500000000001,Africa,Burkina Faso
2020,BFA,Base Metals,3698.78,Africa,Burkina Faso
2020,BFA,Chemical & Pharmaceutical,4.023,Africa,Burkina Faso
2020,BFA,Consumer Goods & Crafts,102.34,Africa,Burkina Faso
2020,BFA,Energy & Minerals,799.976,Africa,Burkina Faso
2020,BFA,Industrial Equipment & Technology,1171.908,Africa,Burkina Faso
2020,BFA,Textile & Apparel Manufacturing,3095.4550000000004,Africa,Burkina Faso
2020,BWA,Agricultural & Foods,106.16300000000001,Africa,Botswana
2020,BWA,Art & Collectibles,13.813,Africa,Botswana
2020,BWA,Base Metals,0.095,Africa,Botswana
2020,BWA,Chemical & Pharmaceutical,22.683,Africa,Botswana
2020,BWA,Consumer Goods & Crafts,148641.967,Africa,Botswana
2020,BWA,Energy & Minerals,0.031,Africa,Botswana
2020,BWA,Industrial Equipment & Technology,1023.332,Africa,Botswana
2020,BWA,Textile & Apparel Manufacturing,5.153,Africa,Botswana
2020,CAF,Agricultural & Foods,68.744,Africa,Central African Republic
2020,CAF,Art & Collectibles,16.741,Africa,Central African Republic
2020,CAF,Chemical & Pharmaceutical,31.657,Africa,Central African Republic
2020,CAF,Consumer Goods & Crafts,833.236,Africa,Central African Republic
2020,CIV,Agricultural & Foods,866979.461,Africa,Côte d'Ivoire
2020,CIV,Art & Collectibles,2276.6730000000002,Africa,Côte d'Ivoire
2020,CIV,Base Metals,15969.583,Africa,Côte d'Ivoire
2020,CIV,Chemical & Pharmaceutical,91042.045,Africa,Côte d'Ivoire
2020,CIV,Consumer Goods & Crafts,2807.0609999999997,Africa,Côte d'Ivoire
2020,CIV,Energy & Minerals,5.345,Africa,Côte d'Ivoire
2020,CIV,Industrial Equipment & Technology,727.333,Africa,Côte d'Ivoire
2020,CIV,Textile & Apparel Manufacturing,176.084,Africa,Côte d'Ivoire
2020,CMR,Agricultural & Foods,43166.574,Africa,Cameroon
2020,CMR,Art & Collectibles,787.9540000000001,Africa,Cameroon
2020,CMR,Base Metals,499.227,Africa,Cameroon
2020,CMR,Chemical & Pharmaceutical,14746.137,Africa,Cameroon
2020,CMR,Consumer Goods & Crafts,43574.684,Africa,Cameroon
2020,CMR,Energy & Minerals,343875.135,Africa,Cameroon
2020,CMR,Industrial Equipment & Technology,4738.352,Africa,Cameroon
2020,CMR,Textile & Apparel Manufacturing,409.04,Africa,Cameroon
2020,COD,Agricultural & Foods,14454.069,Africa,DR Congo
2020,COD,Art & Collectibles,487.37800000000004,Africa,DR Congo
2020,COD,Base Metals,799.2969999999999,Africa,DR Congo
2020,COD,Chemical & Pharmaceutical,90.325,Africa,DR Congo
2020,COD,Consumer Goods & Crafts,5040.2919999999995,Africa,DR Congo
2020,COD,Energy & Minerals,5051.965,Africa,DR Congo
2020,COD,Industrial Equipment & Technology,4670.691,Africa,DR Congo
2020,COD,Textile & Apparel Manufacturing,166.89499999999998,Africa,DR Congo
2020,COG,Agricultural & Foods,5199.957,Africa,Congo Republic
2020,COG,Art & Collectibles,1763.566,Africa,Congo Republic
2020,COG,Base Metals,2413.4069999999997,Africa,Congo Republic
2020,COG,Chemical & Pharmaceutical,60.557,Africa,Congo Republic
2020,COG,Consumer Goods & Crafts,13036.01,Africa,Congo Republic
2020,COG,Energy & Minerals,112802.632,Africa,Congo Republic
2020,COG,Industrial Equipment & Technology,2059.523,Africa,Congo Republic
2020,COG,Textile & Apparel Manufacturing,8.504999999999999,Africa,Congo Republic
2020,COM,Art & Collectibles,3.105,Africa,Comoros
2020,COM,Chemical & Pharmaceutical,443.075,Africa,Comoros
2020,COM,Industrial Equipment & Technology,1320.636,Africa,Comoros
2020,COM,Textile & Apparel Manufacturing,34.317,Africa,Comoros
2020,CPV,Agricultural & Foods,3451.132,Africa,Cabo Verde
2020,CPV,Art & Collectibles,7.55,Africa,Cabo Verde
2020,CPV,Base Metals,7.205,Africa,Cabo Verde
2020,CPV,Chemical & Pharmaceutical,82.133,Africa,Cabo Verde
2020,CPV,Consumer Goods & Crafts,113.159,Africa,Cabo Verde
2020,CPV,Industrial Equipment & Technology,1305.628,Africa,Cabo Verde
2020,CPV,Textile & Apparel Manufacturing,51.471000000000004,Africa,Cabo Verde
2020,DJI,Agricultural & Foods,526.584,Africa,Djibouti
2020,DJI,Chemical & Pharmaceutical,235.624,Africa,Djibouti
2020,DJI,Consumer Goods & Crafts,269.358,Africa,Djibouti
2020,DJI,Energy & Minerals,10.1,Africa,Djibouti
2020,DJI,Industrial Equipment & Technology,1030.99,Africa,Djibouti
2020,DJI,Textile & Apparel Manufacturing,127.63900000000001,Africa,Djibouti
2020,DZA,Agricultural & Foods,59.199999999999996,Africa,Algeria
2020,DZA,Art & Collectibles,21.571,Africa,Algeria
2020,DZA,Base Metals,14665.552,Africa,Algeria
2020,DZA,Chemical & Pharmaceutical,82617.56899999999,Africa,Algeria
2020,DZA,Consumer Goods & Crafts,137.936,Africa,Algeria
2020,DZA,Energy & Minerals,396155.131,Africa,Algeria
2020,DZA,Industrial Equipment & Technology,656.088,Africa,Algeria
2020,EGY,Agricultural & Foods,163218.639,Africa,Egypt
2020,EGY,Art & Collectibles,7744.834,Africa,Egypt
2020,EGY,Base Metals,80837.094,Africa,Egypt
2020,EGY,Chemical & Pharmaceutical,232127.6,Africa,Egypt
2020,EGY,Consumer Goods & Crafts,254733.967,Africa,Egypt
2020,EGY,Energy & Minerals,588206.215,Africa,Egypt
2020,EGY,Industrial Equipment & Technology,35047.507,Africa,Egypt
2020,EGY,Textile & Apparel Manufacturing,1122423.511,Africa,Egypt
2020,ERI,Agricultural & Foods,151.521,Africa,Eritrea
2020,ERI,Art & Collectibles,18.373,Africa,Eritrea
2020,ERI,Base Metals,17.238,Africa,Eritrea
2020,ERI,Chemical & Pharmaceutical,1.434,Africa,Eritrea
2020,ERI,Consumer Goods & Crafts,7.15,Africa,Eritrea
2020,ERI,Industrial Equipment & Technology,84.922,Africa,Eritrea
2020,ERI,Textile & Apparel Manufacturing,0.298,Africa,Eritrea
2020,ETH,Agricultural & Foods,26119.501,Africa,Ethiopia
2020,ETH,Art & Collectibles,792.431,Africa,Ethiopia
2020,ETH,Base Metals,92.331,Africa,Ethiopia
2020,ETH,Chemical & Pharmaceutical,2540.1349999999998,Africa,Ethiopia
2020,ETH,Consumer Goods & Crafts,14848.441,Africa,Ethiopia
2020,ETH,Energy & Minerals,12.975999999999999,Africa,Ethiopia
2020,ETH,Industrial Equipment & Technology,165281.571,Africa,Ethiopia
2020,ETH,Textile & Apparel Manufacturing,264324.449,Africa,Ethiopia
2020,GAB,Agricultural & Foods,5.356,Africa,Gabon
2020,GAB,Art & Collectibles,1154.803,Africa,Gabon
2020,GAB,Base Metals,999.128,Africa,Gabon
2020,GAB,Chemical & Pharmaceutical,2069.874,Africa,Gabon
2020,GAB,Consumer Goods & Crafts,16592.202,Africa,Gabon
2020,GAB,Energy & Minerals,118030.04699999999,Africa,Gabon
2020,GAB,Industrial Equipment & Technology,57044.609,Africa,Gabon
2020,GAB,Textile & Apparel Manufacturing,130.185,Africa,Gabon
2020,GHA,Agricultural & Foods,217131.42700000003,Africa,Ghana
2020,GHA,Art & Collectibles,1493.017,Africa,Ghana
2020,GHA,Base Metals,6098.6900000000005,Africa,Ghana
2020,GHA,Chemical & Pharmaceutical,21298.786,Africa,Ghana
2020,GHA,Consumer Goods & Crafts,33961.655,Africa,Ghana
2020,GHA,Energy & Minerals,452037.126,Africa,Ghana
2020,GHA,Industrial Equipment & Technology,1226.348,Africa,Ghana
2020,GHA,Textile & Apparel Manufacturing,11340.79,Africa,Ghana
2020,GIN,Agricultural & Foods,630.385,Africa,Guinea
2020,GIN,Art & Collectibles,15.546,Africa,Guinea
2020,GIN,Base Metals,1355.9450000000002,Africa,Guinea
2020,GIN,Chemical & Pharmaceutical,1273.3609999999999,Africa,Guinea
2020,GIN,Consumer Goods & Crafts,396.274,Africa,Guinea
2020,GIN,Energy & Minerals,2719.308,Africa,Guinea
2020,GIN,Industrial Equipment & Technology,1364.107,Africa,Guinea
2020,GIN,Textile & Apparel Manufacturing,68.044,Africa,Guinea
2020,GMB,Agricultural & Foods,340.633,Africa,Gambia
2020,GMB,Chemical & Pharmaceutical,478.659,Africa,Gambia
2020,GMB,Consumer Goods & Crafts,45.106,Africa,Gambia
2020,GMB,Industrial Equipment & Technology,199.387,Africa,Gambia
2020,GMB,Textile & Apparel Manufacturing,3.5300000000000002,Africa,Gambia
2020,GNB,Art & Collectibles,2.366,Africa,Guinea-Bissau
2020,GNB,Base Metals,450.528,Africa,Guinea-Bissau
2020,GNB,Consumer Goods & Crafts,355.35,Africa,Guinea-Bissau
2020,GNB,Industrial Equipment & Technology,115.65100000000001,Africa,Guinea-Bissau
2020,GNQ,Chemical & Pharmaceutical,48011.810999999994,Africa,Equatorial Guinea
2020,GNQ,Consumer Goods & Crafts,56.514,Africa,Equatorial Guinea
2020,GNQ,Energy & Minerals,80962.37,Africa,Equatorial Guinea
2020,GNQ,Industrial Equipment & Technology,273.734,Africa,Equatorial Guinea
2020,KEN,Agricultural & Foods,18900.086,Africa,Kenya
2020,KEN,Art & Collectibles,1266.53,Africa,Kenya
2020,KEN,Base Metals,38755.971,Africa,Kenya
2020,KEN,Chemical & Pharmaceutical,14631.743,Africa,Kenya
2020,KEN,Consumer Goods & Crafts,8101.41,Africa,Kenya
2020,KEN,Energy & Minerals,42424.303,Africa,Kenya
2020,KEN,Industrial Equipment & Technology,55753.722,Africa,Kenya
2020,KEN,Textile & Apparel Manufacturing,379455.976,Africa,Kenya
2020,LBR,Agricultural & Foods,1307.927,Africa,Liberia
2020,LBR,Art & Collectibles,10.883,Africa,Liberia
2020,LBR,Base Metals,5.261,Africa,Liberia
2020,LBR,Chemical & Pharmaceutical,46699.459,Africa,Liberia
2020,LBR,Consumer Goods & Crafts,308.173,Africa,Liberia
2020,LBR,Energy & Minerals,35.696,Africa,Liberia
2020,LBR,Industrial Equipment & Technology,327.514,Africa,Liberia
2020,LBR,Textile & Apparel Manufacturing,1461.4119999999998,Africa,Liberia
2020,LBY,Art & Collectibles,72.874,Africa,Libya
2020,LBY,Base Metals,3.198,Africa,Libya
2020,LBY,Chemical & Pharmaceutical,4353.898,Africa,Libya
2020,LBY,Consumer Goods & Crafts,17.647,Africa,Libya
2020,LBY,Energy & Minerals,220296.755,Africa,Libya
2020,LBY,Industrial Equipment & Technology,77.292,Africa,Libya
2020,LSO,Agricultural & Foods,36.448,Africa,Lesotho
2020,LSO,Art & Collectibles,2.834,Africa,Lesotho
2020,LSO,Base Metals,0.015,Africa,Lesotho
2020,LSO,Chemical & Pharmaceutical,100.391,Africa,Lesotho
2020,LSO,Consumer Goods & Crafts,45596.193999999996,Africa,Lesotho
2020,LSO,Industrial Equipment & Technology,1943.24,Africa,Lesotho
2020,LSO,Textile & Apparel Manufacturing,244319.13600000003,Africa,Lesotho
2020,MAR,Agricultural & Foods,193424.151,Africa,Morocco
2020,MAR,Art & Collectibles,1987.6460000000002,Africa,Morocco
2020,MAR,Base Metals,114989.818,Africa,Morocco
2020,MAR,Chemical & Pharmaceutical,298534.577,Africa,Morocco
2020,MAR,Consumer Goods & Crafts,32225.775,Africa,Morocco
2020,MAR,Energy & Minerals,69737.47,Africa,Morocco
2020,MAR,Industrial Equipment & Technology,345125.708,Africa,Morocco
2020,MAR,Textile & Apparel Manufacturing,128116.926,Africa,Morocco
2020,MDG,Agricultural & Foods,4727.98,Africa,Madagascar
2020,MDG,Art & Collectibles,826.5780000000001,Africa,Madagascar
2020,MDG,Base Metals,13508.162,Africa,Madagascar
2020,MDG,Chemical & Pharmaceutical,10701.916000000001,Africa,Madagascar
2020,MDG,Consumer Goods & Crafts,25343.384000000002,Africa,Madagascar
2020,MDG,Energy & Minerals,55667.094,Africa,Madagascar
2020,MDG,Industrial Equipment & Technology,282312.987,Africa,Madagascar
2020,MDG,Textile & Apparel Manufacturing,201066.33,Africa,Madagascar
2020,MLI,Agricultural & Foods,455.03900000000004,Africa,Mali
2020,MLI,Art & Collectibles,344.067,Africa,Mali
2020,MLI,Base Metals,144.645,Africa,Mali
2020,MLI,Chemical & Pharmaceutical,3400.589,Africa,Mali
2020,MLI,Consumer Goods & Crafts,389.54400000000004,Africa,Mali
2020,MLI,Energy & Minerals,10.635000000000002,Africa,Mali
2020,MLI,Industrial Equipment & Technology,6880.99,Africa,Mali
2020,MLI,Textile & Apparel Manufacturing,145.223,Africa,Mali
2020,MOZ,Agricultural & Foods,14427.632,Africa,Mozambique
2020,MOZ,Art & Collectibles,28.698,Africa,Mozambique
2020,MOZ,Base Metals,10353.307999999999,Africa,Mozambique
2020,MOZ,Chemical & Pharmaceutical,2936.882,Africa,Mozambique
2020,MOZ,Consumer Goods & Crafts,36804.669,Africa,Mozambique
2020,MOZ,Energy & Minerals,58796.630000000005,Africa,Mozambique
2020,MOZ,Industrial Equipment & Technology,2260.862,Africa,Mozambique
2020,MOZ,Textile & Apparel Manufacturing,54.602,Africa,Mozambique
2020,MRT,Agricultural & Foods,1016.3530000000001,Africa,Mauritania
2020,MRT,Art & Collectibles,15.258000000000001,Africa,Mauritania
2020,MRT,Base Metals,22.196,Africa,Mauritania
2020,MRT,Chemical & Pharmaceutical,3497.4700000000003,Africa,Mauritania
2020,MRT,Consumer Goods & Crafts,176.142,Africa,Mauritania
2020,MRT,Energy & Minerals,15.382,Africa,Mauritania
2020,MRT,Industrial Equipment & Technology,491.751,Africa,Mauritania
2020,MRT,Textile & Apparel Manufacturing,494.2559999999999,Africa,Mauritania
2020,MUS,Agricultural & Foods,70437.4,Africa,Mauritius
2020,MUS,Art & Collectibles,173.213,Africa,Mauritius
2020,MUS,Base Metals,21.816,Africa,Mauritius
2020,MUS,Chemical & Pharmaceutical,14190.761,Africa,Mauritius
2020,MUS,Consumer Goods & Crafts,43890.369999999995,Africa,Mauritius
2020,MUS,Energy & Minerals,6108.147,Africa,Mauritius
2020,MUS,Industrial Equipment & Technology,24490.452,Africa,Mauritius
2020,MUS,Textile & Apparel Manufacturing,90748.827,Africa,Mauritius
2020,MWI,Agricultural & Foods,21981.167,Africa,Malawi
2020,MWI,Art & Collectibles,7.647,Africa,Malawi
2020,MWI,Base Metals,8523.511,Africa,Malawi
2020,MWI,Chemical & Pharmaceutical,8.138,Africa,Malawi
2020,MWI,Consumer Goods & Crafts,265.674,Africa,Malawi
2020,MWI,Energy & Minerals,0.14700000000000002,Africa,Malawi
2020,MWI,Industrial Equipment & Technology,12525.984999999999,Africa,Malawi
2020,MWI,Textile & Apparel Manufacturing,3587.0499999999997,Africa,Malawi
2020,NAM,Agricultural & Foods,4327.752,Africa,Namibia
2020,NAM,Art & Collectibles,502.933,Africa,Namibia
2020,NAM,Base Metals,98.98,Africa,Namibia
2020,NAM,Chemical & Pharmaceutical,1771.587,Africa,Namibia
2020,NAM,Consumer Goods & Crafts,76837.4,Africa,Namibia
2020,NAM,Energy & Minerals,78.172,Africa,Namibia
2020,NAM,Industrial Equipment & Technology,3116.391,Africa,Namibia
2020,NAM,Textile & Apparel Manufacturing,221.825,Africa,Namibia
2020,NER,Agricultural & Foods,42.888,Africa,Niger
2020,NER,Art & Collectibles,31.727999999999998,Africa,Niger
2020,NER,Base Metals,43.894,Africa,Niger
2020,NER,Chemical & Pharmaceutical,499.04699999999997,Africa,Niger
2020,NER,Consumer Goods & Crafts,111.75300000000001,Africa,Niger
2020,NER,Energy & Minerals,106.562,Africa,Niger
2020,NER,Industrial Equipment & Technology,21500.729,Africa,Niger
2020,NER,Textile & Apparel Manufacturing,88.888,Africa,Niger
2020,NGA,Agricultural & Foods,54401.551,Africa,Nigeria
2020,NGA,Art & Collectibles,8182.611,Africa,Nigeria
2020,NGA,Base Metals,23729.856,Africa,Nigeria
2020,NGA,Chemical & Pharmaceutical,16686.825,Africa,Nigeria
2020,NGA,Consumer Goods & Crafts,12110.204,Africa,Nigeria
2020,NGA,Energy & Minerals,1573995.6539999999,Africa,Nigeria
2020,NGA,Industrial Equipment & Technology,8382.399,Africa,Nigeria
2020,NGA,Textile & Apparel Manufacturing,8928.057,Africa,Nigeria
2020,RWA,Agricultural & Foods,2873.534,Africa,Rwanda
2020,RWA,Art & Collectibles,324.062,Africa,Rwanda
2020,RWA,Base Metals,681.398,Africa,Rwanda
2020,RWA,Chemical & Pharmaceutical,132.215,Africa,Rwanda
2020,RWA,Consumer Goods & Crafts,2821.683,Africa,Rwanda
2020,RWA,Energy & Minerals,1892.4650000000001,Africa,Rwanda
2020,RWA,Industrial Equipment & Technology,25174.572,Africa,Rwanda
2020,RWA,Textile & Apparel Manufacturing,199.80300000000003,Africa,Rwanda
2020,SDN,Agricultural & Foods,10762.195,Africa,Sudan
2020,SDN,Art & Collectibles,10.842,Africa,Sudan
2020,SDN,Chemical & Pharmaceutical,0.839,Africa,Sudan
2020,SDN,Energy & Minerals,74964.643,Africa,Sudan
2020,SDN,Industrial Equipment & Technology,7.78,Africa,Sudan
2020,SEN,Agricultural & Foods,47549.41099999999,Africa,Senegal
2020,SEN,Art & Collectibles,200.00900000000001,Africa,Senegal
2020,SEN,Base Metals,282.317,Africa,Senegal
2020,SEN,Chemical & Pharmaceutical,1107.299,Africa,Senegal
2020,SEN,Consumer Goods & Crafts,2822.332,Africa,Senegal
2020,SEN,Energy & Minerals,18472.481,Africa,Senegal
2020,SEN,Industrial Equipment & Technology,2359.762,Africa,Senegal
2020,SEN,Textile & Apparel Manufacturing,55249.355,Africa,Senegal
2020,SLE,Agricultural & Foods,1455.128,Africa,Sierra Leone
2020,SLE,Art & Collectibles,35.257,Africa,Sierra Leone
2020,SLE,Base Metals,33.673,Africa,Sierra Leone
2020,SLE,Chemical & Pharmaceutical,1906.937,Africa,Sierra Leone
2020,SLE,Consumer Goods & Crafts,10204.465,Africa,Sierra Leone
2020,SLE,Energy & Minerals,10267.427,Africa,Sierra Leone
2020,SLE,Industrial Equipment & Technology,7715.2480000000005,Africa,Sierra Leone
2020,SLE,Textile & Apparel Manufacturing,359.975,Africa,Sierra Leone
2020,SOM,Agricultural & Foods,144.305,Africa,Somalia
2020,SOM,Art & Collectibles,25.129,Africa,Somalia
2020,SOM,Base Metals,32.542,Africa,Somalia
2020,SOM,Chemical & Pharmaceutical,65.97999999999999,Africa,Somalia
2020,SOM,Consumer Goods & Crafts,41.906,Africa,Somalia
2020,SOM,Industrial Equipment & Technology,188.33,Africa,Somalia
2020,SOM,Textile & Apparel Manufacturing,0.884,Africa,Somalia
2020,SSD,Base Metals,96.636,Africa,South Sudan
2020,SSD,Chemical & Pharmaceutical,3.174,Africa,South Sudan
2020,SSD,Industrial Equipment & Technology,12.152000000000001,Africa,South Sudan
2020,STP,Agricultural & Foods,14.748999999999999,Africa,Sao Tome and Principe
2020,STP,Chemical & Pharmaceutical,15.594000000000001,Africa,Sao Tome and Principe
2020,STP,Consumer Goods & Crafts,8.652,Africa,Sao Tome and Principe
2020,STP,Industrial Equipment & Technology,611.338,Africa,Sao Tome and Principe
2020,SWZ,Agricultural & Foods,20468.615,Africa,Eswatini
2020,SWZ,Art & Collectibles,8.945,Africa,Eswatini
2020,SWZ,Base Metals,126.45000000000002,Africa,Eswatini
2020,SWZ,Chemical & Pharmaceutical,313.955,Africa,Eswatini
2020,SWZ,Consumer Goods & Crafts,401.581,Africa,Eswatini
2020,SWZ,Energy & Minerals,0.002,Africa,Eswatini
2020,SWZ,Industrial Equipment & Technology,923.085,Africa,Eswatini
2020,SWZ,Textile & Apparel Manufacturing,1902.4070000000002,Africa,Eswatini
2020,SYC,Agricultural & Foods,932.387,Africa,Seychelles
2020,SYC,Art & Collectibles,2.504,Africa,Seychelles
2020,SYC,Base Metals,105.41,Africa,Seychelles
2020,SYC,Chemical & Pharmaceutical,8480.029,Africa,Seychelles
2020,SYC,Consumer Goods & Crafts,431.33,Africa,Seychelles
2020,SYC,Energy & Minerals,1.021,Africa,Seychelles
2020,SYC,Industrial Equipment & Technology,1074.191,Africa,Seychelles
2020,SYC,Textile & Apparel Manufacturing,357.88,Africa,Seychelles
2020,TCD,Agricultural & Foods,3429.131,Africa,Chad
2020,TCD,Art & Collectibles,5.374,Africa,Chad
2020,TCD,Chemical & Pharmaceutical,26.046,Africa,Chad
2020,TCD,Consumer Goods & Crafts,13.614,Africa,Chad
2020,TCD,Industrial Equipment & Technology,51.126,Africa,Chad
2020,TCD,Textile & Apparel Manufacturing,0.865,Africa,Chad
2020,TGO,Agricultural & Foods,11572.713,Africa,Togo
2020,TGO,Art & Collectibles,100.034,Africa,Togo
2020,TGO,Chemical & Pharmaceutical,1281.098,Africa,Togo
2020,TGO,Consumer Goods & Crafts,618.316,Africa,Togo
2020,TGO,Energy & Minerals,0.049,Africa,Togo
2020,TGO,Industrial Equipment & Technology,433.07,Africa,Togo
2020,TGO,Textile & Apparel Manufacturing,8209.314,Africa,Togo
2020,TUN,Agricultural & Foods,285844.876,Africa,Tunisia
2020,TUN,Art & Collectibles,367.74899999999997,Africa,Tunisia
2020,TUN,Base Metals,23629.983,Africa,Tunisia
2020,TUN,Chemical & Pharmaceutical,15235.905,Africa,Tunisia
2020,TUN,Consumer Goods & Crafts,27341.872,Africa,Tunisia
2020,TUN,Energy & Minerals,10395.027,Africa,Tunisia
2020,TUN,Industrial Equipment & Technology,152493.46,Africa,Tunisia
2020,TUN,Textile & Apparel Manufacturing,62128.834,Africa,Tunisia
2020,TZA,Agricultural & Foods,24458.452,Africa,Tanzania
2020,TZA,Art & Collectibles,751.073,Africa,Tanzania
2020,TZA,Base Metals,2102.712,Africa,Tanzania
2020,TZA,Chemical & Pharmaceutical,9419.68,Africa,Tanzania
2020,TZA,Consumer Goods & Crafts,34304.38,Africa,Tanzania
2020,TZA,Energy & Minerals,0.542,Africa,Tanzania
2020,TZA,Industrial Equipment & Technology,26523.987,Africa,Tanzania
2020,TZA,Textile & Apparel Manufacturing,42526.457,Africa,Tanzania
2020,UGA,Agricultural & Foods,2687.634,Africa,Uganda
2020,UGA,Art & Collectibles,293.78999999999996,Africa,Uganda
2020,UGA,Base Metals,1033.712,Africa,Uganda
2020,UGA,Chemical & Pharmaceutical,10774.942000000001,Africa,Uganda
2020,UGA,Consumer Goods & Crafts,2644.362,Africa,Uganda
2020,UGA,Energy & Minerals,1675.308,Africa,Uganda
2020,UGA,Industrial Equipment & Technology,58827.928,Africa,Uganda
2020,UGA,Textile & Apparel Manufacturing,2786.167,Africa,Uganda
2020,ZAF,Agricultural & Foods,210883.128,Africa,South Africa
2020,ZAF,Art & Collectibles,30555.744,Africa,South Africa
2020,ZAF,Base Metals,1090227.96,Africa,South Africa
2020,ZAF,Chemical & Pharmaceutical,577309.87,Africa,South Africa
2020,ZAF,Consumer Goods & Crafts,7303168.414,Africa,South Africa
2020,ZAF,Energy & Minerals,839580.643,Africa,South Africa
2020,ZAF,Industrial Equipment & Technology,1165243.746,Africa,South Africa
2020,ZAF,Textile & Apparel Manufacturing,41731.958,Africa,South Africa
2020,ZMB,Agricultural & Foods,442.054,Africa,Zambia
2020,ZMB,Art & Collectibles,66.849,Africa,Zambia
2020,ZMB,Base Metals,11872.13,Africa,Zambia
2020,ZMB,Chemical & Pharmaceutical,288.765,Africa,Zambia
2020,ZMB,Consumer Goods & Crafts,14186.771999999999,Africa,Zambia
2020,ZMB,Energy & Minerals,839.894,Africa,Zambia
2020,ZMB,Industrial Equipment & Technology,4708.787,Africa,Zambia
2020,ZMB,Textile & Apparel Manufacturing,23.743,Africa,Zambia
2020,ZWE,Agricultural & Foods,19243.850000000002,Africa,Zimbabwe
2020,ZWE,Art & Collectibles,449.43100000000004,Africa,Zimbabwe
2020,ZWE,Base Metals,9961.673,Africa,Zimbabwe
2020,ZWE,Chemical & Pharmaceutical,164.36999999999998,Africa,Zimbabwe
2020,ZWE,Consumer Goods & Crafts,1676.269,Africa,Zimbabwe
2020,ZWE,Energy & Minerals,5.325,Africa,Zimbabwe
2020,ZWE,Industrial Equipment & Technology,4772.56,Africa,Zimbabwe
2020,ZWE,Textile & Apparel Manufacturing,1665.45,Africa,Zimbabwe
2021,AGO,Agricultural & Foods,0.7160000000000001,Africa,Angola
2021,AGO,Art & Collectibles,60.266,Africa,Angola
2021,AGO,Base Metals,5027.485,Africa,Angola
2021,AGO,Chemical & Pharmaceutical,487.27,Africa,Angola
2021,AGO,Consumer Goods & Crafts,49787.309,Africa,Angola
2021,AGO,Energy & Minerals,1076351.324,Africa,Angola
2021,AGO,Industrial Equipment & Technology,14920.473,Africa,Angola
2021,AGO,Textile & Apparel Manufacturing,201.727,Africa,Angola
2021,BDI,Art & Collectibles,51.03,Africa,Burundi
2021,BDI,Consumer Goods & Crafts,121.49799999999999,Africa,Burundi
2021,BDI,Energy & Minerals,259.848,Africa,Burundi
2021,BDI,Industrial Equipment & Technology,3554.669,Africa,Burundi
2021,BDI,Textile & Apparel Manufacturing,45.760000000000005,Africa,Burundi
2021,BEN,Agricultural & Foods,2031.8619999999999,Africa,Benin
2021,BEN,Art & Collectibles,1226.982,Africa,Benin
2021,BEN,Base Metals,1991.78,Africa,Benin
2021,BEN,Chemical & Pharmaceutical,40.79,Africa,Benin
2021,BEN,Consumer Goods & Crafts,1066.134,Africa,Benin
2021,BEN,Energy & Minerals,35.423,Africa,Benin
2021,BEN,Industrial Equipment & Technology,271.271,Africa,Benin
2021,BEN,Textile & Apparel Manufacturing,709.1179999999999,Africa,Benin
2021,BFA,Agricultural & Foods,465.75,Africa,Burkina Faso
2021,BFA,Art & Collectibles,99.09299999999999,Africa,Burkina Faso
2021,BFA,Base Metals,2577.5389999999998,Africa,Burkina Faso
2021,BFA,Chemical & Pharmaceutical,37.075,Africa,Burkina Faso
2021,BFA,Consumer Goods & Crafts,133.067,Africa,Burkina Faso
2021,BFA,Energy & Minerals,718.549,Africa,Burkina Faso
2021,BFA,Industrial Equipment & Technology,969.154,Africa,Burkina Faso
2021,BFA,Textile & Apparel Manufacturing,52826.959,Africa,Burkina Faso
2021,BWA,Agricultural & Foods,53.93,Africa,Botswana
2021,BWA,Art & Collectibles,5.155,Africa,Botswana
2021,BWA,Base Metals,1.603,Africa,Botswana
2021,BWA,Chemical & Pharmaceutical,46.092,Africa,Botswana
2021,BWA,Consumer Goods & Crafts,249469.556,Africa,Botswana
2021,BWA,Industrial Equipment & Technology,3972.814,Africa,Botswana
2021,BWA,Textile & Apparel Manufacturing,5.657,Africa,Botswana
2021,CAF,Agricultural & Foods,74.32,Africa,Central African Republic
2021,CAF,Art & Collectibles,66.896,Africa,Central African Republic
2021,CAF,Base Metals,3.315,Africa,Central African Republic
2021,CAF,Chemical & Pharmaceutical,5.385,Africa,Central African Republic
2021,CAF,Consumer Goods & Crafts,327.16800000000006,Africa,Central African Republic
2021,CAF,Industrial Equipment & Technology,20.785,Africa,Central African Republic
2021,CAF,Textile & Apparel Manufacturing,68.10700000000001,Africa,Central African Republic
2021,CIV,Agricultural & Foods,1115954.857,Africa,Côte d'Ivoire
2021,CIV,Art & Collectibles,7959.383000000001,Africa,Côte d'Ivoire
2021,CIV,Base Metals,31322.473,Africa,Côte d'Ivoire
2021,CIV,Chemical & Pharmaceutical,183480.436,Africa,Côte d'Ivoire
2021,CIV,Consumer Goods & Crafts,4900.503,Africa,Côte d'Ivoire
2021,CIV,Energy & Minerals,4498.175,Africa,Côte d'Ivoire
2021,CIV,Industrial Equipment & Technology,2700.367,Africa,Côte d'Ivoire
2021,CIV,Textile & Apparel Manufacturing,1046.894,Africa,Côte d'Ivoire
2021,CMR,Agricultural & Foods,38671.776000000005,Africa,Cameroon
2021,CMR,Art & Collectibles,271.68899999999996,Africa,Cameroon
2021,CMR,Base Metals,227.362,Africa,Cameroon
2021,CMR,Chemical & Pharmaceutical,20167.263,Africa,Cameroon
2021,CMR,Consumer Goods & Crafts,29578.905,Africa,Cameroon
2021,CMR,Energy & Minerals,120625.167,Africa,Cameroon
2021,CMR,Industrial Equipment & Technology,4503.651,Africa,Cameroon
2021,CMR,Textile & Apparel Manufacturing,648.2429999999999,Africa,Cameroon
2021,COD,Agricultural & Foods,28259.730000000003,Africa,DR Congo
2021,COD,Art & Collectibles,1143.6599999999999,Africa,DR Congo
2021,COD,Base Metals,220390.959,Africa,DR Congo
2021,COD,Chemical & Pharmaceutical,221.03699999999998,Africa,DR Congo
2021,COD,Consumer Goods & Crafts,6289.91,Africa,DR Congo
2021,COD,Energy & Minerals,14406.594,Africa,DR Congo
2021,COD,Industrial Equipment & Technology,1858.318,Africa,DR Congo
2021,COD,Textile & Apparel Manufacturing,164.511,Africa,DR Congo
2021,COG,Agricultural & Foods,5164.343000000001,Africa,Congo Republic
2021,COG,Art & Collectibles,3477.569,Africa,Congo Republic
2021,COG,Base Metals,438.08799999999997,Africa,Congo Republic
2021,COG,Chemical & Pharmaceutical,44.709,Africa,Congo Republic
2021,COG,Consumer Goods & Crafts,20791.027,Africa,Congo Republic
2021,COG,Energy & Minerals,20884.907,Africa,Congo Republic
2021,COG,Industrial Equipment & Technology,2267.448,Africa,Congo Republic
2021,COG,Textile & Apparel Manufacturing,17.917,Africa,Congo Republic
2021,COM,Art & Collectibles,7.003,Africa,Comoros
2021,COM,Chemical & Pharmaceutical,2197.2799999999997,Africa,Comoros
2021,COM,Consumer Goods & Crafts,144.3,Africa,Comoros
2021,COM,Industrial Equipment & Technology,3932.098,Africa,Comoros
2021,COM,Textile & Apparel Manufacturing,35.412,Africa,Comoros
2021,CPV,Agricultural & Foods,4837.966,Africa,Cabo Verde
2021,CPV,Art & Collectibles,7.578,Africa,Cabo Verde
2021,CPV,Base Metals,34.549,Africa,Cabo Verde
2021,CPV,Chemical & Pharmaceutical,393.637,Africa,Cabo Verde
2021,CPV,Consumer Goods & Crafts,110.713,Africa,Cabo Verde
2021,CPV,Energy & Minerals,36.246,Africa,Cabo Verde
2021,CPV,Industrial Equipment & Technology,1302.3509999999999,Africa,Cabo Verde
2021,CPV,Textile & Apparel Manufacturing,5.1,Africa,Cabo Verde
2021,DJI,Agricultural & Foods,651.165,Africa,Djibouti
2021,DJI,Art & Collectibles,17.319,Africa,Djibouti
2021,DJI,Base Metals,678.712,Africa,Djibouti
2021,DJI,Chemical & Pharmaceutical,3901.928,Africa,Djibouti
2021,DJI,Consumer Goods & Crafts,26013.290999999997,Africa,Djibouti
2021,DJI,Energy & Minerals,114.454,Africa,Djibouti
2021,DJI,Industrial Equipment & Technology,27430.795,Africa,Djibouti
2021,DJI,Textile & Apparel Manufacturing,896.734,Africa,Djibouti
2021,DZA,Agricultural & Foods,563.186,Africa,Algeria
2021,DZA,Art & Collectibles,955.749,Africa,Algeria
2021,DZA,Base Metals,248490.095,Africa,Algeria
2021,DZA,Chemical & Pharmaceutical,370082.193,Africa,Algeria
2021,DZA,Consumer Goods & Crafts,1932.3410000000001,Africa,Algeria
2021,DZA,Energy & Minerals,1280929.506,Africa,Algeria
2021,DZA,Industrial Equipment & Technology,240.702,Africa,Algeria
2021,DZA,Textile & Apparel Manufacturing,36.687,Africa,Algeria
2021,EGY,Agricultural & Foods,174341.015,Africa,Egypt
2021,EGY,Art & Collectibles,26113.688000000002,Africa,Egypt
2021,EGY,Base Metals,362041.668,Africa,Egypt
2021,EGY,Chemical & Pharmaceutical,463885.32,Africa,Egypt
2021,EGY,Consumer Goods & Crafts,206684.124,Africa,Egypt
2021,EGY,Energy & Minerals,871220.721,Africa,Egypt
2021,EGY,Industrial Equipment & Technology,56638.12,Africa,Egypt
2021,EGY,Textile & Apparel Manufacturing,1695557.303,Africa,Egypt
2021,ERI,Agricultural & Foods,234.589,Africa,Eritrea
2021,ERI,Art & Collectibles,18.084,Africa,Eritrea
2021,ERI,Base Metals,51.931,Africa,Eritrea
2021,ERI,Chemical & Pharmaceutical,0.875,Africa,Eritrea
2021,ERI,Consumer Goods & Crafts,87.834,Africa,Eritrea
2021,ERI,Industrial Equipment & Technology,50.637,Africa,Eritrea
2021,ERI,Textile & Apparel Manufacturing,12.509,Africa,Eritrea
2021,ETH,Agricultural & Foods,48949.095,Africa,Ethiopia
2021,ETH,Art & Collectibles,5667.93,Africa,Ethiopia
2021,ETH,Base Metals,106.01899999999999,Africa,Ethiopia
2021,ETH,Chemical & Pharmaceutical,2066.001,Africa,Ethiopia
2021,ETH,Consumer Goods & Crafts,16619.304,Africa,Ethiopia
2021,ETH,Energy & Minerals,1.631,Africa,Ethiopia
2021,ETH,Industrial Equipment & Technology,198803.751,Africa,Ethiopia
2021,ETH,Textile & Apparel Manufacturing,292492.595,Africa,Ethiopia
2021,GAB,Agricultural & Foods,1.63,Africa,Gabon
2021,GAB,Art & Collectibles,16554.368,Africa,Gabon
2021,GAB,Base Metals,719.647,Africa,Gabon
2021,GAB,Chemical & Pharmaceutical,3814.96,Africa,Gabon
2021,GAB,Consumer Goods & Crafts,14006.083999999999,Africa,Gabon
2021,GAB,Energy & Minerals,87923.148,Africa,Gabon
2021,GAB,Industrial Equipment & Technology,33431.094000000005,Africa,Gabon
2021,GAB,Textile & Apparel Manufacturing,83.842,Africa,Gabon
2021,GHA,Agricultural & Foods,257420.78799999997,Africa,Ghana
2021,GHA,Art & Collectibles,10667.363,Africa,Ghana
2021,GHA,Base Metals,21290.155,Africa,Ghana
2021,GHA,Chemical & Pharmaceutical,35715.021,Africa,Ghana
2021,GHA,Consumer Goods & Crafts,41464.158,Africa,Ghana
2021,GHA,Energy & Minerals,1386036.356,Africa,Ghana
2021,GHA,Industrial Equipment & Technology,3407.16,Africa,Ghana
2021,GHA,Textile & Apparel Manufacturing,25824.524999999998,Africa,Ghana
2021,GIN,Agricultural & Foods,717.9010000000001,Africa,Guinea
2021,GIN,Art & Collectibles,1463.344,Africa,Guinea
2021,GIN,Base Metals,1388.394,Africa,Guinea
2021,GIN,Chemical & Pharmaceutical,3603.474,Africa,Guinea
2021,GIN,Consumer Goods & Crafts,577.739,Africa,Guinea
2021,GIN,Industrial Equipment & Technology,839.313,Africa,Guinea
2021,GIN,Textile & Apparel Manufacturing,134.68800000000002,Africa,Guinea
2021,GMB,Agricultural & Foods,718.7479999999999,Africa,Gambia
2021,GMB,Base Metals,29.312,Africa,Gambia
2021,GMB,Chemical & Pharmaceutical,316.861,Africa,Gambia
2021,GMB,Consumer Goods & Crafts,85.667,Africa,Gambia
2021,GMB,Industrial Equipment & Technology,70.452,Africa,Gambia
2021,GMB,Textile & Apparel Manufacturing,8.408,Africa,Gambia
2021,GNB,Agricultural & Foods,121.634,Africa,Guinea-Bissau
2021,GNB,Industrial Equipment & Technology,3.224,Africa,Guinea-Bissau
2021,GNB,Textile & Apparel Manufacturing,77.791,Africa,Guinea-Bissau
2021,GNQ,Base Metals,6.026,Africa,Equatorial Guinea
2021,GNQ,Chemical & Pharmaceutical,102556.659,Africa,Equatorial Guinea
2021,GNQ,Energy & Minerals,178476.909,Africa,Equatorial Guinea
2021,GNQ,Industrial Equipment & Technology,30.65,Africa,Equatorial Guinea
2021,KEN,Agricultural & Foods,22646.153000000002,Africa,Kenya
2021,KEN,Art & Collectibles,1495.337,Africa,Kenya
2021,KEN,Base Metals,60884.815,Africa,Kenya
2021,KEN,Chemical & Pharmaceutical,26500.898,Africa,Kenya
2021,KEN,Consumer Goods & Crafts,10563.265,Africa,Kenya
2021,KEN,Energy & Minerals,38265.185,Africa,Kenya
2021,KEN,Industrial Equipment & Technology,50789.763,Africa,Kenya
2021,KEN,Textile & Apparel Manufacturing,460919.971,Africa,Kenya
2021,LBR,Agricultural & Foods,1516.9830000000002,Africa,Liberia
2021,LBR,Base Metals,6.85,Africa,Liberia
2021,LBR,Chemical & Pharmaceutical,77897.848,Africa,Liberia
2021,LBR,Consumer Goods & Crafts,522.327,Africa,Liberia
2021,LBR,Energy & Minerals,79.66699999999999,Africa,Liberia
2021,LBR,Industrial Equipment & Technology,223.785,Africa,Liberia
2021,LBR,Textile & Apparel Manufacturing,53.623,Africa,Liberia
2021,LBY,Art & Collectibles,565.563,Africa,Libya
2021,LBY,Chemical & Pharmaceutical,1.794,Africa,Libya
2021,LBY,Consumer Goods & Crafts,66.151,Africa,Libya
2021,LBY,Energy & Minerals,2219297.5719999997,Africa,Libya
2021,LBY,Industrial Equipment & Technology,90.65599999999999,Africa,Libya
2021,LBY,Textile & Apparel Manufacturing,0.792,Africa,Libya
2021,LSO,Agricultural & Foods,44.687,Africa,Lesotho
2021,LSO,Art & Collectibles,3.5999999999999996,Africa,Lesotho
2021,LSO,Base Metals,0.262,Africa,Lesotho
2021,LSO,Chemical & Pharmaceutical,10.869,Africa,Lesotho
2021,LSO,Consumer Goods & Crafts,37045.279,Africa,Lesotho
2021,LSO,Industrial Equipment & Technology,2656.841,Africa,Lesotho
2021,LSO,Textile & Apparel Manufacturing,300499.592,Africa,Lesotho
2021,MAR,Agricultural & Foods,178667.263,Africa,Morocco
2021,MAR,Art & Collectibles,3904.9380000000006,Africa,Morocco
2021,MAR,Base Metals,107902.60100000001,Africa,Morocco
2021,MAR,Chemical & Pharmaceutical,342687.864,Africa,Morocco
2021,MAR,Consumer Goods & Crafts,51076.056000000004,Africa,Morocco
2021,MAR,Energy & Minerals,102469.405,Africa,Morocco
2021,MAR,Industrial Equipment & Technology,420177.24700000003,Africa,Morocco
2021,MAR,Textile & Apparel Manufacturing,216752.783,Africa,Morocco
2021,MDG,Agricultural & Foods,6360.204,Africa,Madagascar
2021,MDG,Art & Collectibles,1102.0580000000002,Africa,Madagascar
2021,MDG,Base Metals,11780.107,Africa,Madagascar
2021,MDG,Chemical & Pharmaceutical,6085.316,Africa,Madagascar
2021,MDG,Consumer Goods & Crafts,34968.189,Africa,Madagascar
2021,MDG,Energy & Minerals,69411.616,Africa,Madagascar
2021,MDG,Industrial Equipment & Technology,245760.66700000002,Africa,Madagascar
2021,MDG,Textile & Apparel Manufacturing,289910.116,Africa,Madagascar
2021,MLI,Agricultural & Foods,933.7760000000001,Africa,Mali
2021,MLI,Art & Collectibles,298.412,Africa,Mali
2021,MLI,Base Metals,181.405,Africa,Mali
2021,MLI,Chemical & Pharmaceutical,4026.0460000000003,Africa,Mali
2021,MLI,Consumer Goods & Crafts,256.34499999999997,Africa,Mali
2021,MLI,Energy & Minerals,68.291,Africa,Mali
2021,MLI,Industrial Equipment & Technology,5771.29,Africa,Mali
2021,MLI,Textile & Apparel Manufacturing,187.24099999999999,Africa,Mali
2021,MOZ,Agricultural & Foods,11561.114000000001,Africa,Mozambique
2021,MOZ,Art & Collectibles,52.772999999999996,Africa,Mozambique
2021,MOZ,Base Metals,2678.4849999999997,Africa,Mozambique
2021,MOZ,Chemical & Pharmaceutical,4040.516,Africa,Mozambique
2021,MOZ,Consumer Goods & Crafts,58455.6,Africa,Mozambique
2021,MOZ,Energy & Minerals,79068.146,Africa,Mozambique
2021,MOZ,Industrial Equipment & Technology,3184.73,Africa,Mozambique
2021,MOZ,Textile & Apparel Manufacturing,233.14999999999998,Africa,Mozambique
2021,MRT,Agricultural & Foods,943.012,Africa,Mauritania
2021,MRT,Art & Collectibles,3.0789999999999997,Africa,Mauritania
2021,MRT,Base Metals,93.655,Africa,Mauritania
2021,MRT,Chemical & Pharmaceutical,3081.7789999999995,Africa,Mauritania
2021,MRT,Consumer Goods & Crafts,19.811,Africa,Mauritania
2021,MRT,Energy & Minerals,54.924,Africa,Mauritania
2021,MRT,Industrial Equipment & Technology,211.524,Africa,Mauritania
2021,MRT,Textile & Apparel Manufacturing,82.566,Africa,Mauritania
2021,MUS,Agricultural & Foods,69866.11899999999,Africa,Mauritius
2021,MUS,Art & Collectibles,619.193,Africa,Mauritius
2021,MUS,Base Metals,96.782,Africa,Mauritius
2021,MUS,Chemical & Pharmaceutical,12258.813,Africa,Mauritius
2021,MUS,Consumer Goods & Crafts,60433.014,Africa,Mauritius
2021,MUS,Energy & Minerals,3711.527,Africa,Mauritius
2021,MUS,Industrial Equipment & Technology,11166.982,Africa,Mauritius
2021,MUS,Textile & Apparel Manufacturing,79985.071,Africa,Mauritius
2021,MWI,Agricultural & Foods,25873.736,Africa,Malawi
2021,MWI,Art & Collectibles,912.3900000000001,Africa,Malawi
2021,MWI,Base Metals,11281.528,Africa,Malawi
2021,MWI,Chemical & Pharmaceutical,15.495000000000001,Africa,Malawi
2021,MWI,Consumer Goods & Crafts,1266.751,Africa,Malawi
2021,MWI,Energy & Minerals,17.005,Africa,Malawi
2021,MWI,Industrial Equipment & Technology,15432.632000000001,Africa,Malawi
2021,MWI,Textile & Apparel Manufacturing,397.683,Africa,Malawi
2021,NAM,Agricultural & Foods,1206.4479999999999,Africa,Namibia
2021,NAM,Art & Collectibles,10250.311,Africa,Namibia
2021,NAM,Base Metals,91.28100000000002,Africa,Namibia
2021,NAM,Chemical & Pharmaceutical,3149.306,Africa,Namibia
2021,NAM,Consumer Goods & Crafts,125943.51,Africa,Namibia
2021,NAM,Energy & Minerals,398.55699999999996,Africa,Namibia
2021,NAM,Industrial Equipment & Technology,1441.1109999999999,Africa,Namibia
2021,NAM,Textile & Apparel Manufacturing,89.62200000000001,Africa,Namibia
2021,NER,Agricultural & Foods,466.995,Africa,Niger
2021,NER,Art & Collectibles,697.608,Africa,Niger
2021,NER,Base Metals,54.706,Africa,Niger
2021,NER,Chemical & Pharmaceutical,9329.685,Africa,Niger
2021,NER,Consumer Goods & Crafts,179.61,Africa,Niger
2021,NER,Energy & Minerals,14.422,Africa,Niger
2021,NER,Industrial Equipment & Technology,5039.805,Africa,Niger
2021,NER,Textile & Apparel Manufacturing,76.468,Africa,Niger
2021,NGA,Agricultural & Foods,87471.201,Africa,Nigeria
2021,NGA,Art & Collectibles,6443.32,Africa,Nigeria
2021,NGA,Base Metals,45189.345,Africa,Nigeria
2021,NGA,Chemical & Pharmaceutical,39024.215,Africa,Nigeria
2021,NGA,Consumer Goods & Crafts,44893.247,Africa,Nigeria
2021,NGA,Energy & Minerals,3503629.29,Africa,Nigeria
2021,NGA,Industrial Equipment & Technology,3248.776,Africa,Nigeria
2021,NGA,Textile & Apparel Manufacturing,15445.669,Africa,Nigeria
2021,RWA,Agricultural & Foods,9484.268,Africa,Rwanda
2021,RWA,Art & Collectibles,62.064,Africa,Rwanda
2021,RWA,Base Metals,2751.322,Africa,Rwanda
2021,RWA,Chemical & Pharmaceutical,320.934,Africa,Rwanda
2021,RWA,Consumer Goods & Crafts,4340.063,Africa,Rwanda
2021,RWA,Energy & Minerals,2460.247,Africa,Rwanda
2021,RWA,Industrial Equipment & Technology,22106.131,Africa,Rwanda
2021,RWA,Textile & Apparel Manufacturing,355.476,Africa,Rwanda
2021,SDN,Agricultural & Foods,18695.752,Africa,Sudan
2021,SDN,Art & Collectibles,369.624,Africa,Sudan
2021,SDN,Consumer Goods & Crafts,3.876,Africa,Sudan
2021,SDN,Industrial Equipment & Technology,25.865,Africa,Sudan
2021,SDN,Textile & Apparel Manufacturing,87.009,Africa,Sudan
2021,SEN,Agricultural & Foods,54305.161,Africa,Senegal
2021,SEN,Art & Collectibles,340.005,Africa,Senegal
2021,SEN,Base Metals,24.777,Africa,Senegal
2021,SEN,Chemical & Pharmaceutical,12475.668999999998,Africa,Senegal
2021,SEN,Consumer Goods & Crafts,3046.0609999999997,Africa,Senegal
2021,SEN,Energy & Minerals,36318.178,Africa,Senegal
2021,SEN,Industrial Equipment & Technology,5097.416,Africa,Senegal
2021,SEN,Textile & Apparel Manufacturing,67036.241,Africa,Senegal
2021,SLE,Agricultural & Foods,1021.458,Africa,Sierra Leone
2021,SLE,Art & Collectibles,63.617999999999995,Africa,Sierra Leone
2021,SLE,Base Metals,263.231,Africa,Sierra Leone
2021,SLE,Chemical & Pharmaceutical,1169.018,Africa,Sierra Leone
2021,SLE,Consumer Goods & Crafts,3910.605,Africa,Sierra Leone
2021,SLE,Energy & Minerals,412.581,Africa,Sierra Leone
2021,SLE,Industrial Equipment & Technology,8984.521999999999,Africa,Sierra Leone
2021,SLE,Textile & Apparel Manufacturing,524.207,Africa,Sierra Leone
2021,SOM,Agricultural & Foods,432.235,Africa,Somalia
2021,SOM,Art & Collectibles,289.723,Africa,Somalia
2021,SOM,Base Metals,9.604,Africa,Somalia
2021,SOM,Chemical & Pharmaceutical,201.016,Africa,Somalia
2021,SOM,Consumer Goods & Crafts,153.863,Africa,Somalia
2021,SOM,Industrial Equipment & Technology,85.419,Africa,Somalia
2021,SSD,Base Metals,42.145,Africa,South Sudan
2021,SSD,Chemical & Pharmaceutical,1.144,Africa,South Sudan
2021,SSD,Consumer Goods & Crafts,29.407,Africa,South Sudan
2021,SSD,Industrial Equipment & Technology,12.408999999999999,Africa,South Sudan
2021,STP,Agricultural & Foods,76.87800000000001,Africa,Sao Tome and Principe
2021,STP,Chemical & Pharmaceutical,1.794,Africa,Sao Tome and Principe
2021,STP,Consumer Goods & Crafts,580.725,Africa,Sao Tome and Principe
2021,STP,Industrial Equipment & Technology,619.208,Africa,Sao Tome and Principe
2021,STP,Textile & Apparel Manufacturing,3.815,Africa,Sao Tome and Principe
2021,SWZ,Agricultural & Foods,15063.214,Africa,Eswatini
2021,SWZ,Art & Collectibles,18.792,Africa,Eswatini
2021,SWZ,Base Metals,230.25400000000002,Africa,Eswatini
2021,SWZ,Chemical & Pharmaceutical,1055.277,Africa,Eswatini
2021,SWZ,Consumer Goods & Crafts,609.239,Africa,Eswatini
2021,SWZ,Industrial Equipment & Technology,2003.286,Africa,Eswatini
2021,SWZ,Textile & Apparel Manufacturing,3781.681,Africa,Eswatini
2021,SYC,Art & Collectibles,13.584999999999999,Africa,Seychelles
2021,SYC,Base Metals,32.489,Africa,Seychelles
2021,SYC,Chemical & Pharmaceutical,10251.847,Africa,Seychelles
2021,SYC,Consumer Goods & Crafts,625.1949999999999,Africa,Seychelles
2021,SYC,Industrial Equipment & Technology,2971.489,Africa,Seychelles
2021,SYC,Textile & Apparel Manufacturing,352.863,Africa,Seychelles
2021,TCD,Agricultural & Foods,3541.579,Africa,Chad
2021,TCD,Art & Collectibles,21.128999999999998,Africa,Chad
2021,TCD,Chemical & Pharmaceutical,227.02100000000002,Africa,Chad
2021,TCD,Consumer Goods & Crafts,3.9480000000000004,Africa,Chad
2021,TCD,Industrial Equipment & Technology,340.749,Africa,Chad
2021,TGO,Agricultural & Foods,10953.380000000001,Africa,Togo
2021,TGO,Art & Collectibles,9.017,Africa,Togo
2021,TGO,Base Metals,132.252,Africa,Togo
2021,TGO,Chemical & Pharmaceutical,688.631,Africa,Togo
2021,TGO,Consumer Goods & Crafts,868.029,Africa,Togo
2021,TGO,Energy & Minerals,48.928,Africa,Togo
2021,TGO,Industrial Equipment & Technology,288.562,Africa,Togo
2021,TGO,Textile & Apparel Manufacturing,7787.53,Africa,Togo
2021,TUN,Agricultural & Foods,241151.01499999998,Africa,Tunisia
2021,TUN,Art & Collectibles,820.6220000000001,Africa,Tunisia
2021,TUN,Base Metals,18543.43,Africa,Tunisia
2021,TUN,Chemical & Pharmaceutical,125343.713,Africa,Tunisia
2021,TUN,Consumer Goods & Crafts,35502.5,Africa,Tunisia
2021,TUN,Energy & Minerals,23966.782,Africa,Tunisia
2021,TUN,Industrial Equipment & Technology,208085.483,Africa,Tunisia
2021,TUN,Textile & Apparel Manufacturing,93080.747,Africa,Tunisia
2021,TZA,Agricultural & Foods,15358.385,Africa,Tanzania
2021,TZA,Art & Collectibles,510.089,Africa,Tanzania
2021,TZA,Base Metals,205.399,Africa,Tanzania
2021,TZA,Chemical & Pharmaceutical,5743.143,Africa,Tanzania
2021,TZA,Consumer Goods & Crafts,25618.003,Africa,Tanzania
2021,TZA,Energy & Minerals,5311.117,Africa,Tanzania
2021,TZA,Industrial Equipment & Technology,17683.561999999998,Africa,Tanzania
2021,TZA,Textile & Apparel Manufacturing,34874.307,Africa,Tanzania
2021,UGA,Agricultural & Foods,4676.333,Africa,Uganda
2021,UGA,Art & Collectibles,131.918,Africa,Uganda
2021,UGA,Base Metals,1450.928,Africa,Uganda
2021,UGA,Chemical & Pharmaceutical,10181.303,Africa,Uganda
2021,UGA,Consumer Goods & Crafts,2860.182,Africa,Uganda
2021,UGA,Energy & Minerals,8172.1050000000005,Africa,Uganda
2021,UGA,Industrial Equipment & Technology,68412.988,Africa,Uganda
2021,UGA,Textile & Apparel Manufacturing,5885.374999999999,Africa,Uganda
2021,ZAF,Agricultural & Foods,267530.261,Africa,South Africa
2021,ZAF,Art & Collectibles,34286.706,Africa,South Africa
2021,ZAF,Base Metals,1674940.2680000002,Africa,South Africa
2021,ZAF,Chemical & Pharmaceutical,1250651.3599999999,Africa,South Africa
2021,ZAF,Consumer Goods & Crafts,9516867.072,Africa,South Africa
2021,ZAF,Energy & Minerals,759914.5700000001,Africa,South Africa
2021,ZAF,Industrial Equipment & Technology,1680713.8630000001,Africa,South Africa
2021,ZAF,Textile & Apparel Manufacturing,46427.78,Africa,South Africa
2021,ZMB,Agricultural & Foods,504.177,Africa,Zambia
2021,ZMB,Art & Collectibles,121.796,Africa,Zambia
2021,ZMB,Base Metals,145532.606,Africa,Zambia
2021,ZMB,Chemical & Pharmaceutical,611.905,Africa,Zambia
2021,ZMB,Consumer Goods & Crafts,51673.81599999999,Africa,Zambia
2021,ZMB,Energy & Minerals,260.13,Africa,Zambia
2021,ZMB,Industrial Equipment & Technology,8490.366,Africa,Zambia
2021,ZMB,Textile & Apparel Manufacturing,98.828,Africa,Zambia
2021,ZWE,Agricultural & Foods,22300.815000000002,Africa,Zimbabwe
2021,ZWE,Art & Collectibles,3098.66,Africa,Zimbabwe
2021,ZWE,Base Metals,8535.524,Africa,Zimbabwe
2021,ZWE,Chemical & Pharmaceutical,94.671,Africa,Zimbabwe
2021,ZWE,Consumer Goods & Crafts,2901.107,Africa,Zimbabwe
2021,ZWE,Energy & Minerals,174.41199999999998,Africa,Zimbabwe
2021,ZWE,Industrial Equipment & Technology,3996.04,Africa,Zimbabwe
2021,ZWE,Textile & Apparel Manufacturing,1421.099,Africa,Zimbabwe
2022,AGO,Agricultural & Foods,154.344,Africa,Angola
2022,AGO,Art & Collectibles,442.273,Africa,Angola
2022,AGO,Base Metals,11277.916000000001,Africa,Angola
2022,AGO,Chemical & Pharmaceutical,709.775,Africa,Angola
2022,AGO,Consumer Goods & Crafts,124885.115,Africa,Angola
2022,AGO,Energy & Minerals,1397498.4880000001,Africa,Angola
2022,AGO,Industrial Equipment & Technology,42373.907999999996,Africa,Angola
2022,AGO,Textile & Apparel Manufacturing,91.887,Africa,Angola
2022,BDI,Art & Collectibles,6.863,Africa,Burundi
2022,BDI,Base Metals,4.88,Africa,Burundi
2022,BDI,Chemical & Pharmaceutical,335.427,Africa,Burundi
2022,BDI,Consumer Goods & Crafts,29.894,Africa,Burundi
2022,BDI,Energy & Minerals,2168.105,Africa,Burundi
2022,BDI,Industrial Equipment & Technology,5332.919,Africa,Burundi
2022,BDI,Textile & Apparel Manufacturing,43.202,Africa,Burundi
2022,BEN,Agricultural & Foods,1094.586,Africa,Benin
2022,BEN,Art & Collectibles,131.413,Africa,Benin
2022,BEN,Base Metals,869.635,Africa,Benin
2022,BEN,Chemical & Pharmaceutical,103.144,Africa,Benin
2022,BEN,Consumer Goods & Crafts,1707.989,Africa,Benin
2022,BEN,Industrial Equipment & Technology,730.995,Africa,Benin
2022,BEN,Textile & Apparel Manufacturing,289.016,Africa,Benin
2022,BFA,Agricultural & Foods,337.42699999999996,Africa,Burkina Faso
2022,BFA,Art & Collectibles,172.808,Africa,Burkina Faso
2022,BFA,Base Metals,4801.014999999999,Africa,Burkina Faso
2022,BFA,Chemical & Pharmaceutical,25.343,Africa,Burkina Faso
2022,BFA,Consumer Goods & Crafts,228.153,Africa,Burkina Faso
2022,BFA,Energy & Minerals,2664.926,Africa,Burkina Faso
2022,BFA,Industrial Equipment & Technology,603.982,Africa,Burkina Faso
2022,BFA,Textile & Apparel Manufacturing,37783.044,Africa,Burkina Faso
2022,BWA,Agricultural & Foods,29.248,Africa,Botswana
2022,BWA,Art & Collectibles,14.613000000000001,Africa,Botswana
2022,BWA,Base Metals,25.304,Africa,Botswana
2022,BWA,Chemical & Pharmaceutical,44.986000000000004,Africa,Botswana
2022,BWA,Consumer Goods & Crafts,454655.453,Africa,Botswana
2022,BWA,Energy & Minerals,0.117,Africa,Botswana
2022,BWA,Industrial Equipment & Technology,7785.833,Africa,Botswana
2022,BWA,Textile & Apparel Manufacturing,19.788,Africa,Botswana
2022,CAF,Art & Collectibles,90.315,Africa,Central African Republic
2022,CAF,Base Metals,298.985,Africa,Central African Republic
2022,CAF,Chemical & Pharmaceutical,11.556,Africa,Central African Republic
2022,CAF,Consumer Goods & Crafts,369.702,Africa,Central African Republic
2022,CAF,Industrial Equipment & Technology,92.36699999999999,Africa,Central African Republic
2022,CAF,Textile & Apparel Manufacturing,6.878,Africa,Central African Republic
2022,CIV,Agricultural & Foods,878082.213,Africa,Côte d'Ivoire
2022,CIV,Art & Collectibles,2233.155,Africa,Côte d'Ivoire
2022,CIV,Base Metals,46486.82199999999,Africa,Côte d'Ivoire
2022,CIV,Chemical & Pharmaceutical,211410.122,Africa,Côte d'Ivoire
2022,CIV,Consumer Goods & Crafts,7183.7029999999995,Africa,Côte d'Ivoire
2022,CIV,Energy & Minerals,23028.894,Africa,Côte d'Ivoire
2022,CIV,Industrial Equipment & Technology,3631.097,Africa,Côte d'Ivoire
2022,CIV,Textile & Apparel Manufacturing,1300.227,Africa,Côte d'Ivoire
2022,CMR,Agricultural & Foods,39260.51099999999,Africa,Cameroon
2022,CMR,Art & Collectibles,2108.369,Africa,Cameroon
2022,CMR,Base Metals,532.301,Africa,Cameroon
2022,CMR,Chemical & Pharmaceutical,17432.231,Africa,Cameroon
2022,CMR,Consumer Goods & Crafts,48611.570999999996,Africa,Cameroon
2022,CMR,Energy & Minerals,53905.939,Africa,Cameroon
2022,CMR,Industrial Equipment & Technology,4214.999,Africa,Cameroon
2022,CMR,Textile & Apparel Manufacturing,599.101,Africa,Cameroon
2022,COD,Agricultural & Foods,29960.066,Africa,DR Congo
2022,COD,Art & Collectibles,2932.821,Africa,DR Congo
2022,COD,Base Metals,92585.123,Africa,DR Congo
2022,COD,Chemical & Pharmaceutical,180.168,Africa,DR Congo
2022,COD,Consumer Goods & Crafts,7313.9259999999995,Africa,DR Congo
2022,COD,Energy & Minerals,43395.325,Africa,DR Congo
2022,COD,Industrial Equipment & Technology,4642.399,Africa,DR Congo
2022,COD,Textile & Apparel Manufacturing,150.602,Africa,DR Congo
2022,COG,Agricultural & Foods,2902.2879999999996,Africa,Congo Republic
2022,COG,Art & Collectibles,1022.835,Africa,Congo Republic
2022,COG,Base Metals,108.74,Africa,Congo Republic
2022,COG,Chemical & Pharmaceutical,842.3380000000001,Africa,Congo Republic
2022,COG,Consumer Goods & Crafts,29054.077,Africa,Congo Republic
2022,COG,Energy & Minerals,130419.96500000001,Africa,Congo Republic
2022,COG,Industrial Equipment & Technology,1157.139,Africa,Congo Republic
2022,COG,Textile & Apparel Manufacturing,7.683999999999999,Africa,Congo Republic
2022,COM,Base Metals,74.517,Africa,Comoros
2022,COM,Chemical & Pharmaceutical,228.96599999999998,Africa,Comoros
2022,COM,Consumer Goods & Crafts,444.7699999999999,Africa,Comoros
2022,COM,Industrial Equipment & Technology,4805.875,Africa,Comoros
2022,COM,Textile & Apparel Manufacturing,16.263,Africa,Comoros
2022,CPV,Agricultural & Foods,3328.584,Africa,Cabo Verde
2022,CPV,Art & Collectibles,0.103,Africa,Cabo Verde
2022,CPV,Base Metals,58.015,Africa,Cabo Verde
2022,CPV,Chemical & Pharmaceutical,2454.69,Africa,Cabo Verde
2022,CPV,Consumer Goods & Crafts,406.147,Africa,Cabo Verde
2022,CPV,Energy & Minerals,0.054,Africa,Cabo Verde
2022,CPV,Industrial Equipment & Technology,1447.34,Africa,Cabo Verde
2022,CPV,Textile & Apparel Manufacturing,29.043,Africa,Cabo Verde
2022,DJI,Agricultural & Foods,8190.711,Africa,Djibouti
2022,DJI,Art & Collectibles,4.706,Africa,Djibouti
2022,DJI,Base Metals,569.6600000000001,Africa,Djibouti
2022,DJI,Chemical & Pharmaceutical,1507.457,Africa,Djibouti
2022,DJI,Consumer Goods & Crafts,2269.855,Africa,Djibouti
2022,DJI,Energy & Minerals,73.744,Africa,Djibouti
2022,DJI,Industrial Equipment & Technology,42588.586,Africa,Djibouti
2022,DJI,Textile & Apparel Manufacturing,791.7090000000001,Africa,Djibouti
2022,DZA,Agricultural & Foods,446.456,Africa,Algeria
2022,DZA,Art & Collectibles,500.03700000000003,Africa,Algeria
2022,DZA,Base Metals,400103.066,Africa,Algeria
2022,DZA,Chemical & Pharmaceutical,199987.711,Africa,Algeria
2022,DZA,Consumer Goods & Crafts,169.31900000000002,Africa,Algeria
2022,DZA,Energy & Minerals,2548457.001,Africa,Algeria
2022,DZA,Industrial Equipment & Technology,1421.027,Africa,Algeria
2022,DZA,Textile & Apparel Manufacturing,233.641,Africa,Algeria
2022,EGY,Agricultural & Foods,242105.807,Africa,Egypt
2022,EGY,Art & Collectibles,16870.852,Africa,Egypt
2022,EGY,Base Metals,240979.88,Africa,Egypt
2022,EGY,Chemical & Pharmaceutical,388402.42100000003,Africa,Egypt
2022,EGY,Consumer Goods & Crafts,244385.275,Africa,Egypt
2022,EGY,Energy & Minerals,213195.623,Africa,Egypt
2022,EGY,Industrial Equipment & Technology,66955.508,Africa,Egypt
2022,EGY,Textile & Apparel Manufacturing,1881046.112,Africa,Egypt
2022,ERI,Agricultural & Foods,127.917,Africa,Eritrea
2022,ERI,Base Metals,67.419,Africa,Eritrea
2022,ERI,Chemical & Pharmaceutical,4.138,Africa,Eritrea
2022,ERI,Consumer Goods & Crafts,27.013,Africa,Eritrea
2022,ERI,Industrial Equipment & Technology,46.231,Africa,Eritrea
2022,ERI,Textile & Apparel Manufacturing,61.123,Africa,Eritrea
2022,ETH,Agricultural & Foods,48838.847,Africa,Ethiopia
2022,ETH,Art & Collectibles,4050.269,Africa,Ethiopia
2022,ETH,Base Metals,113.814,Africa,Ethiopia
2022,ETH,Chemical & Pharmaceutical,798.8050000000001,Africa,Ethiopia
2022,ETH,Consumer Goods & Crafts,11806.794,Africa,Ethiopia
2022,ETH,Energy & Minerals,84.714,Africa,Ethiopia
2022,ETH,Industrial Equipment & Technology,232179.29200000002,Africa,Ethiopia
2022,ETH,Textile & Apparel Manufacturing,366032.404,Africa,Ethiopia
2022,GAB,Agricultural & Foods,0.652,Africa,Gabon
2022,GAB,Art & Collectibles,2640.289,Africa,Gabon
2022,GAB,Base Metals,4647.397,Africa,Gabon
2022,GAB,Chemical & Pharmaceutical,5587.495,Africa,Gabon
2022,GAB,Consumer Goods & Crafts,23736.29,Africa,Gabon
2022,GAB,Energy & Minerals,201922.629,Africa,Gabon
2022,GAB,Industrial Equipment & Technology,56405.80499999999,Africa,Gabon
2022,GAB,Textile & Apparel Manufacturing,83.511,Africa,Gabon
2022,GHA,Agricultural & Foods,322042.316,Africa,Ghana
2022,GHA,Art & Collectibles,8587.093,Africa,Ghana
2022,GHA,Base Metals,29129.426,Africa,Ghana
2022,GHA,Chemical & Pharmaceutical,27237.619,Africa,Ghana
2022,GHA,Consumer Goods & Crafts,57660.86,Africa,Ghana
2022,GHA,Energy & Minerals,2325112.4880000004,Africa,Ghana
2022,GHA,Industrial Equipment & Technology,4847.012,Africa,Ghana
2022,GHA,Textile & Apparel Manufacturing,42503.515,Africa,Ghana
2022,GIN,Agricultural & Foods,583.831,Africa,Guinea
2022,GIN,Art & Collectibles,15.585,Africa,Guinea
2022,GIN,Base Metals,1312.088,Africa,Guinea
2022,GIN,Chemical & Pharmaceutical,3374.974,Africa,Guinea
2022,GIN,Consumer Goods & Crafts,288.74,Africa,Guinea
2022,GIN,Energy & Minerals,7.487,Africa,Guinea
2022,GIN,Industrial Equipment & Technology,1082.754,Africa,Guinea
2022,GIN,Textile & Apparel Manufacturing,142.199,Africa,Guinea
2022,GMB,Agricultural & Foods,626.293,Africa,Gambia
2022,GMB,Art & Collectibles,3.603,Africa,Gambia
2022,GMB,Base Metals,19.639,Africa,Gambia
2022,GMB,Chemical & Pharmaceutical,133.095,Africa,Gambia
2022,GMB,Consumer Goods & Crafts,35.675,Africa,Gambia
2022,GMB,Industrial Equipment & Technology,572.807,Africa,Gambia
2022,GMB,Textile & Apparel Manufacturing,14.884,Africa,Gambia
2022,GNB,Industrial Equipment & Technology,14.486,Africa,Guinea-Bissau
2022,GNB,Textile & Apparel Manufacturing,1.462,Africa,Guinea-Bissau
2022,GNQ,Art & Collectibles,495.472,Africa,Equatorial Guinea
2022,GNQ,Chemical & Pharmaceutical,33233.537,Africa,Equatorial Guinea
2022,GNQ,Energy & Minerals,195877.98599999998,Africa,Equatorial Guinea
2022,GNQ,Industrial Equipment & Technology,110.24600000000001,Africa,Equatorial Guinea
2022,GNQ,Textile & Apparel Manufacturing,15.197,Africa,Equatorial Guinea
2022,KEN,Agricultural & Foods,23455.584000000003,Africa,Kenya
2022,KEN,Art & Collectibles,1528.02,Africa,Kenya
2022,KEN,Base Metals,74770.051,Africa,Kenya
2022,KEN,Chemical & Pharmaceutical,18212.126,Africa,Kenya
2022,KEN,Consumer Goods & Crafts,11633.885,Africa,Kenya
2022,KEN,Energy & Minerals,106469.464,Africa,Kenya
2022,KEN,Industrial Equipment & Technology,97524.875,Africa,Kenya
2022,KEN,Textile & Apparel Manufacturing,516380.819,Africa,Kenya
2022,LBR,Agricultural & Foods,909.772,Africa,Liberia
2022,LBR,Art & Collectibles,23.012,Africa,Liberia
2022,LBR,Base Metals,253.818,Africa,Liberia
2022,LBR,Chemical & Pharmaceutical,87357.586,Africa,Liberia
2022,LBR,Consumer Goods & Crafts,1054.085,Africa,Liberia
2022,LBR,Energy & Minerals,88.195,Africa,Liberia
2022,LBR,Industrial Equipment & Technology,439.698,Africa,Liberia
2022,LBR,Textile & Apparel Manufacturing,84.82799999999999,Africa,Liberia
2022,LBY,Art & Collectibles,251.12400000000002,Africa,Libya
2022,LBY,Chemical & Pharmaceutical,60.216,Africa,Libya
2022,LBY,Consumer Goods & Crafts,22.295,Africa,Libya
2022,LBY,Energy & Minerals,2242007.492,Africa,Libya
2022,LBY,Industrial Equipment & Technology,18.213,Africa,Libya
2022,LBY,Textile & Apparel Manufacturing,0.986,Africa,Libya
2022,LSO,Agricultural & Foods,21.287,Africa,Lesotho
2022,LSO,Art & Collectibles,99.792,Africa,Lesotho
2022,LSO,Base Metals,0.457,Africa,Lesotho
2022,LSO,Chemical & Pharmaceutical,1162.709,Africa,Lesotho
2022,LSO,Consumer Goods & Crafts,80886.126,Africa,Lesotho
2022,LSO,Energy & Minerals,0.005,Africa,Lesotho
2022,LSO,Industrial Equipment & Technology,2331.105,Africa,Lesotho
2022,LSO,Textile & Apparel Manufacturing,254413.086,Africa,Lesotho
2022,MAR,Agricultural & Foods,206817.975,Africa,Morocco
2022,MAR,Art & Collectibles,6477.978,Africa,Morocco
2022,MAR,Base Metals,219743.39400000003,Africa,Morocco
2022,MAR,Chemical & Pharmaceutical,246063.36,Africa,Morocco
2022,MAR,Consumer Goods & Crafts,75615.702,Africa,Morocco
2022,MAR,Energy & Minerals,57576.813,Africa,Morocco
2022,MAR,Industrial Equipment & Technology,630036.676,Africa,Morocco
2022,MAR,Textile & Apparel Manufacturing,263914.625,Africa,Morocco
2022,MDG,Agricultural & Foods,7281.56,Africa,Madagascar
2022,MDG,Art & Collectibles,1226.028,Africa,Madagascar
2022,MDG,Base Metals,59533.697,Africa,Madagascar
2022,MDG,Chemical & Pharmaceutical,4657.095,Africa,Madagascar
2022,MDG,Consumer Goods & Crafts,54070.751000000004,Africa,Madagascar
2022,MDG,Energy & Minerals,76489.213,Africa,Madagascar
2022,MDG,Industrial Equipment & Technology,267226.741,Africa,Madagascar
2022,MDG,Textile & Apparel Manufacturing,408505.76,Africa,Madagascar
2022,MLI,Agricultural & Foods,963.873,Africa,Mali
2022,MLI,Art & Collectibles,477.935,Africa,Mali
2022,MLI,Base Metals,581.4549999999999,Africa,Mali
2022,MLI,Chemical & Pharmaceutical,2415.398,Africa,Mali
2022,MLI,Consumer Goods & Crafts,395.269,Africa,Mali
2022,MLI,Energy & Minerals,11.104,Africa,Mali
2022,MLI,Industrial Equipment & Technology,12170.591,Africa,Mali
2022,MLI,Textile & Apparel Manufacturing,157.961,Africa,Mali
2022,MOZ,Agricultural & Foods,18786.765,Africa,Mozambique
2022,MOZ,Art & Collectibles,327.234,Africa,Mozambique
2022,MOZ,Base Metals,1725.469,Africa,Mozambique
2022,MOZ,Chemical & Pharmaceutical,1798.203,Africa,Mozambique
2022,MOZ,Consumer Goods & Crafts,85517.50300000001,Africa,Mozambique
2022,MOZ,Energy & Minerals,73421.99,Africa,Mozambique
2022,MOZ,Industrial Equipment & Technology,3211.6730000000002,Africa,Mozambique
2022,MOZ,Textile & Apparel Manufacturing,29.192,Africa,Mozambique
2022,MRT,Agricultural & Foods,1215.286,Africa,Mauritania
2022,MRT,Art & Collectibles,36.521,Africa,Mauritania
2022,MRT,Base Metals,20.737,Africa,Mauritania
2022,MRT,Chemical & Pharmaceutical,2766.4429999999998,Africa,Mauritania
2022,MRT,Consumer Goods & Crafts,213.933,Africa,Mauritania
2022,MRT,Energy & Minerals,2.318,Africa,Mauritania
2022,MRT,Industrial Equipment & Technology,2524.424,Africa,Mauritania
2022,MRT,Textile & Apparel Manufacturing,545.748,Africa,Mauritania
2022,MUS,Agricultural & Foods,74861.467,Africa,Mauritius
2022,MUS,Art & Collectibles,334.296,Africa,Mauritius
2022,MUS,Base Metals,391.18,Africa,Mauritius
2022,MUS,Chemical & Pharmaceutical,12867.778,Africa,Mauritius
2022,MUS,Consumer Goods & Crafts,80298.71100000001,Africa,Mauritius
2022,MUS,Energy & Minerals,2525.334,Africa,Mauritius
2022,MUS,Industrial Equipment & Technology,10883.101,Africa,Mauritius
2022,MUS,Textile & Apparel Manufacturing,78982.765,Africa,Mauritius
2022,MWI,Agricultural & Foods,28853.869,Africa,Malawi
2022,MWI,Art & Collectibles,1.179,Africa,Malawi
2022,MWI,Base Metals,13287.234,Africa,Malawi
2022,MWI,Chemical & Pharmaceutical,67.96499999999999,Africa,Malawi
2022,MWI,Consumer Goods & Crafts,373.008,Africa,Malawi
2022,MWI,Energy & Minerals,10.838000000000001,Africa,Malawi
2022,MWI,Industrial Equipment & Technology,15810.048,Africa,Malawi
2022,MWI,Textile & Apparel Manufacturing,394.089,Africa,Malawi
2022,NAM,Agricultural & Foods,642.626,Africa,Namibia
2022,NAM,Art & Collectibles,537.253,Africa,Namibia
2022,NAM,Base Metals,494.48799999999994,Africa,Namibia
2022,NAM,Chemical & Pharmaceutical,3596.749,Africa,Namibia
2022,NAM,Consumer Goods & Crafts,76923.50200000001,Africa,Namibia
2022,NAM,Energy & Minerals,63826.955,Africa,Namibia
2022,NAM,Industrial Equipment & Technology,3267.591,Africa,Namibia
2022,NAM,Textile & Apparel Manufacturing,274.836,Africa,Namibia
2022,NER,Agricultural & Foods,949.4300000000001,Africa,Niger
2022,NER,Art & Collectibles,390.656,Africa,Niger
2022,NER,Base Metals,123.205,Africa,Niger
2022,NER,Chemical & Pharmaceutical,289.51,Africa,Niger
2022,NER,Consumer Goods & Crafts,236.22400000000002,Africa,Niger
2022,NER,Energy & Minerals,3.679,Africa,Niger
2022,NER,Industrial Equipment & Technology,6462.572999999999,Africa,Niger
2022,NER,Textile & Apparel Manufacturing,94.649,Africa,Niger
2022,NGA,Agricultural & Foods,64336.204,Africa,Nigeria
2022,NGA,Art & Collectibles,8986.628999999999,Africa,Nigeria
2022,NGA,Base Metals,83907.588,Africa,Nigeria
2022,NGA,Chemical & Pharmaceutical,246904.947,Africa,Nigeria
2022,NGA,Consumer Goods & Crafts,26941.051,Africa,Nigeria
2022,NGA,Energy & Minerals,4394012.314,Africa,Nigeria
2022,NGA,Industrial Equipment & Technology,8509.689,Africa,Nigeria
2022,NGA,Textile & Apparel Manufacturing,15317.605,Africa,Nigeria
2022,RWA,Agricultural & Foods,4067.161,Africa,Rwanda
2022,RWA,Art & Collectibles,207.166,Africa,Rwanda
2022,RWA,Base Metals,6324.152,Africa,Rwanda
2022,RWA,Chemical & Pharmaceutical,1165.445,Africa,Rwanda
2022,RWA,Consumer Goods & Crafts,5192.135,Africa,Rwanda
2022,RWA,Energy & Minerals,5992.126,Africa,Rwanda
2022,RWA,Industrial Equipment & Technology,37555.973,Africa,Rwanda
2022,RWA,Textile & Apparel Manufacturing,1669.076,Africa,Rwanda
2022,SDN,Agricultural & Foods,37181.532,Africa,Sudan
2022,SDN,Chemical & Pharmaceutical,808.116,Africa,Sudan
2022,SDN,Consumer Goods & Crafts,6.508,Africa,Sudan
2022,SEN,Agricultural & Foods,72712.39600000001,Africa,Senegal
2022,SEN,Art & Collectibles,516.523,Africa,Senegal
2022,SEN,Base Metals,132.75199999999998,Africa,Senegal
2022,SEN,Chemical & Pharmaceutical,1971.214,Africa,Senegal
2022,SEN,Consumer Goods & Crafts,330305.87100000004,Africa,Senegal
2022,SEN,Energy & Minerals,49805.716,Africa,Senegal
2022,SEN,Industrial Equipment & Technology,3090.172,Africa,Senegal
2022,SEN,Textile & Apparel Manufacturing,70768.78199999999,Africa,Senegal
2022,SLE,Agricultural & Foods,957.5830000000001,Africa,Sierra Leone
2022,SLE,Art & Collectibles,106.939,Africa,Sierra Leone
2022,SLE,Base Metals,966.9770000000001,Africa,Sierra Leone
2022,SLE,Chemical & Pharmaceutical,1354.3899999999999,Africa,Sierra Leone
2022,SLE,Consumer Goods & Crafts,3669.751,Africa,Sierra Leone
2022,SLE,Energy & Minerals,1175.298,Africa,Sierra Leone
2022,SLE,Industrial Equipment & Technology,8992.883,Africa,Sierra Leone
2022,SLE,Textile & Apparel Manufacturing,515.922,Africa,Sierra Leone
2022,SOM,Agricultural & Foods,319.155,Africa,Somalia
2022,SOM,Art & Collectibles,12.889,Africa,Somalia
2022,SOM,Base Metals,19.271,Africa,Somalia
2022,SOM,Chemical & Pharmaceutical,19.558,Africa,Somalia
2022,SOM,Consumer Goods & Crafts,85.897,Africa,Somalia
2022,SOM,Industrial Equipment & Technology,20.552,Africa,Somalia
2022,SSD,Base Metals,5.648,Africa,South Sudan
2022,SSD,Chemical & Pharmaceutical,15.097000000000001,Africa,South Sudan
2022,SSD,Industrial Equipment & Technology,9.497,Africa,South Sudan
2022,STP,Agricultural & Foods,168.695,Africa,Sao Tome and Principe
2022,STP,Art & Collectibles,33.446,Africa,Sao Tome and Principe
2022,STP,Base Metals,4.668,Africa,Sao Tome and Principe
2022,STP,Chemical & Pharmaceutical,4.625,Africa,Sao Tome and Principe
2022,STP,Consumer Goods & Crafts,58.046,Africa,Sao Tome and Principe
2022,STP,Industrial Equipment & Technology,607.562,Africa,Sao Tome and Principe
2022,STP,Textile & Apparel Manufacturing,2.705,Africa,Sao Tome and Principe
2022,SWZ,Agricultural & Foods,20403.785000000003,Africa,Eswatini
2022,SWZ,Art & Collectibles,28.345,Africa,Eswatini
2022,SWZ,Base Metals,399.133,Africa,Eswatini
2022,SWZ,Chemical & Pharmaceutical,133.402,Africa,Eswatini
2022,SWZ,Consumer Goods & Crafts,482.226,Africa,Eswatini
2022,SWZ,Energy & Minerals,0.004,Africa,Eswatini
2022,SWZ,Industrial Equipment & Technology,2489.528,Africa,Eswatini
2022,SWZ,Textile & Apparel Manufacturing,2235.677,Africa,Eswatini
2022,SYC,Agricultural & Foods,413.655,Africa,Seychelles
2022,SYC,Art & Collectibles,20.762999999999998,Africa,Seychelles
2022,SYC,Base Metals,115.964,Africa,Seychelles
2022,SYC,Chemical & Pharmaceutical,11198.022,Africa,Seychelles
2022,SYC,Consumer Goods & Crafts,488.065,Africa,Seychelles
2022,SYC,Energy & Minerals,7.95,Africa,Seychelles
2022,SYC,Industrial Equipment & Technology,2765.907,Africa,Seychelles
2022,SYC,Textile & Apparel Manufacturing,352.64799999999997,Africa,Seychelles
2022,TCD,Agricultural & Foods,4489.8,Africa,Chad
2022,TCD,Chemical & Pharmaceutical,19.740000000000002,Africa,Chad
2022,TCD,Consumer Goods & Crafts,1.916,Africa,Chad
2022,TCD,Industrial Equipment & Technology,256.47499999999997,Africa,Chad
2022,TGO,Agricultural & Foods,50604.623999999996,Africa,Togo
2022,TGO,Art & Collectibles,2.5,Africa,Togo
2022,TGO,Base Metals,113.373,Africa,Togo
2022,TGO,Chemical & Pharmaceutical,1242.663,Africa,Togo
2022,TGO,Consumer Goods & Crafts,226.565,Africa,Togo
2022,TGO,Energy & Minerals,0.21,Africa,Togo
2022,TGO,Industrial Equipment & Technology,681.23,Africa,Togo
2022,TGO,Textile & Apparel Manufacturing,10393.12,Africa,Togo
2022,TUN,Agricultural & Foods,212506.028,Africa,Tunisia
2022,TUN,Art & Collectibles,823.688,Africa,Tunisia
2022,TUN,Base Metals,25470.16,Africa,Tunisia
2022,TUN,Chemical & Pharmaceutical,38220.289,Africa,Tunisia
2022,TUN,Consumer Goods & Crafts,41558.685,Africa,Tunisia
2022,TUN,Energy & Minerals,143771.836,Africa,Tunisia
2022,TUN,Industrial Equipment & Technology,247267.685,Africa,Tunisia
2022,TUN,Textile & Apparel Manufacturing,131261.778,Africa,Tunisia
2022,TZA,Agricultural & Foods,20489.906,Africa,Tanzania
2022,TZA,Art & Collectibles,628.0260000000001,Africa,Tanzania
2022,TZA,Base Metals,866.315,Africa,Tanzania
2022,TZA,Chemical & Pharmaceutical,9608.525,Africa,Tanzania
2022,TZA,Consumer Goods & Crafts,42793.397,Africa,Tanzania
2022,TZA,Energy & Minerals,2080.8210000000004,Africa,Tanzania
2022,TZA,Industrial Equipment & Technology,17293.046,Africa,Tanzania
2022,TZA,Textile & Apparel Manufacturing,76974.939,Africa,Tanzania
2022,UGA,Agricultural & Foods,8548.769,Africa,Uganda
2022,UGA,Art & Collectibles,696.47,Africa,Uganda
2022,UGA,Base Metals,2187.147,Africa,Uganda
2022,UGA,Chemical & Pharmaceutical,62772.863999999994,Africa,Uganda
2022,UGA,Consumer Goods & Crafts,2947.109,Africa,Uganda
2022,UGA,Energy & Minerals,12025.508,Africa,Uganda
2022,UGA,Industrial Equipment & Technology,92075.905,Africa,Uganda
2022,UGA,Textile & Apparel Manufacturing,2559.3379999999997,Africa,Uganda
2022,ZAF,Agricultural & Foods,294274.224,Africa,South Africa
2022,ZAF,Art & Collectibles,30381.863,Africa,South Africa
2022,ZAF,Base Metals,1942558.213,Africa,South Africa
2022,ZAF,Chemical & Pharmaceutical,836432.36,Africa,South Africa
2022,ZAF,Consumer Goods & Crafts,6999190.290999999,Africa,South Africa
2022,ZAF,Energy & Minerals,880851.805,Africa,South Africa
2022,ZAF,Industrial Equipment & Technology,2265170.1730000004,Africa,South Africa
2022,ZAF,Textile & Apparel Manufacturing,45515.326,Africa,South Africa
2022,ZMB,Agricultural & Foods,1520.1680000000001,Africa,Zambia
2022,ZMB,Art & Collectibles,62.656,Africa,Zambia
2022,ZMB,Base Metals,51217.704999999994,Africa,Zambia
2022,ZMB,Chemical & Pharmaceutical,1457.642,Africa,Zambia
2022,ZMB,Consumer Goods & Crafts,85972.356,Africa,Zambia
2022,ZMB,Energy & Minerals,1044.877,Africa,Zambia
2022,ZMB,Industrial Equipment & Technology,12573.826000000001,Africa,Zambia
2022,ZMB,Textile & Apparel Manufacturing,46.17400000000001,Africa,Zambia
2022,ZWE,Agricultural & Foods,29550.378,Africa,Zimbabwe
2022,ZWE,Art & Collectibles,1062.965,Africa,Zimbabwe
2022,ZWE,Base Metals,47476.724,Africa,Zimbabwe
2022,ZWE,Chemical & Pharmaceutical,11.248000000000001,Africa,Zimbabwe
2022,ZWE,Consumer Goods & Crafts,2951.558,Africa,Zimbabwe
2022,ZWE,Energy & Minerals,1964.835,Africa,Zimbabwe
2022,ZWE,Industrial Equipment & Technology,7303.88,Africa,Zimbabwe
2022,ZWE,Textile & Apparel Manufacturing,1342.2140000000002,Africa,Zimbabwe
2023,AGO,Agricultural & Foods,359.822,Africa,Angola
2023,AGO,Art & Collectibles,7.59,Africa,Angola
2023,AGO,Base Metals,4620.648999999999,Africa,Angola
2023,AGO,Chemical & Pharmaceutical,794.3190000000001,Africa,Angola
2023,AGO,Consumer Goods & Crafts,143170.961,Africa,Angola
2023,AGO,Energy & Minerals,1110509.5720000002,Africa,Angola
2023,AGO,Industrial Equipment & Technology,32887.305,Africa,Angola
2023,AGO,Textile & Apparel Manufacturing,124.104,Africa,Angola
2023,BDI,Agricultural & Foods,0.04,Africa,Burundi
2023,BDI,Art & Collectibles,7.281,Africa,Burundi
2023,BDI,Base Metals,1.263,Africa,Burundi
2023,BDI,Chemical & Pharmaceutical,1.707,Africa,Burundi
2023,BDI,Consumer Goods & Crafts,41.257000000000005,Africa,Burundi
2023,BDI,Energy & Minerals,3.372,Africa,Burundi
2023,BDI,Industrial Equipment & Technology,2657.6820000000002,Africa,Burundi
2023,BDI,Textile & Apparel Manufacturing,5.351,Africa,Burundi
2023,BEN,Agricultural & Foods,9786.209,Africa,Benin
2023,BEN,Art & Collectibles,56.164,Africa,Benin
2023,BEN,Base Metals,3890.921,Africa,Benin
2023,BEN,Chemical & Pharmaceutical,6.858,Africa,Benin
2023,BEN,Consumer Goods & Crafts,648.1859999999999,Africa,Benin
2023,BEN,Industrial Equipment & Technology,334.563,Africa,Benin
2023,BEN,Textile & Apparel Manufacturing,1421.416,Africa,Benin
2023,BFA,Agricultural & Foods,51.707,Africa,Burkina Faso
2023,BFA,Art & Collectibles,96.87200000000001,Africa,Burkina Faso
2023,BFA,Base Metals,2667.2400000000002,Africa,Burkina Faso
2023,BFA,Chemical & Pharmaceutical,9.573,Africa,Burkina Faso
2023,BFA,Consumer Goods & Crafts,400.123,Africa,Burkina Faso
2023,BFA,Energy & Minerals,2936.185,Africa,Burkina Faso
2023,BFA,Industrial Equipment & Technology,3054.155,Africa,Burkina Faso
2023,BFA,Textile & Apparel Manufacturing,21392.292999999998,Africa,Burkina Faso
2023,BWA,Agricultural & Foods,54.164,Africa,Botswana
2023,BWA,Art & Collectibles,6.093,Africa,Botswana
2023,BWA,Base Metals,51.007000000000005,Africa,Botswana
2023,BWA,Chemical & Pharmaceutical,13.182,Africa,Botswana
2023,BWA,Consumer Goods & Crafts,404057.522,Africa,Botswana
2023,BWA,Energy & Minerals,2.0020000000000002,Africa,Botswana
2023,BWA,Industrial Equipment & Technology,1554.845,Africa,Botswana
2023,BWA,Textile & Apparel Manufacturing,31.313,Africa,Botswana
2023,CAF,Art & Collectibles,50.230000000000004,Africa,Central African Republic
2023,CAF,Base Metals,8.396,Africa,Central African Republic
2023,CAF,Chemical & Pharmaceutical,36.398,Africa,Central African Republic
2023,CAF,Consumer Goods & Crafts,1202.2910000000002,Africa,Central African Republic
2023,CAF,Industrial Equipment & Technology,690.623,Africa,Central African Republic
2023,CIV,Agricultural & Foods,826905.6749999999,Africa,Côte d'Ivoire
2023,CIV,Art & Collectibles,1106.593,Africa,Côte d'Ivoire
2023,CIV,Base Metals,36243.843,Africa,Côte d'Ivoire
2023,CIV,Chemical & Pharmaceutical,159804.316,Africa,Côte d'Ivoire
2023,CIV,Consumer Goods & Crafts,5337.821,Africa,Côte d'Ivoire
2023,CIV,Energy & Minerals,43588.716,Africa,Côte d'Ivoire
2023,CIV,Industrial Equipment & Technology,7271.776,Africa,Côte d'Ivoire
2023,CIV,Textile & Apparel Manufacturing,411.47700000000003,Africa,Côte d'Ivoire
2023,CMR,Agricultural & Foods,31848.806,Africa,Cameroon
2023,CMR,Art & Collectibles,1412.629,Africa,Cameroon
2023,CMR,Base Metals,284.461,Africa,Cameroon
2023,CMR,Chemical & Pharmaceutical,7494.155,Africa,Cameroon
2023,CMR,Consumer Goods & Crafts,25858.415999999997,Africa,Cameroon
2023,CMR,Energy & Minerals,53104.119,Africa,Cameroon
2023,CMR,Industrial Equipment & Technology,2737.171,Africa,Cameroon
2023,CMR,Textile & Apparel Manufacturing,528.365,Africa,Cameroon
2023,COD,Agricultural & Foods,5540.456,Africa,DR Congo
2023,COD,Art & Collectibles,1107.018,Africa,DR Congo
2023,COD,Base Metals,114949.409,Africa,DR Congo
2023,COD,Chemical & Pharmaceutical,220.53500000000003,Africa,DR Congo
2023,COD,Consumer Goods & Crafts,14279.094000000001,Africa,DR Congo
2023,COD,Energy & Minerals,140790.65399999998,Africa,DR Congo
2023,COD,Industrial Equipment & Technology,2102.701,Africa,DR Congo
2023,COD,Textile & Apparel Manufacturing,137.11,Africa,DR Congo
2023,COG,Agricultural & Foods,983.076,Africa,Congo Republic
2023,COG,Art & Collectibles,430.413,Africa,Congo Republic
2023,COG,Base Metals,2285.556,Africa,Congo Republic
2023,COG,Chemical & Pharmaceutical,94.413,Africa,Congo Republic
2023,COG,Consumer Goods & Crafts,22805.964,Africa,Congo Republic
2023,COG,Energy & Minerals,270563.44,Africa,Congo Republic
2023,COG,Industrial Equipment & Technology,170426.63,Africa,Congo Republic
2023,COG,Textile & Apparel Manufacturing,2.111,Africa,Congo Republic
2023,COM,Agricultural & Foods,4.746,Africa,Comoros
2023,COM,Chemical & Pharmaceutical,292.102,Africa,Comoros
2023,COM,Consumer Goods & Crafts,14.862,Africa,Comoros
2023,COM,Industrial Equipment & Technology,3008.773,Africa,Comoros
2023,COM,Textile & Apparel Manufacturing,10.431,Africa,Comoros
2023,CPV,Agricultural & Foods,3390.758,Africa,Cabo Verde
2023,CPV,Art & Collectibles,0.639,Africa,Cabo Verde
2023,CPV,Base Metals,125.394,Africa,Cabo Verde
2023,CPV,Chemical & Pharmaceutical,1868.424,Africa,Cabo Verde
2023,CPV,Consumer Goods & Crafts,389.97,Africa,Cabo Verde
2023,CPV,Energy & Minerals,10.604999999999999,Africa,Cabo Verde
2023,CPV,Industrial Equipment & Technology,1439.382,Africa,Cabo Verde
2023,CPV,Textile & Apparel Manufacturing,7.243,Africa,Cabo Verde
2023,DJI,Agricultural & Foods,11421.803,Africa,Djibouti
2023,DJI,Base Metals,556.054,Africa,Djibouti
2023,DJI,Chemical & Pharmaceutical,562.634,Africa,Djibouti
2023,DJI,Consumer Goods & Crafts,64.953,Africa,Djibouti
2023,DJI,Energy & Minerals,70.103,Africa,Djibouti
2023,DJI,Industrial Equipment & Technology,61708.835999999996,Africa,Djibouti
2023,DJI,Textile & Apparel Manufacturing,2103.786,Africa,Djibouti
2023,DZA,Agricultural & Foods,416.737,Africa,Algeria
2023,DZA,Art & Collectibles,130.54500000000002,Africa,Algeria
2023,DZA,Base Metals,315389.475,Africa,Algeria
2023,DZA,Chemical & Pharmaceutical,253389.712,Africa,Algeria
2023,DZA,Consumer Goods & Crafts,228.416,Africa,Algeria
2023,DZA,Energy & Minerals,2569890.839,Africa,Algeria
2023,DZA,Industrial Equipment & Technology,449.664,Africa,Algeria
2023,DZA,Textile & Apparel Manufacturing,15.356,Africa,Algeria
2023,EGY,Agricultural & Foods,242011.72400000002,Africa,Egypt
2023,EGY,Art & Collectibles,11112.984,Africa,Egypt
2023,EGY,Base Metals,388218.434,Africa,Egypt
2023,EGY,Chemical & Pharmaceutical,245722.159,Africa,Egypt
2023,EGY,Consumer Goods & Crafts,233449.271,Africa,Egypt
2023,EGY,Energy & Minerals,188117.793,Africa,Egypt
2023,EGY,Industrial Equipment & Technology,43944.267,Africa,Egypt
2023,EGY,Textile & Apparel Manufacturing,1478227.907,Africa,Egypt
2023,ERI,Agricultural & Foods,291.851,Africa,Eritrea
2023,ERI,Chemical & Pharmaceutical,0.361,Africa,Eritrea
2023,ERI,Consumer Goods & Crafts,4.771,Africa,Eritrea
2023,ERI,Industrial Equipment & Technology,19.47,Africa,Eritrea
2023,ERI,Textile & Apparel Manufacturing,55.272000000000006,Africa,Eritrea
2023,ETH,Agricultural & Foods,68450.918,Africa,Ethiopia
2023,ETH,Art & Collectibles,2102.54,Africa,Ethiopia
2023,ETH,Base Metals,151.28,Africa,Ethiopia
2023,ETH,Chemical & Pharmaceutical,987.126,Africa,Ethiopia
2023,ETH,Consumer Goods & Crafts,12267.59,Africa,Ethiopia
2023,ETH,Industrial Equipment & Technology,164601.874,Africa,Ethiopia
2023,ETH,Textile & Apparel Manufacturing,232968.74899999998,Africa,Ethiopia
2023,GAB,Agricultural & Foods,5.465,Africa,Gabon
2023,GAB,Art & Collectibles,2876.309,Africa,Gabon
2023,GAB,Base Metals,1534.362,Africa,Gabon
2023,GAB,Chemical & Pharmaceutical,54.679,Africa,Gabon
2023,GAB,Consumer Goods & Crafts,29881.858,Africa,Gabon
2023,GAB,Energy & Minerals,137838.499,Africa,Gabon
2023,GAB,Industrial Equipment & Technology,15082.211,Africa,Gabon
2023,GAB,Textile & Apparel Manufacturing,65.019,Africa,Gabon
2023,GHA,Agricultural & Foods,332760.513,Africa,Ghana
2023,GHA,Art & Collectibles,12145.927,Africa,Ghana
2023,GHA,Base Metals,37286.597,Africa,Ghana
2023,GHA,Chemical & Pharmaceutical,34092.134999999995,Africa,Ghana
2023,GHA,Consumer Goods & Crafts,42995.013,Africa,Ghana
2023,GHA,Energy & Minerals,1232612.753,Africa,Ghana
2023,GHA,Industrial Equipment & Technology,5101.851,Africa,Ghana
2023,GHA,Textile & Apparel Manufacturing,44580.73,Africa,Ghana
2023,GIN,Agricultural & Foods,216.828,Africa,Guinea
2023,GIN,Art & Collectibles,27.077,Africa,Guinea
2023,GIN,Base Metals,2200.811,Africa,Guinea
2023,GIN,Chemical & Pharmaceutical,4524.515,Africa,Guinea
2023,GIN,Consumer Goods & Crafts,3354.3879999999995,Africa,Guinea
2023,GIN,Industrial Equipment & Technology,2515.743,Africa,Guinea
2023,GIN,Textile & Apparel Manufacturing,96.285,Africa,Guinea
2023,GMB,Agricultural & Foods,156.66,Africa,Gambia
2023,GMB,Base Metals,14.772,Africa,Gambia
2023,GMB,Chemical & Pharmaceutical,113.692,Africa,Gambia
2023,GMB,Consumer Goods & Crafts,23.098,Africa,Gambia
2023,GMB,Energy & Minerals,495.549,Africa,Gambia
2023,GMB,Industrial Equipment & Technology,835.273,Africa,Gambia
2023,GMB,Textile & Apparel Manufacturing,7.323,Africa,Gambia
2023,GNB,Base Metals,611.35,Africa,Guinea-Bissau
2023,GNB,Chemical & Pharmaceutical,3.786,Africa,Guinea-Bissau
2023,GNB,Industrial Equipment & Technology,5.5969999999999995,Africa,Guinea-Bissau
2023,GNQ,Chemical & Pharmaceutical,23409.093,Africa,Equatorial Guinea
2023,GNQ,Energy & Minerals,285806.304,Africa,Equatorial Guinea
2023,GNQ,Industrial Equipment & Technology,36.083,Africa,Equatorial Guinea
2023,KEN,Agricultural & Foods,22401.638000000003,Africa,Kenya
2023,KEN,Art & Collectibles,2852.801,Africa,Kenya
2023,KEN,Base Metals,24116.869,Africa,Kenya
2023,KEN,Chemical & Pharmaceutical,135199.199,Africa,Kenya
2023,KEN,Consumer Goods & Crafts,8988.619,Africa,Kenya
2023,KEN,Energy & Minerals,48877.621,Africa,Kenya
2023,KEN,Industrial Equipment & Technology,78378.295,Africa,Kenya
2023,KEN,Textile & Apparel Manufacturing,437132.395,Africa,Kenya
2023,LBR,Agricultural & Foods,1483.153,Africa,Liberia
2023,LBR,Art & Collectibles,189.901,Africa,Liberia
2023,LBR,Base Metals,6.177,Africa,Liberia
2023,LBR,Chemical & Pharmaceutical,63526.834,Africa,Liberia
2023,LBR,Consumer Goods & Crafts,1148.303,Africa,Liberia
2023,LBR,Energy & Minerals,93.868,Africa,Liberia
2023,LBR,Industrial Equipment & Technology,780.174,Africa,Liberia
2023,LBR,Textile & Apparel Manufacturing,81.741,Africa,Liberia
2023,LBY,Art & Collectibles,319.268,Africa,Libya
2023,LBY,Base Metals,5.218,Africa,Libya
2023,LBY,Chemical & Pharmaceutical,2.849,Africa,Libya
2023,LBY,Consumer Goods & Crafts,8.749,Africa,Libya
2023,LBY,Energy & Minerals,1567732.615,Africa,Libya
2023,LBY,Industrial Equipment & Technology,42.238,Africa,Libya
2023,LBY,Textile & Apparel Manufacturing,8.781,Africa,Libya
2023,LSO,Agricultural & Foods,13.604000000000001,Africa,Lesotho
2023,LSO,Art & Collectibles,10.311,Africa,Lesotho
2023,LSO,Base Metals,0.054,Africa,Lesotho
2023,LSO,Chemical & Pharmaceutical,774.198,Africa,Lesotho
2023,LSO,Consumer Goods & Crafts,56148.276,Africa,Lesotho
2023,LSO,Energy & Minerals,0.043,Africa,Lesotho
2023,LSO,Industrial Equipment & Technology,994.302,Africa,Lesotho
2023,LSO,Textile & Apparel Manufacturing,164247.433,Africa,Lesotho
2023,MAR,Agricultural & Foods,156872.97,Africa,Morocco
2023,MAR,Art & Collectibles,5282.897,Africa,Morocco
2023,MAR,Base Metals,127673.414,Africa,Morocco
2023,MAR,Chemical & Pharmaceutical,227203.314,Africa,Morocco
2023,MAR,Consumer Goods & Crafts,77226.865,Africa,Morocco
2023,MAR,Energy & Minerals,83421.93099999998,Africa,Morocco
2023,MAR,Industrial Equipment & Technology,658977.0869999999,Africa,Morocco
2023,MAR,Textile & Apparel Manufacturing,287058.80700000003,Africa,Morocco
2023,MDG,Agricultural & Foods,6062.424,Africa,Madagascar
2023,MDG,Art & Collectibles,329.087,Africa,Madagascar
2023,MDG,Base Metals,67084.594,Africa,Madagascar
2023,MDG,Chemical & Pharmaceutical,4429.0509999999995,Africa,Madagascar
2023,MDG,Consumer Goods & Crafts,53838.587,Africa,Madagascar
2023,MDG,Energy & Minerals,39086.497,Africa,Madagascar
2023,MDG,Industrial Equipment & Technology,136090.33199999997,Africa,Madagascar
2023,MDG,Textile & Apparel Manufacturing,332860.283,Africa,Madagascar
2023,MLI,Agricultural & Foods,1622.911,Africa,Mali
2023,MLI,Art & Collectibles,1494.254,Africa,Mali
2023,MLI,Base Metals,356.144,Africa,Mali
2023,MLI,Chemical & Pharmaceutical,3258.9109999999996,Africa,Mali
2023,MLI,Consumer Goods & Crafts,2701.425,Africa,Mali
2023,MLI,Energy & Minerals,2.518,Africa,Mali
2023,MLI,Industrial Equipment & Technology,4831.092000000001,Africa,Mali
2023,MLI,Textile & Apparel Manufacturing,173.391,Africa,Mali
2023,MOZ,Agricultural & Foods,13230.861,Africa,Mozambique
2023,MOZ,Art & Collectibles,21.182000000000002,Africa,Mozambique
2023,MOZ,Base Metals,6238.618,Africa,Mozambique
2023,MOZ,Chemical & Pharmaceutical,509.85100000000006,Africa,Mozambique
2023,MOZ,Consumer Goods & Crafts,115648.388,Africa,Mozambique
2023,MOZ,Energy & Minerals,70327.555,Africa,Mozambique
2023,MOZ,Industrial Equipment & Technology,6287.029,Africa,Mozambique
2023,MOZ,Textile & Apparel Manufacturing,51.139,Africa,Mozambique
2023,MRT,Agricultural & Foods,391.748,Africa,Mauritania
2023,MRT,Art & Collectibles,45.315,Africa,Mauritania
2023,MRT,Base Metals,1402.136,Africa,Mauritania
2023,MRT,Chemical & Pharmaceutical,1167.596,Africa,Mauritania
2023,MRT,Consumer Goods & Crafts,151.80700000000002,Africa,Mauritania
2023,MRT,Energy & Minerals,81.509,Africa,Mauritania
2023,MRT,Industrial Equipment & Technology,2912.5969999999998,Africa,Mauritania
2023,MRT,Textile & Apparel Manufacturing,1078.8899999999999,Africa,Mauritania
2023,MUS,Agricultural & Foods,107000.744,Africa,Mauritius
2023,MUS,Art & Collectibles,49.242999999999995,Africa,Mauritius
2023,MUS,Base Metals,104.767,Africa,Mauritius
2023,MUS,Chemical & Pharmaceutical,15876.223,Africa,Mauritius
2023,MUS,Consumer Goods & Crafts,98620.147,Africa,Mauritius
2023,MUS,Energy & Minerals,692.3059999999999,Africa,Mauritius
2023,MUS,Industrial Equipment & Technology,15587.522,Africa,Mauritius
2023,MUS,Textile & Apparel Manufacturing,55967.556,Africa,Mauritius
2023,MWI,Agricultural & Foods,28441.000000000004,Africa,Malawi
2023,MWI,Art & Collectibles,47.977000000000004,Africa,Malawi
2023,MWI,Base Metals,4787.455,Africa,Malawi
2023,MWI,Chemical & Pharmaceutical,175.289,Africa,Malawi
2023,MWI,Consumer Goods & Crafts,661.77,Africa,Malawi
2023,MWI,Energy & Minerals,2.229,Africa,Malawi
2023,MWI,Industrial Equipment & Technology,12967.377,Africa,Malawi
2023,MWI,Textile & Apparel Manufacturing,14.149000000000001,Africa,Malawi
2023,NAM,Agricultural & Foods,1033.7359999999999,Africa,Namibia
2023,NAM,Art & Collectibles,1192.448,Africa,Namibia
2023,NAM,Base Metals,174.405,Africa,Namibia
2023,NAM,Chemical & Pharmaceutical,1381.3709999999999,Africa,Namibia
2023,NAM,Consumer Goods & Crafts,57346.377,Africa,Namibia
2023,NAM,Energy & Minerals,276.614,Africa,Namibia
2023,NAM,Industrial Equipment & Technology,4606.277,Africa,Namibia
2023,NAM,Textile & Apparel Manufacturing,832.1070000000001,Africa,Namibia
2023,NER,Agricultural & Foods,481.81899999999996,Africa,Niger
2023,NER,Art & Collectibles,29.159,Africa,Niger
2023,NER,Base Metals,170.14600000000002,Africa,Niger
2023,NER,Chemical & Pharmaceutical,1247.523,Africa,Niger
2023,NER,Consumer Goods & Crafts,207.761,Africa,Niger
2023,NER,Energy & Minerals,94.99900000000001,Africa,Niger
2023,NER,Industrial Equipment & Technology,2881.501,Africa,Niger
2023,NER,Textile & Apparel Manufacturing,38.1,Africa,Niger
2023,NGA,Agricultural & Foods,134502.701,Africa,Nigeria
2023,NGA,Art & Collectibles,4237.172,Africa,Nigeria
2023,NGA,Base Metals,104555.306,Africa,Nigeria
2023,NGA,Chemical & Pharmaceutical,224083.894,Africa,Nigeria
2023,NGA,Consumer Goods & Crafts,19946.417,Africa,Nigeria
2023,NGA,Energy & Minerals,5782885.881999999,Africa,Nigeria
2023,NGA,Industrial Equipment & Technology,6170.091,Africa,Nigeria
2023,NGA,Textile & Apparel Manufacturing,15500.822,Africa,Nigeria
2023,RWA,Agricultural & Foods,5317.6269999999995,Africa,Rwanda
2023,RWA,Art & Collectibles,194.57,Africa,Rwanda
2023,RWA,Base Metals,2035.419,Africa,Rwanda
2023,RWA,Chemical & Pharmaceutical,54.096,Africa,Rwanda
2023,RWA,Consumer Goods & Crafts,4039.274,Africa,Rwanda
2023,RWA,Energy & Minerals,2351.614,Africa,Rwanda
2023,RWA,Industrial Equipment & Technology,24499.859,Africa,Rwanda
2023,RWA,Textile & Apparel Manufacturing,58.986999999999995,Africa,Rwanda
2023,SDN,Agricultural & Foods,13384.315,Africa,Sudan
2023,SDN,Chemical & Pharmaceutical,11.24,Africa,Sudan
2023,SDN,Consumer Goods & Crafts,20.461,Africa,Sudan
2023,SDN,Textile & Apparel Manufacturing,32.436,Africa,Sudan
2023,SEN,Agricultural & Foods,85170.493,Africa,Senegal
2023,SEN,Art & Collectibles,535.058,Africa,Senegal
2023,SEN,Base Metals,525.682,Africa,Senegal
2023,SEN,Chemical & Pharmaceutical,2432.619,Africa,Senegal
2023,SEN,Consumer Goods & Crafts,1134.97,Africa,Senegal
2023,SEN,Energy & Minerals,24530.374000000003,Africa,Senegal
2023,SEN,Industrial Equipment & Technology,6169.13,Africa,Senegal
2023,SEN,Textile & Apparel Manufacturing,73794.086,Africa,Senegal
2023,SLE,Agricultural & Foods,3241.524,Africa,Sierra Leone
2023,SLE,Art & Collectibles,60.962,Africa,Sierra Leone
2023,SLE,Base Metals,763.446,Africa,Sierra Leone
2023,SLE,Chemical & Pharmaceutical,1457.941,Africa,Sierra Leone
2023,SLE,Consumer Goods & Crafts,9851.569000000001,Africa,Sierra Leone
2023,SLE,Energy & Minerals,2022.846,Africa,Sierra Leone
2023,SLE,Industrial Equipment & Technology,4581.728,Africa,Sierra Leone
2023,SLE,Textile & Apparel Manufacturing,162.652,Africa,Sierra Leone
2023,SOM,Agricultural & Foods,470.93399999999997,Africa,Somalia
2023,SOM,Art & Collectibles,21.82,Africa,Somalia
2023,SOM,Base Metals,2.519,Africa,Somalia
2023,SOM,Chemical & Pharmaceutical,661.467,Africa,Somalia
2023,SOM,Consumer Goods & Crafts,11.443,Africa,Somalia
2023,SOM,Industrial Equipment & Technology,369.147,Africa,Somalia
2023,SSD,Agricultural & Foods,95.395,Africa,South Sudan
2023,SSD,Chemical & Pharmaceutical,5.165,Africa,South Sudan
2023,SSD,Consumer Goods & Crafts,92.91300000000001,Africa,South Sudan
2023,SSD,Industrial Equipment & Technology,48.047000000000004,Africa,South Sudan
2023,STP,Agricultural & Foods,83.928,Africa,Sao Tome and Principe
2023,STP,Art & Collectibles,7.006,Africa,Sao Tome and Principe
2023,STP,Base Metals,64.737,Africa,Sao Tome and Principe
2023,STP,Chemical & Pharmaceutical,4.327,Africa,Sao Tome and Principe
2023,STP,Consumer Goods & Crafts,102.093,Africa,Sao Tome and Principe
2023,STP,Energy & Minerals,137.616,Africa,Sao Tome and Principe
2023,STP,Industrial Equipment & Technology,1354.304,Africa,Sao Tome and Principe
2023,STP,Textile & Apparel Manufacturing,6.0040000000000004,Africa,Sao Tome and Principe
2023,SWZ,Agricultural & Foods,26999.199999999997,Africa,Eswatini
2023,SWZ,Art & Collectibles,34.242999999999995,Africa,Eswatini
2023,SWZ,Base Metals,656.878,Africa,Eswatini
2023,SWZ,Chemical & Pharmaceutical,408.632,Africa,Eswatini
2023,SWZ,Consumer Goods & Crafts,624.676,Africa,Eswatini
2023,SWZ,Industrial Equipment & Technology,1509.579,Africa,Eswatini
2023,SWZ,Textile & Apparel Manufacturing,1502.4009999999998,Africa,Eswatini
2023,SYC,Agricultural & Foods,276.935,Africa,Seychelles
2023,SYC,Art & Collectibles,112.095,Africa,Seychelles
2023,SYC,Base Metals,141.303,Africa,Seychelles
2023,SYC,Chemical & Pharmaceutical,7096.533,Africa,Seychelles
2023,SYC,Consumer Goods & Crafts,229.753,Africa,Seychelles
2023,SYC,Industrial Equipment & Technology,2156.594,Africa,Seychelles
2023,SYC,Textile & Apparel Manufacturing,55.469,Africa,Seychelles
2023,TCD,Agricultural & Foods,2189.645,Africa,Chad
2023,TCD,Art & Collectibles,75.489,Africa,Chad
2023,TCD,Chemical & Pharmaceutical,7.418,Africa,Chad
2023,TCD,Consumer Goods & Crafts,9.727,Africa,Chad
2023,TCD,Energy & Minerals,83694.799,Africa,Chad
2023,TCD,Industrial Equipment & Technology,345.651,Africa,Chad
2023,TGO,Agricultural & Foods,80074.93800000001,Africa,Togo
2023,TGO,Art & Collectibles,9.65,Africa,Togo
2023,TGO,Base Metals,126.383,Africa,Togo
2023,TGO,Chemical & Pharmaceutical,391.678,Africa,Togo
2023,TGO,Consumer Goods & Crafts,481.218,Africa,Togo
2023,TGO,Energy & Minerals,13.614,Africa,Togo
2023,TGO,Industrial Equipment & Technology,747.318,Africa,Togo
2023,TGO,Textile & Apparel Manufacturing,9613.538999999999,Africa,Togo
2023,TUN,Agricultural & Foods,225424.39200000002,Africa,Tunisia
2023,TUN,Art & Collectibles,748.66,Africa,Tunisia
2023,TUN,Base Metals,36098.210999999996,Africa,Tunisia
2023,TUN,Chemical & Pharmaceutical,145229.569,Africa,Tunisia
2023,TUN,Consumer Goods & Crafts,53343.226,Africa,Tunisia
2023,TUN,Energy & Minerals,88971.76299999999,Africa,Tunisia
2023,TUN,Industrial Equipment & Technology,256175.109,Africa,Tunisia
2023,TUN,Textile & Apparel Manufacturing,119281.55099999999,Africa,Tunisia
2023,TZA,Agricultural & Foods,11101.887,Africa,Tanzania
2023,TZA,Art & Collectibles,519.9300000000001,Africa,Tanzania
2023,TZA,Base Metals,1451.085,Africa,Tanzania
2023,TZA,Chemical & Pharmaceutical,10581.331999999999,Africa,Tanzania
2023,TZA,Consumer Goods & Crafts,53962.804,Africa,Tanzania
2023,TZA,Energy & Minerals,369.005,Africa,Tanzania
2023,TZA,Industrial Equipment & Technology,32554.807,Africa,Tanzania
2023,TZA,Textile & Apparel Manufacturing,95117.833,Africa,Tanzania
2023,UGA,Agricultural & Foods,12723.038999999999,Africa,Uganda
2023,UGA,Art & Collectibles,853.916,Africa,Uganda
2023,UGA,Base Metals,2981.172,Africa,Uganda
2023,UGA,Chemical & Pharmaceutical,16702.323,Africa,Uganda
2023,UGA,Consumer Goods & Crafts,4227.982,Africa,Uganda
2023,UGA,Energy & Minerals,11835.909000000001,Africa,Uganda
2023,UGA,Industrial Equipment & Technology,77671.957,Africa,Uganda
2023,UGA,Textile & Apparel Manufacturing,1986.656,Africa,Uganda
2023,ZAF,Agricultural & Foods,265727.038,Africa,South Africa
2023,ZAF,Art & Collectibles,35915.385,Africa,South Africa
2023,ZAF,Base Metals,1628921.061,Africa,South Africa
2023,ZAF,Chemical & Pharmaceutical,741934.706,Africa,South Africa
2023,ZAF,Consumer Goods & Crafts,6476221.677,Africa,South Africa
2023,ZAF,Energy & Minerals,784272.272,Africa,South Africa
2023,ZAF,Industrial Equipment & Technology,2522756.259,Africa,South Africa
2023,ZAF,Textile & Apparel Manufacturing,44001.159,Africa,South Africa
2023,ZMB,Agricultural & Foods,1910.026,Africa,Zambia
2023,ZMB,Art & Collectibles,168.046,Africa,Zambia
2023,ZMB,Base Metals,60376.398,Africa,Zambia
2023,ZMB,Chemical & Pharmaceutical,1335.312,Africa,Zambia
2023,ZMB,Consumer Goods & Crafts,113510.62599999999,Africa,Zambia
2023,ZMB,Energy & Minerals,7.631,Africa,Zambia
2023,ZMB,Industrial Equipment & Technology,8638.494,Africa,Zambia
2023,ZMB,Textile & Apparel Manufacturing,65.134,Africa,Zambia
2023,ZWE,Agricultural & Foods,40371.415,Africa,Zimbabwe
2023,ZWE,Art & Collectibles,741.795,Africa,Zimbabwe
2023,ZWE,Base Metals,62745.66,Africa,Zimbabwe
2023,ZWE,Chemical & Pharmaceutical,32.695,Africa,Zimbabwe
2023,ZWE,Consumer Goods & Crafts,5085.967,Africa,Zimbabwe
2023,ZWE,Energy & Minerals,1942.2250000000001,Africa,Zimbabwe
2023,ZWE,Industrial Equipment & Technology,5576.15,Africa,Zimbabwe
2023,ZWE,Textile & Apparel Manufacturing,1777.585,Africa,Zimbabwe
2024,AGO,Agricultural & Foods,1032.822,Africa,Angola
2024,AGO,Art & Collectibles,161.01299999999998,Africa,Angola
2024,AGO,Base Metals,27797.86,Africa,Angola
2024,AGO,Chemical & Pharmaceutical,732.476,Africa,Angola
2024,AGO,Consumer Goods & Crafts,103052.96399999999,Africa,Angola
2024,AGO,Energy & Minerals,1862806.066,Africa,Angola
2024,AGO,Industrial Equipment & Technology,711578.573,Africa,Angola
2024,AGO,Textile & Apparel Manufacturing,318.93399999999997,Africa,Angola
2024,BDI,Art & Collectibles,3.527,Africa,Burundi
2024,BDI,Consumer Goods & Crafts,17.369999999999997,Africa,Burundi
2024,BDI,Energy & Minerals,4.313,Africa,Burundi
2024,BDI,Industrial Equipment & Technology,3418.417,Africa,Burundi
2024,BDI,Textile & Apparel Manufacturing,337.625,Africa,Burundi
2024,BEN,Agricultural & Foods,35870.013999999996,Africa,Benin
2024,BEN,Art & Collectibles,97.83699999999999,Africa,Benin
2024,BEN,Base Metals,12963.042000000001,Africa,Benin
2024,BEN,Chemical & Pharmaceutical,19.808,Africa,Benin
2024,BEN,Consumer Goods & Crafts,354.49300000000005,Africa,Benin
2024,BEN,Energy & Minerals,8.248,Africa,Benin
2024,BEN,Industrial Equipment & Technology,20270.27,Africa,Benin
2024,BEN,Textile & Apparel Manufacturing,3037.588,Africa,Benin
2024,BFA,Agricultural & Foods,110.063,Africa,Burkina Faso
2024,BFA,Art & Collectibles,109.40299999999999,Africa,Burkina Faso
2024,BFA,Base Metals,3944.493,Africa,Burkina Faso
2024,BFA,Chemical & Pharmaceutical,20.331,Africa,Burkina Faso
2024,BFA,Consumer Goods & Crafts,39.723,Africa,Burkina Faso
2024,BFA,Energy & Minerals,2191.404,Africa,Burkina Faso
2024,BFA,Industrial Equipment & Technology,2622.533,Africa,Burkina Faso
2024,BFA,Textile & Apparel Manufacturing,10056.831,Africa,Burkina Faso
2024,BWA,Agricultural & Foods,2.501,Africa,Botswana
2024,BWA,Art & Collectibles,309.82899999999995,Africa,Botswana
2024,BWA,Chemical & Pharmaceutical,8.103,Africa,Botswana
2024,BWA,Consumer Goods & Crafts,412942.843,Africa,Botswana
2024,BWA,Industrial Equipment & Technology,422.087,Africa,Botswana
2024,CAF,Art & Collectibles,199.76,Africa,Central African Republic
2024,CAF,Base Metals,4634.476,Africa,Central African Republic
2024,CAF,Chemical & Pharmaceutical,122.53099999999999,Africa,Central African Republic
2024,CAF,Consumer Goods & Crafts,722.95,Africa,Central African Republic
2024,CAF,Industrial Equipment & Technology,342.67,Africa,Central African Republic
2024,CAF,Textile & Apparel Manufacturing,8.119,Africa,Central African Republic
2024,CIV,Agricultural & Foods,959577.434,Africa,Côte d'Ivoire
2024,CIV,Art & Collectibles,2863.236,Africa,Côte d'Ivoire
2024,CIV,Base Metals,54092.534,Africa,Côte d'Ivoire
2024,CIV,Chemical & Pharmaceutical,197470.075,Africa,Côte d'Ivoire
2024,CIV,Consumer Goods & Crafts,7771.115,Africa,Côte d'Ivoire
2024,CIV,Energy & Minerals,7.526000000000001,Africa,Côte d'Ivoire
2024,CIV,Industrial Equipment & Technology,9992.548,Africa,Côte d'Ivoire
2024,CIV,Textile & Apparel Manufacturing,178.582,Africa,Côte d'Ivoire
2024,CMR,Agricultural & Foods,64233.396,Africa,Cameroon
2024,CMR,Art & Collectibles,1950.2839999999999,Africa,Cameroon
2024,CMR,Base Metals,402.555,Africa,Cameroon
2024,CMR,Chemical & Pharmaceutical,8186.81,Africa,Cameroon
2024,CMR,Consumer Goods & Crafts,40147.183000000005,Africa,Cameroon
2024,CMR,Energy & Minerals,136893.688,Africa,Cameroon
2024,CMR,Industrial Equipment & Technology,3385.982,Africa,Cameroon
2024,CMR,Textile & Apparel Manufacturing,288.016,Africa,Cameroon
2024,COD,Agricultural & Foods,12006.524000000001,Africa,DR Congo
2024,COD,Art & Collectibles,1919.052,Africa,DR Congo
2024,COD,Base Metals,298754.253,Africa,DR Congo
2024,COD,Chemical & Pharmaceutical,1139.9009999999998,Africa,DR Congo
2024,COD,Consumer Goods & Crafts,10759.585,Africa,DR Congo
2024,COD,Energy & Minerals,5.502,Africa,DR Congo
2024,COD,Industrial Equipment & Technology,1775.846,Africa,DR Congo
2024,COD,Textile & Apparel Manufacturing,8.961,Africa,DR Congo
2024,COG,Agricultural & Foods,833.04,Africa,Congo Republic
2024,COG,Art & Collectibles,2794.437,Africa,Congo Republic
2024,COG,Base Metals,13314.983,Africa,Congo Republic
2024,COG,Chemical & Pharmaceutical,70.943,Africa,Congo Republic
2024,COG,Consumer Goods & Crafts,23523.734999999997,Africa,Congo Republic
2024,COG,Industrial Equipment & Technology,236.298,Africa,Congo Republic
2024,COG,Textile & Apparel Manufacturing,23.89,Africa,Congo Republic
2024,COM,Base Metals,5.129,Africa,Comoros
2024,COM,Chemical & Pharmaceutical,364.999,Africa,Comoros
2024,COM,Consumer Goods & Crafts,19.512999999999998,Africa,Comoros
2024,COM,Industrial Equipment & Technology,1395.574,Africa,Comoros
2024,COM,Textile & Apparel Manufacturing,72.98599999999999,Africa,Comoros
2024,CPV,Agricultural & Foods,3076.939,Africa,Cabo Verde
2024,CPV,Base Metals,34.873,Africa,Cabo Verde
2024,CPV,Chemical & Pharmaceutical,9.666,Africa,Cabo Verde
2024,CPV,Consumer Goods & Crafts,93.354,Africa,Cabo Verde
2024,CPV,Industrial Equipment & Technology,998.9490000000001,Africa,Cabo Verde
2024,CPV,Textile & Apparel Manufacturing,25.692,Africa,Cabo Verde
2024,DJI,Agricultural & Foods,385.574,Africa,Djibouti
2024,DJI,Art & Collectibles,3.075,Africa,Djibouti
2024,DJI,Chemical & Pharmaceutical,252.33599999999998,Africa,Djibouti
2024,DJI,Consumer Goods & Crafts,92.013,Africa,Djibouti
2024,DJI,Industrial Equipment & Technology,1036.6019999999999,Africa,Djibouti
2024,DZA,Agricultural & Foods,668.3340000000001,Africa,Algeria
2024,DZA,Art & Collectibles,401.432,Africa,Algeria
2024,DZA,Base Metals,95065.281,Africa,Algeria
2024,DZA,Chemical & Pharmaceutical,173091.64299999998,Africa,Algeria
2024,DZA,Consumer Goods & Crafts,7491.377,Africa,Algeria
2024,DZA,Energy & Minerals,2237091.224,Africa,Algeria
2024,DZA,Industrial Equipment & Technology,1010.9879999999999,Africa,Algeria
2024,DZA,Textile & Apparel Manufacturing,3.385,Africa,Algeria
2024,EGY,Agricultural & Foods,268707.34500000003,Africa,Egypt
2024,EGY,Art & Collectibles,22670.681,Africa,Egypt
2024,EGY,Base Metals,350311.06,Africa,Egypt
2024,EGY,Chemical & Pharmaceutical,387662.129,Africa,Egypt
2024,EGY,Consumer Goods & Crafts,175273.726,Africa,Egypt
2024,EGY,Energy & Minerals,146821.351,Africa,Egypt
2024,EGY,Industrial Equipment & Technology,61846.946,Africa,Egypt
2024,EGY,Textile & Apparel Manufacturing,1465101.264,Africa,Egypt
2024,ERI,Agricultural & Foods,143.886,Africa,Eritrea
2024,ERI,Base Metals,113.661,Africa,Eritrea
2024,ERI,Chemical & Pharmaceutical,33.321,Africa,Eritrea
2024,ERI,Consumer Goods & Crafts,5.46,Africa,Eritrea
2024,ERI,Industrial Equipment & Technology,399.409,Africa,Eritrea
2024,ERI,Textile & Apparel Manufacturing,32.241,Africa,Eritrea
2024,ETH,Agricultural & Foods,53815.637,Africa,Ethiopia
2024,ETH,Art & Collectibles,925.625,Africa,Ethiopia
2024,ETH,Base Metals,203.66400000000002,Africa,Ethiopia
2024,ETH,Chemical & Pharmaceutical,408.74899999999997,Africa,Ethiopia
2024,ETH,Consumer Goods & Crafts,8149.301,Africa,Ethiopia
2024,ETH,Energy & Minerals,157.195,Africa,Ethiopia
2024,ETH,Industrial Equipment & Technology,170918.457,Africa,Ethiopia
2024,ETH,Textile & Apparel Manufacturing,174628.613,Africa,Ethiopia
2024,GAB,Agricultural & Foods,66.21600000000001,Africa,Gabon
2024,GAB,Art & Collectibles,1915.731,Africa,Gabon
2024,GAB,Base Metals,359.077,Africa,Gabon
2024,GAB,Chemical & Pharmaceutical,7.235,Africa,Gabon
2024,GAB,Consumer Goods & Crafts,23570.386,Africa,Gabon
2024,GAB,Energy & Minerals,151538.213,Africa,Gabon
2024,GAB,Industrial Equipment & Technology,1318.1599999999999,Africa,Gabon
2024,GAB,Textile & Apparel Manufacturing,4.263,Africa,Gabon
2024,GHA,Agricultural & Foods,256714.074,Africa,Ghana
2024,GHA,Art & Collectibles,10274.679,Africa,Ghana
2024,GHA,Base Metals,41464.831,Africa,Ghana
2024,GHA,Chemical & Pharmaceutical,38110.619,Africa,Ghana
2024,GHA,Consumer Goods & Crafts,44939.864,Africa,Ghana
2024,GHA,Energy & Minerals,766811.3099999999,Africa,Ghana
2024,GHA,Industrial Equipment & Technology,1081.801,Africa,Ghana
2024,GHA,Textile & Apparel Manufacturing,42147.634,Africa,Ghana
2024,GIN,Agricultural & Foods,1335.343,Africa,Guinea
2024,GIN,Art & Collectibles,192.972,Africa,Guinea
2024,GIN,Base Metals,499.809,Africa,Guinea
2024,GIN,Chemical & Pharmaceutical,2578.735,Africa,Guinea
2024,GIN,Consumer Goods & Crafts,311.082,Africa,Guinea
2024,GIN,Industrial Equipment & Technology,987.797,Africa,Guinea
2024,GIN,Textile & Apparel Manufacturing,64.245,Africa,Guinea
2024,GMB,Agricultural & Foods,264.534,Africa,Gambia
2024,GMB,Base Metals,45.367,Africa,Gambia
2024,GMB,Chemical & Pharmaceutical,743.239,Africa,Gambia
2024,GMB,Consumer Goods & Crafts,55.632,Africa,Gambia
2024,GMB,Energy & Minerals,983.134,Africa,Gambia
2024,GMB,Industrial Equipment & Technology,119.821,Africa,Gambia
2024,GMB,Textile & Apparel Manufacturing,44.141,Africa,Gambia
2024,GNB,Consumer Goods & Crafts,15.419,Africa,Guinea-Bissau
2024,GNB,Industrial Equipment & Technology,79.704,Africa,Guinea-Bissau
2024,GNB,Textile & Apparel Manufacturing,24.428,Africa,Guinea-Bissau
2024,GNQ,Energy & Minerals,132955.174,Africa,Equatorial Guinea
2024,GNQ,Industrial Equipment & Technology,306.892,Africa,Equatorial Guinea
2024,GNQ,Textile & Apparel Manufacturing,0.678,Africa,Equatorial Guinea
2024,KEN,Agricultural & Foods,24154.394,Africa,Kenya
2024,KEN,Art & Collectibles,1502.282,Africa,Kenya
2024,KEN,Base Metals,29698.422,Africa,Kenya
2024,KEN,Chemical & Pharmaceutical,10547.15,Africa,Kenya
2024,KEN,Consumer Goods & Crafts,8880.444,Africa,Kenya
2024,KEN,Energy & Minerals,135267.058,Africa,Kenya
2024,KEN,Industrial Equipment & Technology,64900.791,Africa,Kenya
2024,KEN,Textile & Apparel Manufacturing,555912.64,Africa,Kenya
2024,LBR,Agricultural & Foods,974.3530000000001,Africa,Liberia
2024,LBR,Art & Collectibles,107.175,Africa,Liberia
2024,LBR,Base Metals,11.238,Africa,Liberia
2024,LBR,Chemical & Pharmaceutical,62962.689,Africa,Liberia
2024,LBR,Consumer Goods & Crafts,7831.605,Africa,Liberia
2024,LBR,Energy & Minerals,2.45,Africa,Liberia
2024,LBR,Industrial Equipment & Technology,331.66999999999996,Africa,Liberia
2024,LBR,Textile & Apparel Manufacturing,283.71799999999996,Africa,Liberia
2024,LBY,Agricultural & Foods,313.018,Africa,Libya
2024,LBY,Art & Collectibles,1119.414,Africa,Libya
2024,LBY,Base Metals,11.068,Africa,Libya
2024,LBY,Chemical & Pharmaceutical,5.093,Africa,Libya
2024,LBY,Consumer Goods & Crafts,11.881,Africa,Libya
2024,LBY,Energy & Minerals,1490437.775,Africa,Libya
2024,LBY,Industrial Equipment & Technology,44.212,Africa,Libya
2024,LBY,Textile & Apparel Manufacturing,1.835,Africa,Libya
2024,LSO,Agricultural & Foods,34.463,Africa,Lesotho
2024,LSO,Art & Collectibles,3.074,Africa,Lesotho
2024,LSO,Base Metals,0.336,Africa,Lesotho
2024,LSO,Chemical & Pharmaceutical,888.0840000000001,Africa,Lesotho
2024,LSO,Consumer Goods & Crafts,83240.377,Africa,Lesotho
2024,LSO,Energy & Minerals,0.005,Africa,Lesotho
2024,LSO,Industrial Equipment & Technology,1100.097,Africa,Lesotho
2024,LSO,Textile & Apparel Manufacturing,170036.056,Africa,Lesotho
2024,MAR,Agricultural & Foods,211730.271,Africa,Morocco
2024,MAR,Art & Collectibles,2840.051,Africa,Morocco
2024,MAR,Base Metals,205157.475,Africa,Morocco
2024,MAR,Chemical & Pharmaceutical,562988.956,Africa,Morocco
2024,MAR,Consumer Goods & Crafts,91892.376,Africa,Morocco
2024,MAR,Energy & Minerals,78905.939,Africa,Morocco
2024,MAR,Industrial Equipment & Technology,821538.662,Africa,Morocco
2024,MAR,Textile & Apparel Manufacturing,287939.978,Africa,Morocco
2024,MDG,Agricultural & Foods,8640.163,Africa,Madagascar
2024,MDG,Art & Collectibles,1223.436,Africa,Madagascar
2024,MDG,Base Metals,84482.275,Africa,Madagascar
2024,MDG,Chemical & Pharmaceutical,7904.4490000000005,Africa,Madagascar
2024,MDG,Consumer Goods & Crafts,63795.495,Africa,Madagascar
2024,MDG,Energy & Minerals,66243.572,Africa,Madagascar
2024,MDG,Industrial Equipment & Technology,102329.538,Africa,Madagascar
2024,MDG,Textile & Apparel Manufacturing,342419.81799999997,Africa,Madagascar
2024,MLI,Agricultural & Foods,2726.947,Africa,Mali
2024,MLI,Art & Collectibles,158.599,Africa,Mali
2024,MLI,Base Metals,363.177,Africa,Mali
2024,MLI,Chemical & Pharmaceutical,60.07,Africa,Mali
2024,MLI,Consumer Goods & Crafts,485.814,Africa,Mali
2024,MLI,Energy & Minerals,77.16,Africa,Mali
2024,MLI,Industrial Equipment & Technology,1087.3310000000001,Africa,Mali
2024,MLI,Textile & Apparel Manufacturing,103.198,Africa,Mali
2024,MOZ,Agricultural & Foods,30878.376,Africa,Mozambique
2024,MOZ,Art & Collectibles,230.7,Africa,Mozambique
2024,MOZ,Base Metals,1576.3359999999998,Africa,Mozambique
2024,MOZ,Chemical & Pharmaceutical,698.098,Africa,Mozambique
2024,MOZ,Consumer Goods & Crafts,121872.232,Africa,Mozambique
2024,MOZ,Energy & Minerals,71320.71,Africa,Mozambique
2024,MOZ,Industrial Equipment & Technology,2330.041,Africa,Mozambique
2024,MOZ,Textile & Apparel Manufacturing,81.495,Africa,Mozambique
2024,MRT,Agricultural & Foods,876.629,Africa,Mauritania
2024,MRT,Art & Collectibles,189.485,Africa,Mauritania
2024,MRT,Base Metals,18.342,Africa,Mauritania
2024,MRT,Chemical & Pharmaceutical,46.767,Africa,Mauritania
2024,MRT,Consumer Goods & Crafts,774.9300000000001,Africa,Mauritania
2024,MRT,Industrial Equipment & Technology,722.382,Africa,Mauritania
2024,MRT,Textile & Apparel Manufacturing,179.716,Africa,Mauritania
2024,MUS,Agricultural & Foods,133603.415,Africa,Mauritius
2024,MUS,Art & Collectibles,420.697,Africa,Mauritius
2024,MUS,Base Metals,454.32099999999997,Africa,Mauritius
2024,MUS,Chemical & Pharmaceutical,21669.437,Africa,Mauritius
2024,MUS,Consumer Goods & Crafts,34931.849,Africa,Mauritius
2024,MUS,Energy & Minerals,157.084,Africa,Mauritius
2024,MUS,Industrial Equipment & Technology,19150.664,Africa,Mauritius
2024,MUS,Textile & Apparel Manufacturing,41685.613,Africa,Mauritius
2024,MWI,Agricultural & Foods,25581.252,Africa,Malawi
2024,MWI,Art & Collectibles,23.936999999999998,Africa,Malawi
2024,MWI,Base Metals,4954.367,Africa,Malawi
2024,MWI,Chemical & Pharmaceutical,30.993000000000002,Africa,Malawi
2024,MWI,Consumer Goods & Crafts,1487.7689999999998,Africa,Malawi
2024,MWI,Energy & Minerals,2.918,Africa,Malawi
2024,MWI,Industrial Equipment & Technology,11058.332999999999,Africa,Malawi
2024,MWI,Textile & Apparel Manufacturing,55.086,Africa,Malawi
2024,NAM,Agricultural & Foods,2074.939,Africa,Namibia
2024,NAM,Art & Collectibles,340.584,Africa,Namibia
2024,NAM,Base Metals,413.38399999999996,Africa,Namibia
2024,NAM,Chemical & Pharmaceutical,5827.842,Africa,Namibia
2024,NAM,Consumer Goods & Crafts,65940.325,Africa,Namibia
2024,NAM,Energy & Minerals,86807.209,Africa,Namibia
2024,NAM,Industrial Equipment & Technology,5513.181,Africa,Namibia
2024,NAM,Textile & Apparel Manufacturing,172.121,Africa,Namibia
2024,NER,Agricultural & Foods,854.801,Africa,Niger
2024,NER,Art & Collectibles,162.05,Africa,Niger
2024,NER,Base Metals,82.96799999999999,Africa,Niger
2024,NER,Chemical & Pharmaceutical,221.129,Africa,Niger
2024,NER,Consumer Goods & Crafts,214.358,Africa,Niger
2024,NER,Energy & Minerals,70.151,Africa,Niger
2024,NER,Industrial Equipment & Technology,4306.687,Africa,Niger
2024,NER,Textile & Apparel Manufacturing,300.742,Africa,Niger
2024,NGA,Agricultural & Foods,141316.03,Africa,Nigeria
2024,NGA,Art & Collectibles,8762.58,Africa,Nigeria
2024,NGA,Base Metals,108848.29800000001,Africa,Nigeria
2024,NGA,Chemical & Pharmaceutical,193193.555,Africa,Nigeria
2024,NGA,Consumer Goods & Crafts,14959.631,Africa,Nigeria
2024,NGA,Energy & Minerals,5525261.268,Africa,Nigeria
2024,NGA,Industrial Equipment & Technology,2432.504,Africa,Nigeria
2024,NGA,Textile & Apparel Manufacturing,11488.73,Africa,Nigeria
2024,RWA,Agricultural & Foods,4954.523999999999,Africa,Rwanda
2024,RWA,Art & Collectibles,136.74699999999999,Africa,Rwanda
2024,RWA,Base Metals,3729.7960000000003,Africa,Rwanda
2024,RWA,Chemical & Pharmaceutical,58.690999999999995,Africa,Rwanda
2024,RWA,Consumer Goods & Crafts,1513.484,Africa,Rwanda
2024,RWA,Industrial Equipment & Technology,19373.891,Africa,Rwanda
2024,RWA,Textile & Apparel Manufacturing,537.112,Africa,Rwanda
2024,SDN,Agricultural & Foods,13195.171,Africa,Sudan
2024,SDN,Art & Collectibles,2.704,Africa,Sudan
2024,SEN,Agricultural & Foods,60828.09100000001,Africa,Senegal
2024,SEN,Art & Collectibles,875.145,Africa,Senegal
2024,SEN,Base Metals,6553.500999999999,Africa,Senegal
2024,SEN,Chemical & Pharmaceutical,20352.523,Africa,Senegal
2024,SEN,Consumer Goods & Crafts,1891.499,Africa,Senegal
2024,SEN,Energy & Minerals,103424.12,Africa,Senegal
2024,SEN,Industrial Equipment & Technology,3595.729,Africa,Senegal
2024,SEN,Textile & Apparel Manufacturing,85461.525,Africa,Senegal
2024,SLE,Agricultural & Foods,4539.023,Africa,Sierra Leone
2024,SLE,Art & Collectibles,21.702,Africa,Sierra Leone
2024,SLE,Base Metals,270.247,Africa,Sierra Leone
2024,SLE,Chemical & Pharmaceutical,1375.6200000000001,Africa,Sierra Leone
2024,SLE,Consumer Goods & Crafts,6036.518,Africa,Sierra Leone
2024,SLE,Energy & Minerals,11866.201000000001,Africa,Sierra Leone
2024,SLE,Industrial Equipment & Technology,4886.923,Africa,Sierra Leone
2024,SLE,Textile & Apparel Manufacturing,46.708999999999996,Africa,Sierra Leone
2024,SOM,Agricultural & Foods,713.3040000000001,Africa,Somalia
2024,SOM,Art & Collectibles,288.534,Africa,Somalia
2024,SOM,Base Metals,41.41,Africa,Somalia
2024,SOM,Chemical & Pharmaceutical,73.624,Africa,Somalia
2024,SOM,Consumer Goods & Crafts,222.396,Africa,Somalia
2024,SOM,Industrial Equipment & Technology,1177.979,Africa,Somalia
2024,SOM,Textile & Apparel Manufacturing,22.404999999999998,Africa,Somalia
2024,SSD,Agricultural & Foods,595.048,Africa,South Sudan
2024,SSD,Art & Collectibles,145.094,Africa,South Sudan
2024,SSD,Consumer Goods & Crafts,41.023,Africa,South Sudan
2024,SSD,Industrial Equipment & Technology,18.066,Africa,South Sudan
2024,SSD,Textile & Apparel Manufacturing,2.705,Africa,South Sudan
2024,STP,Agricultural & Foods,82.585,Africa,Sao Tome and Principe
2024,STP,Base Metals,10.853,Africa,Sao Tome and Principe
2024,STP,Chemical & Pharmaceutical,9.875,Africa,Sao Tome and Principe
2024,STP,Consumer Goods & Crafts,43.597,Africa,Sao Tome and Principe
2024,STP,Energy & Minerals,2.308,Africa,Sao Tome and Principe
2024,STP,Industrial Equipment & Technology,390.12,Africa,Sao Tome and Principe
2024,SWZ,Agricultural & Foods,15329.287,Africa,Eswatini
2024,SWZ,Art & Collectibles,2.537,Africa,Eswatini
2024,SWZ,Base Metals,257.507,Africa,Eswatini
2024,SWZ,Chemical & Pharmaceutical,1513.32,Africa,Eswatini
2024,SWZ,Consumer Goods & Crafts,540.804,Africa,Eswatini
2024,SWZ,Industrial Equipment & Technology,1562.757,Africa,Eswatini
2024,SWZ,Textile & Apparel Manufacturing,3832.8379999999997,Africa,Eswatini
2024,SYC,Agricultural & Foods,349.063,Africa,Seychelles
2024,SYC,Art & Collectibles,27.97,Africa,Seychelles
2024,SYC,Base Metals,124.61699999999999,Africa,Seychelles
2024,SYC,Chemical & Pharmaceutical,2419.944,Africa,Seychelles
2024,SYC,Consumer Goods & Crafts,288.734,Africa,Seychelles
2024,SYC,Industrial Equipment & Technology,2934.062,Africa,Seychelles
2024,SYC,Textile & Apparel Manufacturing,137.803,Africa,Seychelles
2024,TCD,Agricultural & Foods,3957.955,Africa,Chad
2024,TCD,Art & Collectibles,8.001,Africa,Chad
2024,TCD,Base Metals,5.075,Africa,Chad
2024,TCD,Chemical & Pharmaceutical,281.03,Africa,Chad
2024,TCD,Consumer Goods & Crafts,25.544,Africa,Chad
2024,TCD,Energy & Minerals,78216.077,Africa,Chad
2024,TCD,Industrial Equipment & Technology,78.77300000000001,Africa,Chad
2024,TCD,Textile & Apparel Manufacturing,3.106,Africa,Chad
2024,TGO,Agricultural & Foods,49562.796,Africa,Togo
2024,TGO,Art & Collectibles,7.987,Africa,Togo
2024,TGO,Base Metals,235.315,Africa,Togo
2024,TGO,Chemical & Pharmaceutical,305.15200000000004,Africa,Togo
2024,TGO,Consumer Goods & Crafts,760.553,Africa,Togo
2024,TGO,Energy & Minerals,0.302,Africa,Togo
2024,TGO,Industrial Equipment & Technology,943.028,Africa,Togo
2024,TGO,Textile & Apparel Manufacturing,9124.626,Africa,Togo
2024,TUN,Agricultural & Foods,490164.71099999995,Africa,Tunisia
2024,TUN,Art & Collectibles,526.43,Africa,Tunisia
2024,TUN,Base Metals,48188.019,Africa,Tunisia
2024,TUN,Chemical & Pharmaceutical,103026.275,Africa,Tunisia
2024,TUN,Consumer Goods & Crafts,52482.178,Africa,Tunisia
2024,TUN,Energy & Minerals,12923.907,Africa,Tunisia
2024,TUN,Industrial Equipment & Technology,295112.811,Africa,Tunisia
2024,TUN,Textile & Apparel Manufacturing,104288.101,Africa,Tunisia
2024,TZA,Agricultural & Foods,23898.303,Africa,Tanzania
2024,TZA,Art & Collectibles,361.663,Africa,Tanzania
2024,TZA,Base Metals,713.6700000000001,Africa,Tanzania
2024,TZA,Chemical & Pharmaceutical,10906.677,Africa,Tanzania
2024,TZA,Consumer Goods & Crafts,53310.066000000006,Africa,Tanzania
2024,TZA,Energy & Minerals,53.424,Africa,Tanzania
2024,TZA,Industrial Equipment & Technology,41972.52,Africa,Tanzania
2024,TZA,Textile & Apparel Manufacturing,88130.074,Africa,Tanzania
2024,UGA,Agricultural & Foods,6444.654,Africa,Uganda
2024,UGA,Art & Collectibles,382.449,Africa,Uganda
2024,UGA,Base Metals,2845.372,Africa,Uganda
2024,UGA,Chemical & Pharmaceutical,9636.086,Africa,Uganda
2024,UGA,Consumer Goods & Crafts,1008.86,Africa,Uganda
2024,UGA,Energy & Minerals,29217.893000000004,Africa,Uganda
2024,UGA,Industrial Equipment & Technology,109537.92,Africa,Uganda
2024,UGA,Textile & Apparel Manufacturing,1986.3180000000002,Africa,Uganda
2024,ZAF,Agricultural & Foods,321440.994,Africa,South Africa
2024,ZAF,Art & Collectibles,26086.37,Africa,South Africa
2024,ZAF,Base Metals,1382542.358,Africa,South Africa
2024,ZAF,Chemical & Pharmaceutical,597659.287,Africa,South Africa
2024,ZAF,Consumer Goods & Crafts,8516255.202,Africa,South Africa
2024,ZAF,Energy & Minerals,777545.824,Africa,South Africa
2024,ZAF,Industrial Equipment & Technology,2694995.037,Africa,South Africa
2024,ZAF,Textile & Apparel Manufacturing,43667.015,Africa,South Africa
2024,ZMB,Agricultural & Foods,2039.5339999999999,Africa,Zambia
2024,ZMB,Art & Collectibles,121.327,Africa,Zambia
2024,ZMB,Base Metals,31445.011,Africa,Zambia
2024,ZMB,Chemical & Pharmaceutical,906.032,Africa,Zambia
2024,ZMB,Consumer Goods & Crafts,142030.21800000002,Africa,Zambia
2024,ZMB,Energy & Minerals,21.755,Africa,Zambia
2024,ZMB,Industrial Equipment & Technology,11635.842,Africa,Zambia
2024,ZMB,Textile & Apparel Manufacturing,189.211,Africa,Zambia
2024,ZWE,Agricultural & Foods,56760.40700000001,Africa,Zimbabwe
2024,ZWE,Art & Collectibles,1735.852,Africa,Zimbabwe
2024,ZWE,Base Metals,403.832,Africa,Zimbabwe
2024,ZWE,Chemical & Pharmaceutical,54.966,Africa,Zimbabwe
2024,ZWE,Consumer Goods & Crafts,2611.297,Africa,Zimbabwe
2024,ZWE,Energy & Minerals,601.457,Africa,Zimbabwe
2024,ZWE,Industrial Equipment & Technology,5295.08,Africa,Zimbabwe
2024,ZWE,Textile & Apparel Manufacturing,1555.941,Africa,Zimbabwe
